{"stats":{"minecraft:dropped":{"minecraft:bread":5,"minecraft:wheat_seeds":19,"born_in_chaos_v1:nightmare_claw":3,"born_in_chaos_v1:monster_skin":7,"minecraft:cornflower":1,"born_in_chaos_v1:fused_bone":2,"minecraft:bone_meal":10,"minecraft:iron_pickaxe":1,"minecraft:gold_ingot":6,"minecraft:moss_carpet":1,"minecraft:stone_sword":2,"born_in_chaos_v1:smoked_fish":9,"minecraft:stone_shovel":1,"born_in_chaos_v1:smoked_flesh":5,"minecraft:iron_boots":1,"supplementaries:flax_seeds":7,"minecraft:golden_leggings":1,"minecraft:spider_eye":1,"minecraft:stone_pickaxe":1},"minecraft:used":{"minecraft:stone_sword":632,"minecraft:shield":8,"minecraft:iron_sword":217,"minecraft:cooked_salmon":7,"minecraft:cooked_chicken":1,"minecraft:stone_hoe":41,"minecraft:torch":19,"minecraft:dirt":1,"minecraft:carrot":17,"born_in_chaos_v1:corpse_maggot":9,"born_in_chaos_v1:smoked_flesh":3,"born_in_chaos_v1:mint_candy":2,"minecraft:bow":11,"minecraft:furnace":2,"minecraft:egg":7,"minecraft:wheat_seeds":14,"minecraft:cooked_mutton":6,"minecraft:stone_pickaxe":159,"minecraft:wooden_pickaxe":17,"minecraft:crafting_table":5,"minecraft:apple":1,"minecraft:acacia_door":1,"born_in_chaos_v1:monster_flesh":1,"minecraft:bread":17,"minecraft:melon_slice":33,"travelersbackpack:white_sleeping_bag":1,"supplementaries:flax_seeds":6,"minecraft:pink_bed":1,"minecraft:stone_axe":154,"minecraft:cobblestone":62,"minecraft:white_banner":1,"alexsmobs:animal_dictionary":1,"minecraft:bone_meal":2},"minecraft:broken":{"minecraft:stone_sword":3},"minecraft:mined":{"minecraft:jungle_leaves":2,"minecraft:granite":1,"minecraft:glow_lichen":1,"minecraft:acacia_log":6,"minecraft:grass_block":23,"minecraft:jungle_log":23,"minecraft:tall_seagrass":5,"minecraft:carrots":6,"minecraft:iron_ore":60,"minecraft:andesite":3,"minecraft:moss_carpet":2,"minecraft:pumpkin":2,"minecraft:brown_bed":1,"minecraft:deepslate_iron_ore":1,"minecraft:pointed_dripstone":1,"minecraft:vine":3,"minecraft:stone":38,"minecraft:dandelion":3,"minecraft:melon":7,"minecraft:tall_grass":16,"minecraft:copper_ore":18,"minecraft:cobblestone":4,"minecraft:oak_planks":1,"minecraft:diorite":3,"minecraft:wall_torch":1,"supplementaries:urn":5,"minecraft:seagrass":6,"minecraft:birch_log":16,"minecraft:wheat":6,"minecraft:birch_leaves":4,"minecraft:grass":150,"minecraft:oak_log":79,"minecraft:coal_ore":29,"minecraft:cocoa":1,"minecraft:sand":2,"minecraft:dirt":1,"minecraft:oak_leaves":34,"minecraft:fern":5},"minecraft:picked_up":{"born_in_chaos_v1:diamond_termite_shard":1,"minecraft:crafting_table":2,"minecraft:cocoa_beans":3,"minecraft:iron_chestplate":6,"minecraft:wheat":10,"born_in_chaos_v1:smoked_monster_flesh":5,"minecraft:chicken":7,"minecraft:wooden_pickaxe":2,"minecraft:brown_bed":2,"minecraft:chain":1,"minecraft:shield":1,"minecraft:cornflower":1,"born_in_chaos_v1:black_argillite":1,"minecraft:string":37,"minecraft:moss_carpet":1,"minecraft:raw_copper":58,"minecraft:cooked_salmon":6,"minecraft:iron_leggings":5,"born_in_chaos_v1:intoxicating_decoction":8,"minecraft:gold_nugget":17,"minecraft:bucket":1,"minecraft:cobblestone_slab":1,"minecraft:iron_pickaxe":1,"minecraft:melon_slice":85,"minecraft:birch_sapling":8,"minecraft:furnace":1,"minecraft:mangrove_log":1,"minecraft:iron_boots":6,"minecraft:egg":9,"minecraft:stick":92,"minecraft:raw_iron":88,"born_in_chaos_v1:shattered_skull":1,"minecraft:copper_ingot":3,"minecraft:torch":52,"minecraft:acacia_log":7,"minecraft:porkchop":6,"born_in_chaos_v1:pieceofdarkmetal":1,"minecraft:carrot":42,"minecraft:pointed_dripstone":3,"minecraft:diorite":1,"born_in_chaos_v1:nightmare_claw":3,"minecraft:rotten_flesh":93,"minecraft:stone_shovel":2,"minecraft:stone_sword":7,"minecraft:arrow":70,"minecraft:gold_ingot":6,"supplementaries:ash":7,"minecraft:mutton":6,"minecraft:white_wool":5,"minecraft:cobblestone":370,"born_in_chaos_v1:fused_bone":2,"minecraft:birch_log":50,"born_in_chaos_v1:corpse_maggot":14,"minecraft:feather":15,"born_in_chaos_v1:monster_flesh":11,"minecraft:andesite":2,"minecraft:salmon":23,"minecraft:jungle_log":23,"minecraft:leather":2,"minecraft:potato":9,"minecraft:oak_log":88,"supplementaries:flax_seeds":62,"minecraft:horn_coral":1,"minecraft:lapis_lazuli":144,"minecraft:dirt":39,"minecraft:white_banner":1,"born_in_chaos_v1:monster_skin":8,"minecraft:cooked_mutton":5,"minecraft:bone":55,"minecraft:acacia_planks":67,"minecraft:apple":1,"minecraft:wheat_seeds":99,"minecraft:stone_pickaxe":5,"minecraft:iron_ingot":1,"born_in_chaos_v1:smoked_flesh":6,"minecraft:cooked_chicken":5,"minecraft:bamboo":25,"minecraft:stone_hoe":2,"born_in_chaos_v1:mint_candy":2,"minecraft:iron_sword":3,"minecraft:oak_planks":71,"minecraft:pink_bed":1,"minecraft:pumpkin":4,"born_in_chaos_v1:ethereal_spirit":7,"minecraft:dandelion":2,"minecraft:sand":3,"minecraft:jungle_planks":6,"minecraft:stripped_spruce_log":2,"minecraft:spider_eye":4,"travelersbackpack:white_sleeping_bag":1,"quark:cobblestone_bricks":4,"minecraft:stone_axe":3,"minecraft:iron_helmet":6,"minecraft:bone_meal":8,"minecraft:emerald":3,"minecraft:bread":19,"minecraft:oak_sapling":2,"born_in_chaos_v1:rotten_fish":11,"minecraft:coal":134},"minecraft:killed_by":{"born_in_chaos_v1:diamond_termite":1,"born_in_chaos_v1:sir_pumpkinhead":1,"minecraft:skeleton":3,"minecraft:zombie":1,"born_in_chaos_v1:corpse_fish":2,"born_in_chaos_v1:dread_hound":1},"minecraft:crafted":{"minecraft:oak_planks":332,"minecraft:cooked_chicken":5,"minecraft:furnace":2,"minecraft:bone_meal":33,"born_in_chaos_v1:smoked_monster_flesh":12,"minecraft:cooked_mutton":6,"minecraft:bow":1,"quark:cobblestone_bricks":4,"minecraft:stone_pickaxe":4,"minecraft:stone_hoe":1,"born_in_chaos_v1:smoked_fish":13,"minecraft:crafting_table":5,"minecraft:spruce_planks":8,"minecraft:wooden_pickaxe":1,"minecraft:iron_sword":1,"minecraft:cooked_salmon":10,"minecraft:copper_ingot":4,"minecraft:stone_axe":2,"minecraft:air":0,"minecraft:shield":1,"minecraft:stick":68,"born_in_chaos_v1:smoked_flesh":15,"minecraft:iron_ingot":33,"minecraft:stone_sword":6,"minecraft:acacia_door":3,"minecraft:iron_leggings":1,"minecraft:acacia_planks":28,"minecraft:torch":16},"minecraft:killed":{"born_in_chaos_v1:zombie_clown":1,"born_in_chaos_v1:mr_pumpkin":1,"born_in_chaos_v1:restless_spirit":4,"born_in_chaos_v1:zombie_lumberjack":1,"born_in_chaos_v1:door_knight_not_despawn":1,"minecraft:spider":5,"born_in_chaos_v1:zombie_bruiser":1,"born_in_chaos_v1:maggot":6,"minecraft:skeleton":8,"minecraft:chicken":3,"minecraft:drowned":1,"born_in_chaos_v1:corpse_fish":6,"born_in_chaos_v1:diamond_termite":2,"born_in_chaos_v1:baby_skeleton":1,"minecraft:salmon":13,"minecraft:bat":1,"born_in_chaos_v1:decrepit_skeleton":4,"born_in_chaos_v1:zombie_fisherman":1,"minecraft:pillager":1,"minecraft:zombie":13,"born_in_chaos_v1:dread_hound":2,"born_in_chaos_v1:corpse_fly":6,"endofherobrine:chicken":1,"born_in_chaos_v1:nightmare_stalker":1,"alexsmobs:fly":1,"endofherobrine:sheep":4,"endofherobrine:cow":1},"minecraft:custom":{"minecraft:mob_kills":98,"minecraft:interact_with_crafting_table":51,"minecraft:open_barrel":18,"minecraft:damage_dealt_resisted":656,"minecraft:leave_game":6,"minecraft:time_since_death":84071,"minecraft:climb_one_cm":1696,"minecraft:sprint_one_cm":502799,"minecraft:walk_one_cm":1063243,"minecraft:damage_blocked_by_shield":315,"minecraft:drop":55,"minecraft:play_time":232989,"minecraft:sneak_time":1037,"minecraft:deaths":11,"minecraft:walk_under_water_one_cm":61365,"minecraft:boat_one_cm":186653,"minecraft:jump":2480,"minecraft:walk_on_water_one_cm":69440,"minecraft:total_world_time":232989,"minecraft:interact_with_furnace":43,"minecraft:interact_with_cartography_table":1,"minecraft:sleep_in_bed":5,"minecraft:time_since_rest":39475,"minecraft:damage_taken":5350,"minecraft:damage_dealt":16084,"minecraft:swim_one_cm":1167,"minecraft:fly_one_cm":193731,"minecraft:open_chest":98,"minecraft:crouch_one_cm":960,"minecraft:interact_with_smoker":17,"minecraft:fall_one_cm":34874}},"DataVersion":3465}