{"stats":{"minecraft:dropped":{"minecraft:bread":5,"born_in_chaos_v1:nightmare_claw":3,"born_in_chaos_v1:monster_skin":7,"born_in_chaos_v1:fused_bone":2,"minecraft:bone_meal":10,"minecraft:iron_pickaxe":1,"minecraft:gold_ingot":2,"minecraft:moss_carpet":1,"minecraft:stone_sword":2,"minecraft:stone_shovel":1,"minecraft:iron_boots":1,"minecraft:golden_leggings":1,"minecraft:spider_eye":1},"minecraft:used":{"minecraft:stone_sword":573,"minecraft:shield":8,"minecraft:iron_sword":217,"minecraft:cooked_salmon":7,"minecraft:cooked_chicken":1,"minecraft:stone_hoe":41,"minecraft:torch":6,"minecraft:dirt":1,"minecraft:carrot":13,"born_in_chaos_v1:corpse_maggot":9,"born_in_chaos_v1:smoked_flesh":2,"born_in_chaos_v1:mint_candy":2,"minecraft:furnace":2,"minecraft:egg":7,"minecraft:wheat_seeds":14,"minecraft:cooked_mutton":6,"minecraft:stone_pickaxe":92,"minecraft:wooden_pickaxe":17,"minecraft:crafting_table":5,"minecraft:apple":1,"minecraft:acacia_door":1,"born_in_chaos_v1:monster_flesh":1,"minecraft:bread":13,"minecraft:melon_slice":9,"minecraft:pink_bed":1,"minecraft:stone_axe":62,"minecraft:cobblestone":21,"minecraft:white_banner":1,"alexsmobs:animal_dictionary":1,"minecraft:bone_meal":2},"minecraft:broken":{"minecraft:stone_sword":3},"minecraft:mined":{"minecraft:jungle_leaves":2,"minecraft:glow_lichen":1,"minecraft:acacia_log":6,"minecraft:grass_block":23,"minecraft:jungle_log":23,"minecraft:tall_seagrass":5,"minecraft:carrots":2,"minecraft:iron_ore":21,"minecraft:moss_carpet":2,"minecraft:pumpkin":2,"minecraft:brown_bed":1,"minecraft:pointed_dripstone":1,"minecraft:vine":3,"minecraft:stone":26,"minecraft:dandelion":3,"minecraft:melon":7,"minecraft:tall_grass":16,"minecraft:copper_ore":18,"minecraft:cobblestone":4,"minecraft:diorite":1,"minecraft:wall_torch":1,"minecraft:seagrass":6,"minecraft:birch_log":16,"minecraft:birch_leaves":4,"minecraft:grass":147,"minecraft:oak_log":36,"minecraft:coal_ore":25,"minecraft:cocoa":1,"minecraft:sand":2,"minecraft:dirt":1,"minecraft:oak_leaves":24,"minecraft:fern":5},"minecraft:picked_up":{"minecraft:crafting_table":2,"minecraft:cocoa_beans":3,"minecraft:iron_chestplate":6,"minecraft:wheat":4,"minecraft:chicken":6,"minecraft:wooden_pickaxe":2,"minecraft:brown_bed":2,"minecraft:chain":1,"minecraft:shield":1,"born_in_chaos_v1:black_argillite":1,"minecraft:string":35,"minecraft:moss_carpet":1,"minecraft:raw_copper":58,"minecraft:cooked_salmon":6,"minecraft:iron_leggings":5,"born_in_chaos_v1:intoxicating_decoction":8,"minecraft:bucket":1,"minecraft:cobblestone_slab":1,"minecraft:iron_pickaxe":1,"minecraft:melon_slice":85,"minecraft:birch_sapling":8,"minecraft:furnace":1,"minecraft:mangrove_log":1,"minecraft:iron_boots":6,"minecraft:egg":9,"minecraft:stick":92,"minecraft:raw_iron":49,"minecraft:copper_ingot":3,"minecraft:torch":52,"minecraft:acacia_log":7,"minecraft:porkchop":6,"minecraft:carrot":26,"minecraft:pointed_dripstone":3,"minecraft:diorite":1,"born_in_chaos_v1:nightmare_claw":3,"minecraft:rotten_flesh":85,"minecraft:stone_shovel":2,"minecraft:stone_sword":7,"minecraft:arrow":67,"minecraft:gold_ingot":4,"supplementaries:ash":2,"minecraft:mutton":6,"minecraft:white_wool":5,"minecraft:cobblestone":359,"born_in_chaos_v1:fused_bone":2,"minecraft:birch_log":50,"born_in_chaos_v1:corpse_maggot":12,"minecraft:feather":15,"born_in_chaos_v1:monster_flesh":11,"minecraft:andesite":2,"minecraft:salmon":23,"minecraft:jungle_log":23,"minecraft:leather":2,"minecraft:potato":8,"minecraft:oak_log":45,"supplementaries:flax_seeds":62,"minecraft:horn_coral":1,"minecraft:lapis_lazuli":144,"minecraft:dirt":39,"minecraft:white_banner":1,"born_in_chaos_v1:monster_skin":8,"minecraft:cooked_mutton":5,"minecraft:bone":47,"minecraft:acacia_planks":67,"minecraft:apple":1,"minecraft:wheat_seeds":61,"minecraft:stone_pickaxe":5,"minecraft:iron_ingot":1,"born_in_chaos_v1:smoked_flesh":6,"minecraft:cooked_chicken":5,"minecraft:bamboo":25,"minecraft:stone_hoe":2,"born_in_chaos_v1:mint_candy":2,"minecraft:iron_sword":3,"minecraft:oak_planks":70,"minecraft:pink_bed":1,"minecraft:pumpkin":4,"born_in_chaos_v1:ethereal_spirit":5,"minecraft:dandelion":2,"minecraft:sand":3,"minecraft:jungle_planks":6,"minecraft:stripped_spruce_log":2,"minecraft:spider_eye":4,"quark:cobblestone_bricks":4,"minecraft:stone_axe":3,"minecraft:iron_helmet":6,"minecraft:bone_meal":8,"minecraft:emerald":3,"minecraft:bread":19,"minecraft:oak_sapling":2,"born_in_chaos_v1:rotten_fish":11,"minecraft:coal":131},"minecraft:killed_by":{"born_in_chaos_v1:diamond_termite":1,"born_in_chaos_v1:sir_pumpkinhead":1,"minecraft:skeleton":3,"minecraft:zombie":1,"born_in_chaos_v1:corpse_fish":2,"born_in_chaos_v1:dread_hound":1},"minecraft:crafted":{"minecraft:oak_planks":160,"minecraft:cooked_chicken":4,"minecraft:furnace":1,"minecraft:bone_meal":9,"minecraft:cooked_mutton":6,"quark:cobblestone_bricks":4,"minecraft:stone_pickaxe":2,"minecraft:stone_hoe":1,"minecraft:crafting_table":4,"minecraft:spruce_planks":8,"minecraft:wooden_pickaxe":1,"minecraft:iron_sword":1,"minecraft:cooked_salmon":10,"minecraft:copper_ingot":4,"minecraft:stone_axe":2,"minecraft:air":0,"minecraft:shield":1,"minecraft:stick":40,"born_in_chaos_v1:smoked_flesh":5,"minecraft:iron_ingot":33,"minecraft:stone_sword":6,"minecraft:acacia_door":3,"minecraft:iron_leggings":1,"minecraft:acacia_planks":28},"minecraft:killed":{"born_in_chaos_v1:zombie_clown":1,"born_in_chaos_v1:mr_pumpkin":1,"born_in_chaos_v1:restless_spirit":2,"born_in_chaos_v1:zombie_lumberjack":1,"minecraft:spider":4,"born_in_chaos_v1:zombie_bruiser":1,"born_in_chaos_v1:maggot":6,"minecraft:skeleton":3,"minecraft:chicken":2,"minecraft:drowned":1,"born_in_chaos_v1:corpse_fish":6,"born_in_chaos_v1:baby_skeleton":1,"minecraft:salmon":13,"minecraft:bat":1,"born_in_chaos_v1:decrepit_skeleton":1,"born_in_chaos_v1:zombie_fisherman":1,"minecraft:pillager":1,"minecraft:zombie":12,"born_in_chaos_v1:dread_hound":2,"born_in_chaos_v1:corpse_fly":5,"endofherobrine:chicken":1,"born_in_chaos_v1:nightmare_stalker":1,"endofherobrine:cow":1},"minecraft:custom":{"minecraft:mob_kills":76,"minecraft:interact_with_crafting_table":44,"minecraft:open_barrel":6,"minecraft:damage_dealt_resisted":341,"minecraft:leave_game":6,"minecraft:time_since_death":36071,"minecraft:climb_one_cm":1016,"minecraft:sprint_one_cm":384011,"minecraft:walk_one_cm":819228,"minecraft:damage_blocked_by_shield":315,"minecraft:drop":34,"minecraft:play_time":184989,"minecraft:sneak_time":506,"minecraft:deaths":11,"minecraft:walk_under_water_one_cm":58729,"minecraft:boat_one_cm":107386,"minecraft:jump":1935,"minecraft:walk_on_water_one_cm":61656,"minecraft:total_world_time":184989,"minecraft:interact_with_furnace":41,"minecraft:sleep_in_bed":3,"minecraft:time_since_rest":36116,"minecraft:damage_taken":4776,"minecraft:damage_dealt":12396,"minecraft:swim_one_cm":1167,"minecraft:fly_one_cm":164796,"minecraft:open_chest":80,"minecraft:crouch_one_cm":120,"minecraft:interact_with_smoker":10,"minecraft:fall_one_cm":26289}},"DataVersion":3465}