{"stats":{"minecraft:dropped":{"minecraft:stone_sword":1,"born_in_chaos_v1:monster_skin":1,"minecraft:bone_meal":10},"minecraft:custom":{"minecraft:interact_with_furnace":15,"minecraft:mob_kills":22,"minecraft:interact_with_crafting_table":21,"minecraft:leave_game":2,"minecraft:time_since_death":36017,"minecraft:sleep_in_bed":1,"minecraft:climb_one_cm":838,"minecraft:time_since_rest":20815,"minecraft:sprint_one_cm":62534,"minecraft:damage_taken":2008,"minecraft:walk_one_cm":299389,"minecraft:drop":12,"minecraft:damage_dealt":3402,"minecraft:fly_one_cm":17354,"minecraft:open_chest":8,"minecraft:crouch_one_cm":35,"minecraft:play_time":67237,"minecraft:deaths":6,"minecraft:sneak_time":27,"minecraft:walk_under_water_one_cm":4547,"minecraft:jump":734,"minecraft:walk_on_water_one_cm":6003,"minecraft:total_world_time":67237,"minecraft:fall_one_cm":9408},"minecraft:mined":{"minecraft:jungle_leaves":2,"minecraft:glow_lichen":1,"minecraft:acacia_log":6,"minecraft:grass_block":1,"minecraft:melon":1,"minecraft:jungle_log":23,"minecraft:cobblestone":2,"minecraft:copper_ore":18,"minecraft:wall_torch":1,"minecraft:birch_log":16,"minecraft:iron_ore":13,"minecraft:birch_leaves":4,"minecraft:vine":3,"minecraft:grass":21,"minecraft:oak_log":27,"minecraft:pointed_dripstone":1,"minecraft:coal_ore":25,"minecraft:stone":26,"minecraft:oak_leaves":18,"minecraft:fern":5},"minecraft:crafted":{"minecraft:oak_planks":116,"minecraft:crafting_table":2,"minecraft:wooden_pickaxe":1,"minecraft:iron_sword":1,"minecraft:cooked_salmon":2,"minecraft:copper_ingot":4,"minecraft:bone_meal":9,"minecraft:stone_axe":1,"minecraft:stick":36,"minecraft:iron_ingot":33,"minecraft:stone_pickaxe":2,"minecraft:stone_sword":2,"minecraft:iron_leggings":1,"minecraft:acacia_planks":24},"minecraft:used":{"minecraft:stone_sword":157,"minecraft:stone_pickaxe":74,"minecraft:wooden_pickaxe":17,"minecraft:iron_sword":37,"minecraft:cooked_salmon":2,"minecraft:torch":6,"minecraft:crafting_table":3,"minecraft:apple":1,"minecraft:melon_slice":6,"minecraft:pink_bed":1,"minecraft:stone_axe":59,"minecraft:cobblestone":8,"minecraft:furnace":1,"minecraft:egg":3},"minecraft:killed":{"born_in_chaos_v1:zombie_clown":1,"born_in_chaos_v1:restless_spirit":1,"born_in_chaos_v1:baby_skeleton":1,"minecraft:salmon":2,"born_in_chaos_v1:decrepit_skeleton":1,"born_in_chaos_v1:maggot":2,"minecraft:skeleton":1,"minecraft:zombie":6,"born_in_chaos_v1:dread_hound":1,"born_in_chaos_v1:corpse_fly":2,"born_in_chaos_v1:corpse_fish":1},"minecraft:killed_by":{"born_in_chaos_v1:diamond_termite":1,"minecraft:skeleton":3,"minecraft:zombie":1,"born_in_chaos_v1:dread_hound":1},"minecraft:picked_up":{"minecraft:birch_log":16,"born_in_chaos_v1:corpse_maggot":1,"minecraft:crafting_table":1,"minecraft:iron_chestplate":1,"minecraft:feather":3,"minecraft:jungle_log":23,"minecraft:salmon":2,"minecraft:wooden_pickaxe":2,"minecraft:oak_log":29,"supplementaries:flax_seeds":9,"born_in_chaos_v1:black_argillite":1,"minecraft:lapis_lazuli":24,"minecraft:dirt":1,"minecraft:raw_copper":58,"born_in_chaos_v1:monster_skin":1,"born_in_chaos_v1:intoxicating_decoction":2,"minecraft:bone":12,"minecraft:apple":1,"minecraft:stone_pickaxe":1,"minecraft:bamboo":25,"minecraft:melon_slice":50,"minecraft:birch_sapling":2,"minecraft:oak_planks":30,"minecraft:furnace":1,"minecraft:egg":3,"minecraft:pink_bed":1,"minecraft:raw_iron":25,"minecraft:stick":9,"minecraft:torch":51,"minecraft:acacia_log":6,"minecraft:jungle_planks":1,"minecraft:pointed_dripstone":3,"minecraft:carrot":3,"minecraft:rotten_flesh":21,"minecraft:stone_sword":3,"minecraft:arrow":4,"minecraft:iron_helmet":1,"minecraft:bone_meal":1,"minecraft:emerald":3,"minecraft:oak_sapling":1,"minecraft:coal":25,"minecraft:cobblestone":122}},"DataVersion":3465}