{"stats":{"minecraft:dropped":{"minecraft:stone_sword":1,"born_in_chaos_v1:monster_skin":1,"minecraft:bone_meal":10},"minecraft:custom":{"minecraft:interact_with_furnace":27,"minecraft:mob_kills":46,"minecraft:interact_with_crafting_table":25,"minecraft:open_barrel":6,"minecraft:leave_game":2,"minecraft:time_since_death":21018,"minecraft:sleep_in_bed":1,"minecraft:climb_one_cm":1016,"minecraft:time_since_rest":21081,"minecraft:sprint_one_cm":115338,"minecraft:damage_taken":2752,"minecraft:walk_one_cm":436399,"minecraft:drop":12,"minecraft:damage_dealt":6509,"minecraft:swim_one_cm":1167,"minecraft:fly_one_cm":39354,"minecraft:open_chest":19,"minecraft:crouch_one_cm":35,"minecraft:play_time":103237,"minecraft:deaths":8,"minecraft:sneak_time":316,"minecraft:walk_under_water_one_cm":35578,"minecraft:boat_one_cm":91006,"minecraft:jump":1076,"minecraft:walk_on_water_one_cm":40180,"minecraft:total_world_time":103237,"minecraft:fall_one_cm":11551},"minecraft:mined":{"minecraft:jungle_leaves":2,"minecraft:glow_lichen":1,"minecraft:acacia_log":6,"minecraft:grass_block":8,"minecraft:melon":1,"minecraft:jungle_log":23,"minecraft:tall_grass":1,"minecraft:cobblestone":4,"minecraft:copper_ore":18,"minecraft:diorite":1,"minecraft:wall_torch":1,"minecraft:seagrass":5,"minecraft:tall_seagrass":5,"minecraft:birch_log":16,"minecraft:iron_ore":21,"minecraft:birch_leaves":4,"minecraft:moss_carpet":2,"minecraft:brown_bed":1,"minecraft:vine":3,"minecraft:grass":23,"minecraft:oak_log":27,"minecraft:pointed_dripstone":1,"minecraft:coal_ore":25,"minecraft:stone":26,"minecraft:oak_leaves":18,"minecraft:fern":5},"minecraft:crafted":{"minecraft:oak_planks":116,"minecraft:crafting_table":3,"minecraft:wooden_pickaxe":1,"minecraft:iron_sword":1,"minecraft:furnace":1,"minecraft:cooked_salmon":7,"minecraft:copper_ingot":4,"minecraft:bone_meal":9,"minecraft:stone_axe":1,"minecraft:stick":36,"minecraft:iron_ingot":33,"minecraft:stone_pickaxe":2,"minecraft:stone_sword":2,"minecraft:iron_leggings":1,"minecraft:acacia_planks":24},"minecraft:used":{"minecraft:stone_sword":157,"minecraft:stone_pickaxe":92,"minecraft:wooden_pickaxe":17,"minecraft:iron_sword":167,"minecraft:cooked_salmon":3,"minecraft:torch":6,"minecraft:crafting_table":4,"born_in_chaos_v1:corpse_maggot":3,"minecraft:apple":1,"born_in_chaos_v1:monster_flesh":1,"minecraft:bread":5,"minecraft:melon_slice":6,"minecraft:pink_bed":1,"minecraft:stone_axe":62,"minecraft:cobblestone":21,"minecraft:white_banner":1,"minecraft:furnace":2,"minecraft:egg":3,"minecraft:bone_meal":2},"minecraft:killed":{"born_in_chaos_v1:zombie_clown":1,"born_in_chaos_v1:zombie_lumberjack":1,"born_in_chaos_v1:restless_spirit":2,"born_in_chaos_v1:baby_skeleton":1,"minecraft:salmon":7,"minecraft:spider":1,"born_in_chaos_v1:decrepit_skeleton":1,"born_in_chaos_v1:maggot":4,"minecraft:skeleton":1,"minecraft:pillager":1,"minecraft:zombie":7,"born_in_chaos_v1:dread_hound":2,"born_in_chaos_v1:corpse_fly":4,"minecraft:drowned":1,"born_in_chaos_v1:corpse_fish":6},"minecraft:killed_by":{"born_in_chaos_v1:diamond_termite":1,"minecraft:skeleton":3,"minecraft:zombie":1,"born_in_chaos_v1:corpse_fish":2,"born_in_chaos_v1:dread_hound":1},"minecraft:picked_up":{"minecraft:birch_log":50,"born_in_chaos_v1:corpse_maggot":3,"minecraft:crafting_table":1,"minecraft:iron_chestplate":3,"minecraft:wheat":1,"minecraft:feather":3,"born_in_chaos_v1:monster_flesh":4,"minecraft:jungle_log":23,"minecraft:salmon":17,"minecraft:wooden_pickaxe":2,"minecraft:potato":8,"minecraft:brown_bed":1,"minecraft:oak_log":29,"supplementaries:flax_seeds":27,"minecraft:shield":1,"minecraft:white_banner":1,"born_in_chaos_v1:black_argillite":1,"minecraft:moss_carpet":1,"minecraft:lapis_lazuli":72,"minecraft:dirt":8,"minecraft:raw_copper":58,"minecraft:cooked_salmon":4,"minecraft:iron_leggings":2,"born_in_chaos_v1:monster_skin":2,"born_in_chaos_v1:intoxicating_decoction":6,"minecraft:bone":12,"minecraft:acacia_planks":20,"minecraft:apple":1,"minecraft:wheat_seeds":4,"minecraft:stone_pickaxe":3,"minecraft:mangrove_log":1,"minecraft:bamboo":25,"minecraft:melon_slice":50,"minecraft:iron_sword":2,"minecraft:birch_sapling":6,"minecraft:oak_planks":70,"minecraft:iron_boots":2,"minecraft:furnace":1,"minecraft:egg":3,"minecraft:pink_bed":1,"minecraft:raw_iron":49,"minecraft:stick":53,"born_in_chaos_v1:ethereal_spirit":2,"minecraft:torch":51,"minecraft:acacia_log":6,"minecraft:porkchop":3,"minecraft:jungle_planks":6,"minecraft:pointed_dripstone":3,"minecraft:diorite":1,"minecraft:carrot":3,"minecraft:rotten_flesh":37,"minecraft:stone_sword":3,"minecraft:arrow":20,"minecraft:stone_axe":2,"minecraft:iron_helmet":3,"minecraft:bone_meal":4,"minecraft:bread":7,"minecraft:emerald":3,"born_in_chaos_v1:rotten_fish":10,"minecraft:oak_sapling":1,"minecraft:coal":71,"minecraft:cobblestone":205}},"DataVersion":3465}