{"stats":{"minecraft:dropped":{"minecraft:stone_sword":1,"born_in_chaos_v1:monster_skin":1},"minecraft:custom":{"minecraft:time_since_rest":4216,"minecraft:interact_with_furnace":2,"minecraft:sprint_one_cm":11964,"minecraft:damage_taken":860,"minecraft:walk_one_cm":94455,"minecraft:mob_kills":6,"minecraft:drop":2,"minecraft:damage_dealt":1201,"minecraft:interact_with_crafting_table":6,"minecraft:fly_one_cm":3677,"minecraft:play_time":20067,"minecraft:deaths":2,"minecraft:sneak_time":9,"minecraft:jump":170,"minecraft:leave_game":1,"minecraft:time_since_death":4184,"minecraft:climb_one_cm":188,"minecraft:total_world_time":20067,"minecraft:fall_one_cm":1595},"minecraft:mined":{"minecraft:iron_ore":6,"minecraft:glow_lichen":1,"minecraft:grass":14,"minecraft:pointed_dripstone":1,"minecraft:oak_log":7,"minecraft:vine":3,"minecraft:jungle_log":13,"minecraft:stone":24,"minecraft:fern":4},"minecraft:crafted":{"minecraft:oak_planks":28,"minecraft:crafting_table":1,"minecraft:stick":12,"minecraft:wooden_pickaxe":1,"minecraft:stone_pickaxe":1,"minecraft:stone_sword":2},"minecraft:used":{"minecraft:stone_sword":74,"minecraft:stone_pickaxe":20,"minecraft:melon_slice":5,"minecraft:wooden_pickaxe":17,"minecraft:torch":6,"minecraft:crafting_table":1},"minecraft:killed":{"minecraft:skeleton":1,"minecraft:zombie":3,"born_in_chaos_v1:dread_hound":1},"minecraft:killed_by":{"born_in_chaos_v1:diamond_termite":1,"born_in_chaos_v1:dread_hound":1},"minecraft:picked_up":{"minecraft:stick":6,"minecraft:raw_iron":12,"minecraft:jungle_log":13,"minecraft:torch":30,"minecraft:wooden_pickaxe":1,"minecraft:oak_log":7,"minecraft:pointed_dripstone":1,"minecraft:carrot":2,"minecraft:raw_copper":4,"minecraft:rotten_flesh":4,"born_in_chaos_v1:monster_skin":1,"minecraft:stone_sword":1,"minecraft:bone":6,"minecraft:arrow":4,"minecraft:stone_pickaxe":1,"minecraft:melon_slice":33,"minecraft:oak_planks":15,"minecraft:cobblestone":41}},"DataVersion":3465}