{"stats":{"minecraft:dropped":{"minecraft:bread":5,"minecraft:wheat_seeds":38,"minecraft:iron_helmet":5,"minecraft:cobblestone":4,"minecraft:warped_roots":1,"born_in_chaos_v1:nightmare_claw":3,"born_in_chaos_v1:monster_skin":7,"minecraft:cornflower":1,"born_in_chaos_v1:fused_bone":2,"minecraft:iron_leggings":1,"minecraft:bone_meal":10,"minecraft:iron_pickaxe":1,"minecraft:gold_ingot":6,"minecraft:anvil":1,"minecraft:moss_carpet":1,"minecraft:stone_sword":2,"born_in_chaos_v1:smoked_fish":9,"born_in_chaos_v1:rotten_fish":1,"minecraft:stone_shovel":1,"born_in_chaos_v1:smoked_flesh":5,"minecraft:iron_boots":2,"minecraft:carrot":3,"supplementaries:flax_seeds":7,"born_in_chaos_v1:corpse_maggot":1,"minecraft:golden_leggings":1,"minecraft:spider_eye":1,"minecraft:stone_pickaxe":2},"minecraft:used":{"minecraft:stone_sword":662,"born_in_chaos_v1:smoked_fish":1,"minecraft:shield":24,"minecraft:cooked_salmon":7,"minecraft:iron_sword":217,"minecraft:cooked_chicken":1,"minecraft:stone_hoe":41,"minecraft:torch":71,"minecraft:dirt":5,"minecraft:carrot":18,"born_in_chaos_v1:corpse_maggot":19,"born_in_chaos_v1:smoked_flesh":30,"minecraft:iron_axe":24,"born_in_chaos_v1:mint_candy":2,"minecraft:bow":32,"minecraft:furnace":3,"minecraft:cooked_cod":3,"minecraft:egg":7,"minecraft:cobbled_deepslate":7,"minecraft:wheat_seeds":14,"minecraft:cooked_mutton":6,"minecraft:diorite":1,"minecraft:stone_pickaxe":173,"minecraft:baked_potato":1,"minecraft:oak_planks":36,"minecraft:wooden_pickaxe":26,"minecraft:tnt":5,"minecraft:crafting_table":6,"minecraft:apple":1,"minecraft:acacia_door":1,"born_in_chaos_v1:monster_flesh":1,"minecraft:iron_pickaxe":44,"minecraft:bread":22,"travelersbackpack:white_sleeping_bag":1,"minecraft:melon_slice":41,"minecraft:pink_bed":1,"supplementaries:flax_seeds":6,"minecraft:stone_axe":205,"minecraft:fishing_rod":39,"minecraft:cobblestone":63,"minecraft:white_banner":1,"minecraft:oak_boat":1,"alexsmobs:animal_dictionary":1,"minecraft:bone_meal":2},"minecraft:broken":{"minecraft:stone_sword":4,"minecraft:stone_axe":1,"minecraft:fishing_rod":1},"minecraft:mined":{"minecraft:jungle_leaves":2,"minecraft:granite":1,"minecraft:glow_lichen":1,"minecraft:acacia_log":6,"minecraft:grass_block":26,"minecraft:jungle_log":23,"minecraft:tall_seagrass":5,"minecraft:carrots":6,"minecraft:iron_ore":60,"minecraft:andesite":3,"minecraft:pumpkin":2,"minecraft:moss_carpet":2,"minecraft:brown_bed":1,"minecraft:deepslate_iron_ore":20,"minecraft:vine":3,"minecraft:pointed_dripstone":1,"minecraft:stone":47,"minecraft:dandelion":3,"minecraft:melon":7,"minecraft:copper_ore":18,"minecraft:tall_grass":16,"minecraft:cobblestone":4,"minecraft:deepslate_gold_ore":13,"minecraft:oak_planks":3,"minecraft:wall_torch":1,"minecraft:diorite":3,"supplementaries:urn":5,"minecraft:seagrass":6,"minecraft:birch_log":16,"minecraft:wheat":6,"minecraft:tnt":4,"minecraft:birch_leaves":4,"minecraft:grass":152,"minecraft:coal_ore":29,"minecraft:oak_log":84,"minecraft:cocoa":1,"minecraft:sand":2,"minecraft:dirt":2,"minecraft:cobweb":28,"minecraft:oak_leaves":36,"minecraft:deepslate":13,"minecraft:fern":5},"minecraft:picked_up":{"minecraft:iron_chestplate":7,"minecraft:cocoa_beans":3,"minecraft:crafting_table":2,"born_in_chaos_v1:diamond_termite_shard":1,"minecraft:wheat":10,"minecraft:chicken":7,"born_in_chaos_v1:smoked_monster_flesh":13,"minecraft:creeper_head":1,"minecraft:wooden_pickaxe":2,"minecraft:brown_bed":2,"minecraft:enchanted_book":1,"minecraft:chain":1,"minecraft:shield":2,"born_in_chaos_v1:black_argillite":1,"minecraft:cornflower":1,"minecraft:string":66,"minecraft:cooked_salmon":6,"minecraft:moss_carpet":1,"minecraft:raw_copper":58,"minecraft:iron_leggings":6,"born_in_chaos_v1:intoxicating_decoction":8,"minecraft:gold_nugget":17,"minecraft:cobbled_deepslate":7,"minecraft:bucket":1,"improvableskills:scroll_normal":3,"minecraft:oak_boat":1,"minecraft:cobblestone_slab":1,"minecraft:iron_pickaxe":1,"minecraft:melon_slice":85,"minecraft:birch_sapling":8,"minecraft:furnace":1,"minecraft:mangrove_log":1,"minecraft:iron_boots":6,"minecraft:egg":9,"minecraft:raw_iron":117,"minecraft:stick":92,"born_in_chaos_v1:shattered_skull":1,"minecraft:copper_ingot":3,"minecraft:torch":52,"minecraft:acacia_log":7,"minecraft:porkchop":6,"born_in_chaos_v1:pieceofdarkmetal":1,"minecraft:pointed_dripstone":3,"minecraft:diorite":2,"born_in_chaos_v1:nightmare_claw":3,"minecraft:carrot":43,"minecraft:tnt":5,"minecraft:stone_sword":7,"minecraft:arrow":72,"minecraft:stone_shovel":2,"minecraft:rotten_flesh":107,"minecraft:gold_ingot":6,"supplementaries:ash":7,"minecraft:mutton":6,"minecraft:cod":7,"minecraft:white_wool":5,"minecraft:cobblestone":379,"born_in_chaos_v1:fused_bone":2,"minecraft:birch_log":50,"born_in_chaos_v1:corpse_maggot":15,"minecraft:feather":15,"born_in_chaos_v1:monster_flesh":14,"minecraft:jungle_log":23,"minecraft:salmon":25,"minecraft:andesite":2,"minecraft:leather":2,"minecraft:potato":9,"minecraft:oak_log":93,"supplementaries:flax_seeds":62,"minecraft:horn_coral":1,"minecraft:lapis_lazuli":144,"minecraft:dirt":43,"minecraft:white_banner":1,"born_in_chaos_v1:monster_skin":10,"minecraft:cooked_mutton":5,"minecraft:bone":62,"minecraft:acacia_planks":67,"minecraft:apple":1,"minecraft:bow":1,"minecraft:wheat_seeds":100,"minecraft:raw_gold":29,"born_in_chaos_v1:smoked_flesh":33,"minecraft:iron_ingot":1,"minecraft:stone_pickaxe":5,"minecraft:cooked_chicken":5,"minecraft:bamboo":25,"minecraft:iron_sword":3,"minecraft:stone_hoe":2,"minecraft:oak_planks":72,"born_in_chaos_v1:mint_candy":2,"minecraft:pink_bed":1,"minecraft:pumpkin":4,"born_in_chaos_v1:ethereal_spirit":8,"minecraft:dandelion":2,"born_in_chaos_v1:dark_rod":1,"minecraft:sand":3,"minecraft:jungle_planks":6,"minecraft:stripped_spruce_log":2,"minecraft:spider_eye":5,"quark:cobblestone_bricks":4,"travelersbackpack:white_sleeping_bag":1,"minecraft:stone_axe":3,"minecraft:iron_helmet":10,"minecraft:bone_meal":8,"minecraft:emerald":3,"minecraft:bread":31,"minecraft:oak_sapling":2,"born_in_chaos_v1:rotten_fish":14,"minecraft:coal":168},"minecraft:killed_by":{"born_in_chaos_v1:diamond_termite":1,"born_in_chaos_v1:sir_pumpkinhead":1,"minecraft:skeleton":3,"minecraft:zombie":1,"born_in_chaos_v1:corpse_fish":2,"born_in_chaos_v1:dread_hound":1},"minecraft:crafted":{"minecraft:oak_planks":392,"minecraft:fishing_rod":1,"minecraft:cooked_chicken":5,"minecraft:furnace":2,"minecraft:bone_meal":33,"born_in_chaos_v1:smoked_monster_flesh":12,"minecraft:cooked_mutton":6,"minecraft:bow":1,"minecraft:iron_boots":1,"minecraft:iron_axe":1,"quark:cobblestone_bricks":4,"minecraft:stone_pickaxe":5,"minecraft:stone_hoe":1,"born_in_chaos_v1:smoked_fish":13,"minecraft:crafting_table":5,"minecraft:spruce_planks":8,"minecraft:iron_helmet":1,"minecraft:wooden_pickaxe":2,"minecraft:baked_potato":1,"minecraft:iron_sword":1,"minecraft:cooked_salmon":10,"minecraft:copper_ingot":4,"minecraft:stone_axe":3,"minecraft:air":0,"minecraft:iron_chestplate":1,"minecraft:shield":1,"minecraft:stick":136,"born_in_chaos_v1:smoked_flesh":15,"minecraft:iron_ingot":101,"minecraft:iron_pickaxe":1,"minecraft:iron_block":3,"minecraft:stone_sword":7,"minecraft:iron_leggings":2,"minecraft:acacia_door":3,"minecraft:gold_ingot":29,"minecraft:anvil":1,"minecraft:acacia_planks":28,"minecraft:torch":64},"minecraft:killed":{"born_in_chaos_v1:zombie_clown":1,"minecraft:cave_spider":1,"born_in_chaos_v1:mr_pumpkin":1,"minecraft:witch":2,"born_in_chaos_v1:restless_spirit":4,"born_in_chaos_v1:zombie_lumberjack":1,"born_in_chaos_v1:door_knight_not_despawn":1,"minecraft:spider":5,"born_in_chaos_v1:zombie_bruiser":1,"born_in_chaos_v1:maggot":8,"minecraft:skeleton":10,"minecraft:chicken":3,"born_in_chaos_v1:skeleton_thrasher":1,"born_in_chaos_v1:corpse_fish":8,"minecraft:drowned":1,"born_in_chaos_v1:diamond_termite":2,"born_in_chaos_v1:baby_skeleton":1,"minecraft:salmon":13,"minecraft:bat":1,"minecraft:creeper":1,"born_in_chaos_v1:decrepit_skeleton":4,"minecraft:pillager":1,"born_in_chaos_v1:zombie_fisherman":1,"minecraft:zombie":22,"born_in_chaos_v1:dread_hound":4,"alexsmobs:terrapin":3,"born_in_chaos_v1:corpse_fly":6,"born_in_chaos_v1:dark_vortex":1,"endofherobrine:chicken":1,"born_in_chaos_v1:nightmare_stalker":1,"alexsmobs:fly":2,"endofherobrine:cow":1,"endofherobrine:sheep":4},"minecraft:custom":{"minecraft:interact_with_anvil":1,"minecraft:mob_kills":125,"minecraft:interact_with_crafting_table":71,"minecraft:open_barrel":18,"minecraft:damage_dealt_resisted":818,"minecraft:leave_game":9,"minecraft:time_since_death":0,"minecraft:climb_one_cm":1696,"minecraft:sprint_one_cm":585240,"minecraft:walk_one_cm":1472899,"minecraft:damage_blocked_by_shield":930,"minecraft:drop":70,"minecraft:play_time":332230,"minecraft:sneak_time":2010,"minecraft:deaths":14,"minecraft:walk_under_water_one_cm":93418,"minecraft:boat_one_cm":246855,"minecraft:jump":3426,"minecraft:interact_with_blast_furnace":11,"minecraft:walk_on_water_one_cm":101779,"minecraft:total_world_time":332230,"minecraft:interact_with_furnace":58,"minecraft:interact_with_cartography_table":1,"minecraft:sleep_in_bed":5,"minecraft:time_since_rest":130,"minecraft:damage_taken":7912,"minecraft:damage_dealt":20517,"minecraft:crouch_one_cm":1857,"minecraft:swim_one_cm":5868,"minecraft:fly_one_cm":237434,"minecraft:open_chest":159,"minecraft:fish_caught":10,"minecraft:interact_with_smoker":24,"minecraft:fall_one_cm":50056}},"DataVersion":3465}