{"stats":{"minecraft:dropped":{"minecraft:stone_sword":1,"born_in_chaos_v1:monster_skin":1},"minecraft:custom":{"minecraft:time_since_rest":12077,"minecraft:interact_with_furnace":6,"minecraft:sprint_one_cm":40080,"minecraft:damage_taken":1760,"minecraft:walk_one_cm":196259,"minecraft:mob_kills":15,"minecraft:drop":2,"minecraft:damage_dealt":1988,"minecraft:interact_with_crafting_table":9,"minecraft:fly_one_cm":11493,"minecraft:play_time":43237,"minecraft:sneak_time":19,"minecraft:deaths":6,"minecraft:walk_under_water_one_cm":3357,"minecraft:jump":461,"minecraft:leave_game":2,"minecraft:time_since_death":12017,"minecraft:walk_on_water_one_cm":1046,"minecraft:total_world_time":43237,"minecraft:climb_one_cm":838,"minecraft:fall_one_cm":6622},"minecraft:mined":{"minecraft:iron_ore":13,"minecraft:jungle_leaves":2,"minecraft:glow_lichen":1,"minecraft:grass":18,"minecraft:pointed_dripstone":1,"minecraft:oak_log":7,"minecraft:melon":1,"minecraft:vine":3,"minecraft:jungle_log":23,"minecraft:stone":24,"minecraft:wall_torch":1,"minecraft:fern":5},"minecraft:crafted":{"minecraft:oak_planks":36,"minecraft:crafting_table":1,"minecraft:stick":16,"minecraft:iron_ingot":22,"minecraft:wooden_pickaxe":1,"minecraft:stone_pickaxe":2,"minecraft:stone_sword":2,"minecraft:cooked_salmon":2},"minecraft:used":{"minecraft:stone_sword":102,"minecraft:melon_slice":6,"minecraft:stone_pickaxe":27,"minecraft:wooden_pickaxe":17,"minecraft:cooked_salmon":1,"minecraft:torch":6,"minecraft:crafting_table":1,"minecraft:egg":3},"minecraft:killed":{"minecraft:skeleton":1,"minecraft:zombie":5,"born_in_chaos_v1:dread_hound":1,"born_in_chaos_v1:corpse_fly":1,"minecraft:salmon":2,"born_in_chaos_v1:maggot":2},"minecraft:killed_by":{"born_in_chaos_v1:diamond_termite":1,"born_in_chaos_v1:dread_hound":1,"minecraft:skeleton":3,"minecraft:zombie":1},"minecraft:picked_up":{"minecraft:stick":6,"minecraft:raw_iron":25,"minecraft:salmon":2,"minecraft:jungle_log":23,"minecraft:torch":51,"minecraft:wooden_pickaxe":2,"minecraft:oak_log":9,"minecraft:pointed_dripstone":3,"minecraft:carrot":3,"minecraft:raw_copper":4,"born_in_chaos_v1:monster_skin":1,"minecraft:bone":9,"minecraft:stone_sword":3,"minecraft:arrow":4,"minecraft:rotten_flesh":15,"minecraft:stone_pickaxe":1,"minecraft:melon_slice":50,"minecraft:oak_planks":30,"minecraft:cobblestone":117,"minecraft:egg":3}},"DataVersion":3465}