{"stats":{"minecraft:dropped":{"minecraft:stone_sword":1},"minecraft:custom":{"minecraft:time_since_rest":8067,"minecraft:play_time":8067,"minecraft:sprint_one_cm":114,"minecraft:damage_taken":30,"minecraft:walk_one_cm":17683,"minecraft:sneak_time":9,"minecraft:drop":1,"minecraft:jump":30,"minecraft:damage_dealt":11,"minecraft:leave_game":1,"minecraft:time_since_death":8067,"minecraft:total_world_time":8067,"minecraft:interact_with_crafting_table":4,"minecraft:fly_one_cm":46},"minecraft:mined":{"minecraft:oak_log":7,"minecraft:stone":24},"minecraft:crafted":{"minecraft:stone_sword":2,"minecraft:oak_planks":28,"minecraft:crafting_table":1,"minecraft:stick":12,"minecraft:wooden_pickaxe":1,"minecraft:stone_pickaxe":1},"minecraft:used":{"minecraft:crafting_table":1,"minecraft:stone_pickaxe":12,"minecraft:wooden_pickaxe":17},"minecraft:picked_up":{"minecraft:raw_copper":2,"minecraft:oak_log":7,"minecraft:carrot":1,"minecraft:melon_slice":19,"minecraft:cobblestone":24}},"DataVersion":3465}