{"stats":{"minecraft:dropped":{"minecraft:stone_sword":1,"born_in_chaos_v1:monster_skin":1},"minecraft:custom":{"minecraft:interact_with_furnace":14,"minecraft:mob_kills":19,"minecraft:interact_with_crafting_table":15,"minecraft:leave_game":2,"minecraft:time_since_death":24017,"minecraft:sleep_in_bed":1,"minecraft:climb_one_cm":838,"minecraft:time_since_rest":8815,"minecraft:sprint_one_cm":44369,"minecraft:damage_taken":1930,"minecraft:walk_one_cm":249694,"minecraft:drop":2,"minecraft:damage_dealt":2743,"minecraft:fly_one_cm":12195,"minecraft:open_chest":7,"minecraft:crouch_one_cm":35,"minecraft:play_time":55237,"minecraft:deaths":6,"minecraft:sneak_time":27,"minecraft:walk_under_water_one_cm":3357,"minecraft:jump":601,"minecraft:walk_on_water_one_cm":4505,"minecraft:total_world_time":55237,"minecraft:fall_one_cm":8096},"minecraft:mined":{"minecraft:jungle_leaves":2,"minecraft:glow_lichen":1,"minecraft:grass_block":1,"minecraft:melon":1,"minecraft:jungle_log":23,"minecraft:copper_ore":18,"minecraft:wall_torch":1,"minecraft:iron_ore":13,"minecraft:vine":3,"minecraft:grass":18,"minecraft:oak_log":7,"minecraft:pointed_dripstone":1,"minecraft:coal_ore":13,"minecraft:stone":26,"minecraft:fern":5},"minecraft:crafted":{"minecraft:oak_planks":36,"minecraft:crafting_table":1,"minecraft:wooden_pickaxe":1,"minecraft:iron_sword":1,"minecraft:cooked_salmon":2,"minecraft:copper_ingot":4,"minecraft:stick":16,"minecraft:iron_ingot":33,"minecraft:stone_pickaxe":2,"minecraft:stone_sword":2,"minecraft:iron_leggings":1},"minecraft:used":{"minecraft:stone_sword":157,"minecraft:stone_pickaxe":60,"minecraft:wooden_pickaxe":17,"minecraft:cooked_salmon":2,"minecraft:torch":6,"minecraft:crafting_table":1,"minecraft:melon_slice":6,"minecraft:egg":3},"minecraft:killed":{"born_in_chaos_v1:restless_spirit":1,"minecraft:salmon":2,"born_in_chaos_v1:decrepit_skeleton":1,"born_in_chaos_v1:maggot":2,"minecraft:skeleton":1,"minecraft:zombie":6,"born_in_chaos_v1:dread_hound":1,"born_in_chaos_v1:corpse_fly":1,"born_in_chaos_v1:corpse_fish":1},"minecraft:killed_by":{"born_in_chaos_v1:diamond_termite":1,"minecraft:skeleton":3,"minecraft:zombie":1,"born_in_chaos_v1:dread_hound":1},"minecraft:picked_up":{"minecraft:iron_chestplate":1,"minecraft:jungle_log":23,"minecraft:salmon":2,"minecraft:wooden_pickaxe":2,"minecraft:oak_log":9,"minecraft:dirt":1,"minecraft:raw_copper":58,"born_in_chaos_v1:monster_skin":1,"minecraft:bone":11,"minecraft:stone_pickaxe":1,"minecraft:melon_slice":50,"minecraft:oak_planks":30,"minecraft:egg":3,"minecraft:raw_iron":25,"minecraft:stick":6,"minecraft:torch":51,"minecraft:pointed_dripstone":3,"minecraft:carrot":3,"minecraft:rotten_flesh":16,"minecraft:stone_sword":3,"minecraft:arrow":4,"minecraft:iron_helmet":1,"minecraft:bone_meal":1,"minecraft:coal":13,"minecraft:cobblestone":119}},"DataVersion":3465}