{"stats":{"minecraft:dropped":{"minecraft:stone_sword":1,"born_in_chaos_v1:monster_skin":1,"minecraft:bone_meal":10},"minecraft:custom":{"minecraft:interact_with_furnace":20,"minecraft:mob_kills":33,"minecraft:interact_with_crafting_table":22,"minecraft:leave_game":2,"minecraft:time_since_death":1797,"minecraft:sleep_in_bed":1,"minecraft:climb_one_cm":838,"minecraft:time_since_rest":1994,"minecraft:sprint_one_cm":72395,"minecraft:damage_taken":2170,"minecraft:walk_one_cm":335242,"minecraft:drop":12,"minecraft:damage_dealt":4171,"minecraft:swim_one_cm":1167,"minecraft:fly_one_cm":22066,"minecraft:open_chest":12,"minecraft:crouch_one_cm":35,"minecraft:play_time":79237,"minecraft:deaths":7,"minecraft:sneak_time":158,"minecraft:walk_under_water_one_cm":19152,"minecraft:jump":882,"minecraft:walk_on_water_one_cm":11364,"minecraft:total_world_time":79237,"minecraft:fall_one_cm":9617},"minecraft:mined":{"minecraft:jungle_leaves":2,"minecraft:glow_lichen":1,"minecraft:acacia_log":6,"minecraft:grass_block":7,"minecraft:melon":1,"minecraft:jungle_log":23,"minecraft:cobblestone":4,"minecraft:copper_ore":18,"minecraft:diorite":1,"minecraft:wall_torch":1,"minecraft:seagrass":1,"minecraft:tall_seagrass":4,"minecraft:birch_log":16,"minecraft:iron_ore":21,"minecraft:birch_leaves":4,"minecraft:vine":3,"minecraft:grass":22,"minecraft:oak_log":27,"minecraft:pointed_dripstone":1,"minecraft:coal_ore":25,"minecraft:stone":26,"minecraft:oak_leaves":18,"minecraft:fern":5},"minecraft:crafted":{"minecraft:oak_planks":116,"minecraft:crafting_table":2,"minecraft:wooden_pickaxe":1,"minecraft:iron_sword":1,"minecraft:cooked_salmon":2,"minecraft:copper_ingot":4,"minecraft:bone_meal":9,"minecraft:stone_axe":1,"minecraft:stick":36,"minecraft:iron_ingot":33,"minecraft:stone_pickaxe":2,"minecraft:stone_sword":2,"minecraft:iron_leggings":1,"minecraft:acacia_planks":24},"minecraft:used":{"minecraft:stone_sword":157,"minecraft:stone_pickaxe":92,"minecraft:wooden_pickaxe":17,"minecraft:iron_sword":68,"minecraft:cooked_salmon":2,"minecraft:torch":6,"minecraft:crafting_table":3,"born_in_chaos_v1:corpse_maggot":1,"minecraft:apple":1,"born_in_chaos_v1:monster_flesh":1,"minecraft:melon_slice":6,"minecraft:pink_bed":1,"minecraft:stone_axe":59,"minecraft:cobblestone":21,"minecraft:furnace":1,"minecraft:egg":3},"minecraft:killed":{"born_in_chaos_v1:zombie_clown":1,"born_in_chaos_v1:restless_spirit":1,"born_in_chaos_v1:baby_skeleton":1,"minecraft:salmon":7,"born_in_chaos_v1:decrepit_skeleton":1,"born_in_chaos_v1:maggot":3,"minecraft:skeleton":1,"minecraft:zombie":7,"born_in_chaos_v1:dread_hound":2,"born_in_chaos_v1:corpse_fly":3,"born_in_chaos_v1:corpse_fish":1},"minecraft:killed_by":{"born_in_chaos_v1:diamond_termite":1,"minecraft:skeleton":3,"minecraft:zombie":1,"born_in_chaos_v1:corpse_fish":1,"born_in_chaos_v1:dread_hound":1},"minecraft:picked_up":{"minecraft:birch_log":16,"born_in_chaos_v1:corpse_maggot":1,"minecraft:crafting_table":1,"minecraft:iron_chestplate":1,"minecraft:feather":3,"born_in_chaos_v1:monster_flesh":1,"minecraft:jungle_log":23,"minecraft:salmon":7,"minecraft:wooden_pickaxe":2,"minecraft:oak_log":29,"supplementaries:flax_seeds":9,"minecraft:shield":1,"born_in_chaos_v1:black_argillite":1,"minecraft:lapis_lazuli":24,"minecraft:dirt":7,"minecraft:raw_copper":58,"born_in_chaos_v1:monster_skin":2,"born_in_chaos_v1:intoxicating_decoction":2,"minecraft:bone":12,"minecraft:apple":1,"minecraft:stone_pickaxe":1,"minecraft:bamboo":25,"minecraft:melon_slice":50,"minecraft:birch_sapling":2,"minecraft:oak_planks":30,"minecraft:furnace":1,"minecraft:egg":3,"minecraft:pink_bed":1,"minecraft:raw_iron":33,"minecraft:stick":9,"minecraft:torch":51,"minecraft:acacia_log":6,"minecraft:jungle_planks":2,"minecraft:pointed_dripstone":3,"minecraft:diorite":1,"minecraft:carrot":3,"minecraft:rotten_flesh":28,"minecraft:stone_sword":3,"minecraft:arrow":4,"minecraft:iron_helmet":1,"minecraft:bone_meal":1,"minecraft:emerald":3,"minecraft:oak_sapling":1,"minecraft:coal":25,"minecraft:cobblestone":125}},"DataVersion":3465}