{"stats":{"minecraft:dropped":{"minecraft:stone_sword":1,"born_in_chaos_v1:monster_skin":1},"minecraft:custom":{"minecraft:time_since_rest":2671,"minecraft:interact_with_furnace":2,"minecraft:sprint_one_cm":39205,"minecraft:damage_taken":1750,"minecraft:walk_one_cm":160929,"minecraft:mob_kills":10,"minecraft:drop":2,"minecraft:damage_dealt":1661,"minecraft:interact_with_crafting_table":6,"minecraft:fly_one_cm":10833,"minecraft:play_time":33831,"minecraft:deaths":6,"minecraft:sneak_time":9,"minecraft:walk_under_water_one_cm":528,"minecraft:jump":349,"minecraft:leave_game":2,"minecraft:walk_on_water_one_cm":248,"minecraft:time_since_death":2611,"minecraft:climb_one_cm":838,"minecraft:total_world_time":33831,"minecraft:fall_one_cm":5546},"minecraft:mined":{"minecraft:iron_ore":6,"minecraft:jungle_leaves":2,"minecraft:glow_lichen":1,"minecraft:melon":1,"minecraft:grass":18,"minecraft:pointed_dripstone":1,"minecraft:oak_log":7,"minecraft:vine":3,"minecraft:jungle_log":23,"minecraft:stone":24,"minecraft:wall_torch":1,"minecraft:fern":5},"minecraft:crafted":{"minecraft:oak_planks":28,"minecraft:crafting_table":1,"minecraft:stick":12,"minecraft:wooden_pickaxe":1,"minecraft:stone_pickaxe":1,"minecraft:stone_sword":2},"minecraft:used":{"minecraft:stone_sword":88,"minecraft:stone_pickaxe":20,"minecraft:melon_slice":6,"minecraft:wooden_pickaxe":17,"minecraft:torch":6,"minecraft:crafting_table":1},"minecraft:killed":{"minecraft:skeleton":1,"minecraft:zombie":4,"born_in_chaos_v1:dread_hound":1,"born_in_chaos_v1:corpse_fly":1},"minecraft:killed_by":{"born_in_chaos_v1:diamond_termite":1,"minecraft:skeleton":3,"born_in_chaos_v1:dread_hound":1,"minecraft:zombie":1},"minecraft:picked_up":{"minecraft:stick":6,"minecraft:raw_iron":18,"minecraft:jungle_log":23,"minecraft:torch":41,"minecraft:wooden_pickaxe":2,"minecraft:oak_log":7,"minecraft:pointed_dripstone":3,"minecraft:carrot":3,"minecraft:raw_copper":4,"minecraft:rotten_flesh":9,"born_in_chaos_v1:monster_skin":1,"minecraft:stone_sword":2,"minecraft:bone":9,"minecraft:arrow":4,"minecraft:stone_pickaxe":1,"minecraft:melon_slice":50,"minecraft:oak_planks":30,"minecraft:cobblestone":58}},"DataVersion":3465}