{"stats":{"minecraft:dropped":{"minecraft:bread":5,"born_in_chaos_v1:nightmare_claw":1,"born_in_chaos_v1:monster_skin":1,"born_in_chaos_v1:fused_bone":2,"minecraft:bone_meal":10,"minecraft:iron_pickaxe":1,"minecraft:gold_ingot":2,"minecraft:moss_carpet":1,"minecraft:stone_sword":1,"minecraft:stone_shovel":1,"minecraft:iron_boots":1,"minecraft:spider_eye":1},"minecraft:custom":{"minecraft:mob_kills":51,"minecraft:interact_with_crafting_table":26,"minecraft:open_barrel":6,"minecraft:damage_dealt_resisted":46,"minecraft:leave_game":3,"minecraft:time_since_death":10828,"minecraft:climb_one_cm":1016,"minecraft:sprint_one_cm":170996,"minecraft:walk_one_cm":496586,"minecraft:drop":26,"minecraft:sneak_time":386,"minecraft:play_time":117092,"minecraft:deaths":9,"minecraft:walk_under_water_one_cm":50916,"minecraft:boat_one_cm":107386,"minecraft:jump":1231,"minecraft:walk_on_water_one_cm":45983,"minecraft:total_world_time":117092,"minecraft:interact_with_furnace":27,"minecraft:sleep_in_bed":1,"minecraft:time_since_rest":10896,"minecraft:damage_taken":3190,"minecraft:damage_dealt":7622,"minecraft:swim_one_cm":1167,"minecraft:fly_one_cm":62407,"minecraft:open_chest":31,"minecraft:crouch_one_cm":85,"minecraft:fall_one_cm":14368},"minecraft:mined":{"minecraft:jungle_leaves":2,"minecraft:glow_lichen":1,"minecraft:acacia_log":6,"minecraft:grass_block":8,"minecraft:jungle_log":23,"minecraft:tall_seagrass":5,"minecraft:iron_ore":21,"minecraft:moss_carpet":2,"minecraft:brown_bed":1,"minecraft:pointed_dripstone":1,"minecraft:vine":3,"minecraft:stone":26,"minecraft:melon":1,"minecraft:copper_ore":18,"minecraft:tall_grass":3,"minecraft:cobblestone":4,"minecraft:diorite":1,"minecraft:wall_torch":1,"minecraft:seagrass":5,"minecraft:birch_log":16,"minecraft:birch_leaves":4,"minecraft:grass":38,"minecraft:coal_ore":25,"minecraft:oak_log":27,"minecraft:oak_leaves":18,"minecraft:fern":5},"minecraft:crafted":{"minecraft:oak_planks":116,"minecraft:furnace":1,"minecraft:bone_meal":9,"minecraft:stone_pickaxe":2,"minecraft:crafting_table":3,"minecraft:wooden_pickaxe":1,"minecraft:iron_sword":1,"minecraft:cooked_salmon":7,"minecraft:copper_ingot":4,"minecraft:stone_axe":1,"minecraft:stick":36,"minecraft:iron_ingot":33,"minecraft:stone_sword":2,"minecraft:iron_leggings":1,"minecraft:acacia_planks":24},"minecraft:used":{"minecraft:stone_sword":187,"minecraft:iron_sword":217,"minecraft:cooked_salmon":4,"minecraft:torch":6,"born_in_chaos_v1:corpse_maggot":3,"minecraft:furnace":2,"minecraft:egg":3,"minecraft:stone_pickaxe":92,"minecraft:wooden_pickaxe":17,"minecraft:crafting_table":4,"minecraft:apple":1,"born_in_chaos_v1:monster_flesh":1,"minecraft:melon_slice":6,"minecraft:bread":9,"minecraft:stone_axe":62,"minecraft:pink_bed":1,"minecraft:cobblestone":21,"minecraft:white_banner":1,"minecraft:bone_meal":2},"minecraft:killed":{"born_in_chaos_v1:zombie_clown":1,"born_in_chaos_v1:mr_pumpkin":1,"born_in_chaos_v1:restless_spirit":2,"born_in_chaos_v1:zombie_lumberjack":1,"minecraft:spider":1,"born_in_chaos_v1:maggot":4,"minecraft:skeleton":1,"born_in_chaos_v1:corpse_fish":6,"minecraft:drowned":1,"born_in_chaos_v1:baby_skeleton":1,"minecraft:salmon":9,"minecraft:bat":1,"born_in_chaos_v1:decrepit_skeleton":1,"minecraft:pillager":1,"minecraft:zombie":7,"born_in_chaos_v1:dread_hound":2,"born_in_chaos_v1:corpse_fly":4},"minecraft:killed_by":{"born_in_chaos_v1:diamond_termite":1,"born_in_chaos_v1:sir_pumpkinhead":1,"minecraft:skeleton":3,"minecraft:zombie":1,"born_in_chaos_v1:corpse_fish":2,"born_in_chaos_v1:dread_hound":1},"minecraft:broken":{"minecraft:stone_sword":1},"minecraft:picked_up":{"minecraft:iron_chestplate":4,"minecraft:crafting_table":1,"minecraft:wheat":2,"minecraft:wooden_pickaxe":2,"minecraft:brown_bed":2,"minecraft:chain":1,"minecraft:shield":1,"born_in_chaos_v1:black_argillite":1,"minecraft:string":9,"minecraft:moss_carpet":1,"minecraft:raw_copper":58,"minecraft:cooked_salmon":4,"minecraft:iron_leggings":3,"born_in_chaos_v1:intoxicating_decoction":6,"minecraft:bucket":1,"minecraft:cobblestone_slab":1,"minecraft:iron_pickaxe":1,"minecraft:melon_slice":50,"minecraft:birch_sapling":8,"minecraft:egg":3,"minecraft:mangrove_log":1,"minecraft:iron_boots":4,"minecraft:furnace":1,"minecraft:stick":86,"minecraft:raw_iron":49,"minecraft:copper_ingot":1,"minecraft:torch":51,"minecraft:acacia_log":6,"minecraft:porkchop":6,"minecraft:pointed_dripstone":3,"minecraft:diorite":1,"born_in_chaos_v1:nightmare_claw":1,"minecraft:carrot":9,"minecraft:arrow":33,"minecraft:stone_sword":4,"minecraft:rotten_flesh":39,"minecraft:stone_shovel":2,"minecraft:gold_ingot":4,"minecraft:mutton":6,"minecraft:white_wool":5,"minecraft:cobblestone":243,"born_in_chaos_v1:fused_bone":2,"minecraft:birch_log":50,"born_in_chaos_v1:corpse_maggot":3,"minecraft:feather":3,"born_in_chaos_v1:monster_flesh":4,"minecraft:salmon":18,"minecraft:jungle_log":23,"minecraft:andesite":2,"minecraft:leather":2,"minecraft:potato":8,"minecraft:oak_log":29,"supplementaries:flax_seeds":36,"minecraft:lapis_lazuli":96,"minecraft:dirt":8,"minecraft:white_banner":1,"born_in_chaos_v1:monster_skin":2,"minecraft:bone":27,"minecraft:acacia_planks":37,"minecraft:apple":1,"minecraft:wheat_seeds":37,"minecraft:stone_pickaxe":4,"born_in_chaos_v1:smoked_flesh":6,"minecraft:bamboo":25,"minecraft:oak_planks":70,"minecraft:iron_sword":3,"minecraft:stone_hoe":1,"minecraft:pink_bed":1,"born_in_chaos_v1:ethereal_spirit":2,"minecraft:jungle_planks":6,"minecraft:spider_eye":1,"minecraft:stone_axe":3,"minecraft:iron_helmet":4,"minecraft:bone_meal":8,"minecraft:emerald":3,"minecraft:bread":16,"minecraft:oak_sapling":1,"born_in_chaos_v1:rotten_fish":11,"minecraft:coal":131}},"DataVersion":3465}