{"stats":{"minecraft:dropped":{"minecraft:iron_ingot":11,"minecraft:oak_log":2,"minecraft:cobblestone":59,"born_in_chaos_v1:monster_skin":1,"minecraft:torch":26,"minecraft:melon_slice":19,"minecraft:cooked_chicken":2,"minecraft:stone_sword":1,"minecraft:rotten_flesh":6,"minecraft:jungle_log":19,"minecraft:egg":3},"minecraft:custom":{"minecraft:mob_kills":39,"minecraft:interact_with_crafting_table":28,"minecraft:damage_dealt_resisted":50,"minecraft:leave_game":4,"minecraft:time_since_death":84551,"minecraft:climb_one_cm":3073,"minecraft:sprint_one_cm":69573,"minecraft:walk_one_cm":238708,"minecraft:drop":12,"minecraft:play_time":84551,"minecraft:sneak_time":627,"minecraft:walk_under_water_one_cm":30663,"minecraft:jump":841,"minecraft:walk_on_water_one_cm":67975,"minecraft:total_world_time":84551,"minecraft:interact_with_furnace":22,"minecraft:sleep_in_bed":5,"minecraft:time_since_rest":5108,"minecraft:damage_taken":834,"minecraft:damage_dealt":4797,"minecraft:swim_one_cm":15620,"minecraft:fly_one_cm":30836,"minecraft:open_chest":16,"minecraft:crouch_one_cm":1606,"minecraft:fall_one_cm":14192},"minecraft:mined":{"minecraft:white_bed":10,"quark:orange_blossom_leaves":1,"minecraft:jungle_leaves":5,"born_in_chaos_v1:infected_diamond_ore":1,"minecraft:grass_block":2,"minecraft:jungle_planks":4,"born_in_chaos_v1:black_argillite":1,"minecraft:jungle_log":45,"minecraft:furnace":2,"minecraft:iron_ore":21,"minecraft:andesite":6,"minecraft:vine":8,"minecraft:cobblestone_slab":5,"minecraft:bamboo":3,"minecraft:stone":196,"minecraft:red_bed":1,"minecraft:dandelion":2,"minecraft:crafting_table":1,"minecraft:melon":4,"minecraft:poppy":6,"supplementaries:wild_flax":9,"minecraft:tall_grass":2,"minecraft:cobblestone":19,"minecraft:wall_torch":3,"supplementaries:urn":5,"minecraft:chain":1,"minecraft:jungle_fence":3,"minecraft:grass":10,"minecraft:coal_ore":46,"minecraft:dirt":11},"minecraft:crafted":{"minecraft:black_dye":1,"minecraft:stone_shovel":1,"minecraft:cobblestone_slab":48,"minecraft:pink_bed":1,"minecraft:cooked_chicken":3,"quark:jungle_chest":2,"minecraft:furnace":2,"minecraft:bone_meal":9,"minecraft:pink_dye":2,"minecraft:cooked_mutton":3,"minecraft:iron_boots":1,"minecraft:stone_pickaxe":2,"minecraft:jungle_fence":6,"minecraft:stone_hoe":1,"minecraft:red_dye":2,"minecraft:cooked_porkchop":1,"minecraft:crafting_table":2,"minecraft:iron_helmet":1,"minecraft:wooden_pickaxe":1,"minecraft:red_bed":1,"minecraft:blue_bed":1,"minecraft:cooked_salmon":6,"minecraft:bucket":1,"minecraft:stone_axe":3,"minecraft:air":0,"minecraft:jungle_planks":84,"minecraft:blue_dye":1,"minecraft:iron_chestplate":1,"minecraft:shield":1,"minecraft:white_dye":1,"minecraft:stick":28,"minecraft:iron_ingot":34,"minecraft:iron_pickaxe":1,"minecraft:stone_sword":1,"minecraft:iron_leggings":1,"minecraft:black_bed":1,"minecraft:white_bed":1,"minecraft:torch":48},"minecraft:used":{"minecraft:stone_sword":62,"minecraft:stone_shovel":11,"quark:jungle_chest":2,"minecraft:cooked_salmon":1,"minecraft:stone_hoe":10,"minecraft:cooked_chicken":1,"minecraft:rotten_flesh":1,"minecraft:iron_chestplate":1,"minecraft:torch":26,"minecraft:dirt":12,"minecraft:jungle_planks":14,"born_in_chaos_v1:corpse_maggot":4,"minecraft:jungle_log":4,"minecraft:iron_helmet":1,"minecraft:iron_boots":1,"minecraft:furnace":4,"minecraft:egg":3,"minecraft:iron_leggings":1,"minecraft:wheat_seeds":4,"minecraft:cooked_mutton":3,"minecraft:water_bucket":2,"minecraft:stone_pickaxe":140,"minecraft:jungle_fence":7,"minecraft:wooden_pickaxe":14,"minecraft:blue_bed":1,"minecraft:cobblestone_slab":48,"minecraft:salmon":2,"minecraft:crafting_table":2,"minecraft:red_bed":1,"minecraft:white_bed":8,"minecraft:black_bed":1,"born_in_chaos_v1:monster_flesh":1,"minecraft:iron_pickaxe":169,"minecraft:stone_axe":105,"minecraft:pink_bed":1,"minecraft:cobblestone":22,"born_in_chaos_v1:rotten_fish":2,"minecraft:cooked_porkchop":1,"minecraft:porkchop":3,"minecraft:andesite":6,"minecraft:bucket":2,"minecraft:bone_meal":3},"minecraft:killed":{"born_in_chaos_v1:zombie_bruiser":1,"born_in_chaos_v1:maggot":2,"minecraft:skeleton":2,"minecraft:chicken":3,"born_in_chaos_v1:corpse_fish":2,"born_in_chaos_v1:barrel_zombie":1,"minecraft:pig":2,"born_in_chaos_v1:diamond_termite":1,"minecraft:salmon":8,"minecraft:squid":1,"minecraft:sheep":2,"minecraft:zombie":6,"born_in_chaos_v1:dread_hound":1,"born_in_chaos_v1:corpse_fly":6},"minecraft:broken":{"minecraft:stone_pickaxe":1,"minecraft:stone_axe":1},"minecraft:picked_up":{"minecraft:crafting_table":1,"born_in_chaos_v1:diamond_termite_shard":2,"minecraft:chicken":3,"born_in_chaos_v1:river_mint":6,"minecraft:chain":2,"born_in_chaos_v1:black_argillite":1,"minecraft:red_bed":1,"minecraft:pufferfish":2,"minecraft:cobblestone_slab":7,"minecraft:iron_nugget":22,"minecraft:poppy":6,"minecraft:iron_pickaxe":1,"minecraft:melon_slice":19,"minecraft:sugar_cane":4,"minecraft:egg":6,"minecraft:iron_boots":1,"minecraft:furnace":2,"minecraft:raw_iron":21,"minecraft:stick":9,"minecraft:torch":7,"minecraft:porkchop":4,"minecraft:pointed_dripstone":2,"minecraft:stone_sword":1,"minecraft:arrow":8,"minecraft:rotten_flesh":22,"born_in_chaos_v1:spiny_shell":4,"supplementaries:ash":18,"minecraft:mutton":3,"minecraft:white_wool":5,"minecraft:cobblestone":248,"born_in_chaos_v1:fused_bone":1,"born_in_chaos_v1:corpse_maggot":10,"minecraft:feather":3,"born_in_chaos_v1:monster_flesh":1,"minecraft:salmon":8,"minecraft:andesite":10,"minecraft:jungle_log":44,"minecraft:jungle_fence":4,"minecraft:oak_log":2,"supplementaries:flax_seeds":13,"minecraft:lapis_lazuli":6,"minecraft:dirt":12,"born_in_chaos_v1:monster_skin":2,"minecraft:bone":11,"minecraft:bow":1,"minecraft:wheat_seeds":4,"minecraft:iron_ingot":11,"minecraft:bamboo":31,"minecraft:iron_sword":1,"born_in_chaos_v1:ethereal_spirit":2,"minecraft:dandelion":2,"minecraft:poisonous_potato":2,"minecraft:jungle_planks":4,"minecraft:white_bed":10,"minecraft:ink_sac":3,"minecraft:bone_meal":15,"minecraft:emerald":3,"born_in_chaos_v1:rotten_fish":3,"minecraft:coal":55}},"DataVersion":3465}