{"stats":{"minecraft:dropped":{"minecraft:jungle_log":19},"minecraft:custom":{"minecraft:time_since_rest":2570,"minecraft:sprint_one_cm":5946,"minecraft:damage_taken":66,"minecraft:walk_one_cm":23596,"minecraft:mob_kills":1,"minecraft:drop":1,"minecraft:damage_dealt":177,"minecraft:interact_with_crafting_table":3,"minecraft:fly_one_cm":249,"minecraft:play_time":9881,"minecraft:sneak_time":88,"minecraft:walk_under_water_one_cm":1730,"minecraft:jump":94,"minecraft:time_since_death":9881,"minecraft:walk_on_water_one_cm":11893,"minecraft:sleep_in_bed":1,"minecraft:climb_one_cm":2835,"minecraft:total_world_time":9881,"minecraft:fall_one_cm":964},"minecraft:mined":{"minecraft:white_bed":1,"minecraft:jungle_leaves":5,"minecraft:andesite":6,"minecraft:crafting_table":1,"minecraft:grass_block":2,"minecraft:melon":4,"minecraft:vine":7,"minecraft:jungle_log":41,"minecraft:bamboo":3,"minecraft:stone":6},"minecraft:crafted":{"minecraft:crafting_table":1,"minecraft:stick":8,"minecraft:wooden_pickaxe":1,"minecraft:stone_pickaxe":1,"minecraft:white_bed":1,"minecraft:stone_axe":1,"minecraft:jungle_planks":20},"minecraft:used":{"minecraft:wooden_pickaxe":14,"minecraft:stone_axe":58,"minecraft:crafting_table":1,"minecraft:andesite":6,"minecraft:white_bed":1},"minecraft:killed":{"minecraft:skeleton":1},"minecraft:picked_up":{"minecraft:crafting_table":1,"minecraft:andesite":6,"minecraft:jungle_log":40,"minecraft:white_bed":1,"minecraft:dirt":2,"minecraft:bone":1,"minecraft:arrow":2,"minecraft:bow":1,"minecraft:wheat_seeds":1,"minecraft:bamboo":28,"minecraft:melon_slice":19,"minecraft:white_wool":3,"minecraft:cobblestone":6}},"DataVersion":3465}