{"stats":{"minecraft:dropped":{"minecraft:melon_slice":19,"minecraft:jungle_log":19},"minecraft:custom":{"minecraft:time_since_rest":14570,"minecraft:interact_with_furnace":5,"minecraft:sprint_one_cm":24955,"minecraft:damage_taken":102,"minecraft:walk_one_cm":62879,"minecraft:mob_kills":8,"minecraft:drop":2,"minecraft:damage_dealt":856,"minecraft:interact_with_crafting_table":4,"minecraft:fly_one_cm":9746,"minecraft:crouch_one_cm":325,"minecraft:play_time":21881,"minecraft:sneak_time":218,"minecraft:walk_under_water_one_cm":2473,"minecraft:jump":236,"minecraft:time_since_death":21881,"minecraft:walk_on_water_one_cm":21178,"minecraft:sleep_in_bed":1,"minecraft:climb_one_cm":3073,"minecraft:total_world_time":21881,"minecraft:fall_one_cm":3507},"minecraft:mined":{"supplementaries:urn":2,"minecraft:white_bed":1,"minecraft:iron_ore":1,"minecraft:jungle_leaves":5,"minecraft:andesite":6,"minecraft:crafting_table":1,"minecraft:grass":1,"minecraft:grass_block":2,"minecraft:coal_ore":25,"minecraft:melon":4,"minecraft:vine":8,"minecraft:jungle_log":41,"supplementaries:wild_flax":9,"minecraft:bamboo":3,"minecraft:stone":23,"minecraft:wall_torch":1},"minecraft:crafted":{"minecraft:crafting_table":1,"minecraft:stick":8,"minecraft:cooked_chicken":3,"minecraft:wooden_pickaxe":1,"minecraft:stone_pickaxe":1,"minecraft:furnace":1,"minecraft:white_bed":1,"minecraft:torch":8,"minecraft:stone_axe":1,"minecraft:air":0,"minecraft:cooked_mutton":3,"minecraft:jungle_planks":20},"minecraft:used":{"minecraft:cooked_mutton":2,"minecraft:stone_pickaxe":44,"minecraft:wooden_pickaxe":14,"minecraft:torch":7,"minecraft:stone_axe":74,"minecraft:crafting_table":1,"minecraft:furnace":1,"minecraft:andesite":6,"minecraft:white_bed":3},"minecraft:killed":{"born_in_chaos_v1:barrel_zombie":1,"minecraft:sheep":2,"minecraft:skeleton":1,"minecraft:zombie":1,"minecraft:chicken":3},"minecraft:picked_up":{"minecraft:raw_iron":1,"minecraft:crafting_table":1,"minecraft:feather":3,"minecraft:chicken":3,"minecraft:andesite":6,"minecraft:jungle_log":40,"minecraft:torch":1,"minecraft:poisonous_potato":1,"supplementaries:flax_seeds":9,"minecraft:white_bed":2,"minecraft:dirt":2,"minecraft:stone_sword":1,"minecraft:pufferfish":1,"minecraft:rotten_flesh":1,"minecraft:bone":1,"minecraft:arrow":2,"minecraft:bow":1,"minecraft:wheat_seeds":1,"minecraft:emerald":3,"supplementaries:ash":8,"minecraft:bamboo":28,"minecraft:melon_slice":19,"minecraft:sugar_cane":2,"minecraft:mutton":3,"minecraft:coal":25,"minecraft:white_wool":5,"minecraft:cobblestone":23,"minecraft:egg":3}},"DataVersion":3465}