{"stats":{"minecraft:broken":{"minecraft:iron_chestplate":1,"minecraft:stone_pickaxe":3,"minecraft:stone_axe":3,"minecraft:stone_sword":1,"minecraft:iron_pickaxe":1,"minecraft:iron_helmet":1},"minecraft:mined":{"minecraft:white_bed":10,"minecraft:pink_bed":3,"quark:orange_blossom_leaves":63,"quark:cherry_chest":1,"minecraft:jungle_leaves":15,"minecraft:acacia_log":18,"minecraft:grass_block":19,"minecraft:jungle_log":49,"minecraft:oxeye_daisy":1,"minecraft:spawner":7,"minecraft:magma_block":2,"minecraft:glowstone":1,"minecraft:iron_ore":57,"minecraft:cobbled_deepslate":1,"minecraft:fire":2,"minecraft:barrel":2,"minecraft:deepslate_lapis_ore":7,"minecraft:brown_bed":1,"minecraft:oak_stairs":33,"minecraft:spruce_slab":3,"minecraft:deepslate_redstone_ore":6,"minecraft:red_bed":1,"minecraft:smoker":6,"minecraft:clay":6,"minecraft:torch":3,"minecraft:calcite":2,"minecraft:poppy":6,"minecraft:melon":4,"quark:blossom_log":10,"supplementaries:wild_flax":9,"minecraft:cobblestone":60,"minecraft:oak_planks":44,"minecraft:sugar_cane":6,"minecraft:wall_torch":7,"minecraft:amethyst_block":4,"minecraft:seagrass":1,"minecraft:chain":1,"minecraft:birch_log":5,"minecraft:wheat":42,"born_in_chaos_v1:river_mint":2,"minecraft:black_bed":1,"minecraft:grass":98,"minecraft:oak_log":152,"minecraft:sand":123,"minecraft:dirt":32,"minecraft:mangrove_log":2,"minecraft:smooth_basalt":2,"minecraft:netherrack":6,"minecraft:oak_leaves":39,"minecraft:deepslate":93,"minecraft:tuff":3,"minecraft:deepslate_diamond_ore":3,"born_in_chaos_v1:nightmare_stalker_skull":2,"born_in_chaos_v1:infected_diamond_ore":1,"minecraft:glow_lichen":1,"minecraft:jungle_planks":12,"born_in_chaos_v1:black_argillite":1,"travelersbackpack:white_sleeping_bag":3,"minecraft:moss_block":3,"minecraft:furnace":10,"minecraft:carrots":7,"minecraft:andesite":25,"minecraft:peony":9,"minecraft:deepslate_iron_ore":6,"minecraft:cobblestone_slab":8,"minecraft:vine":10,"minecraft:lantern":1,"minecraft:bamboo":3,"minecraft:stone":352,"minecraft:oak_slab":1,"minecraft:acacia_leaves":3,"minecraft:flowering_azalea":2,"born_in_chaos_v1:marigolds":1,"minecraft:dandelion":4,"minecraft:oak_fence":39,"minecraft:crafting_table":6,"minecraft:cornflower":2,"supplementaries:item_shelf":4,"minecraft:tall_grass":7,"minecraft:deepslate_gold_ore":12,"supplementaries:urn":8,"minecraft:birch_planks":1,"minecraft:acacia_fence_gate":1,"minecraft:birch_leaves":2,"minecraft:jungle_fence":8,"quark:deepslate_furnace":2,"minecraft:coal_ore":212,"minecraft:spruce_fence_gate":1,"minecraft:gold_ore":5,"minecraft:fern":1},"minecraft:used":{"minecraft:peony":3,"minecraft:moss_block":3,"minecraft:moss_carpet":1,"minecraft:spruce_slab":5,"minecraft:ladder":3,"minecraft:poppy":2,"minecraft:shield":302,"minecraft:iron_sword":28,"minecraft:rotten_flesh":1,"minecraft:iron_chestplate":3,"quark:cherry_chest":2,"minecraft:jungle_planks":16,"minecraft:carrot":14,"minecraft:tuff":1,"minecraft:big_dripleaf":2,"minecraft:glass":7,"born_in_chaos_v1:corpse_maggot":11,"born_in_chaos_v1:smoked_flesh":59,"minecraft:lava_bucket":6,"minecraft:lantern":1,"quark:deepslate_furnace":3,"minecraft:birch_sapling":1,"born_in_chaos_v1:mint_candy":1,"minecraft:iron_helmet":3,"minecraft:item_frame":2,"born_in_chaos_v1:nightmare_stalker_skull":3,"minecraft:magma_block":1,"minecraft:oak_sapling":13,"minecraft:furnace":13,"minecraft:egg":7,"minecraft:oak_planks":189,"minecraft:stone_pickaxe":397,"minecraft:jungle_fence":28,"minecraft:wooden_pickaxe":14,"minecraft:clay":6,"minecraft:blue_bed":1,"minecraft:jungle_boat":1,"minecraft:glow_berries":6,"minecraft:sand":44,"minecraft:black_bed":2,"quark:blossom_boat":1,"born_in_chaos_v1:monster_flesh":1,"minecraft:bread":11,"born_in_chaos_v1:marigolds":2,"born_in_chaos_v1:smoked_monster_flesh":1,"born_in_chaos_v1:rotten_fish":2,"born_in_chaos_v1:river_mint":5,"minecraft:andesite":7,"minecraft:oak_boat":5,"minecraft:bone_meal":24,"minecraft:oak_fence":89,"minecraft:stone_sword":396,"minecraft:acacia_log":4,"minecraft:flint_and_steel":3,"minecraft:stone_shovel":117,"quark:jungle_chest":2,"born_in_chaos_v1:smoked_fish":10,"minecraft:iron_ingot":1,"minecraft:wooden_shovel":9,"minecraft:cooked_salmon":17,"minecraft:stone_hoe":23,"minecraft:cooked_chicken":8,"minecraft:netherrack":8,"minecraft:torch":111,"minecraft:dirt":111,"supplementaries:item_shelf":14,"minecraft:oak_fence_gate":1,"minecraft:dark_oak_planks":4,"minecraft:iron_axe":204,"minecraft:oak_stairs":129,"minecraft:jungle_log":4,"minecraft:iron_boots":1,"minecraft:barrel":8,"minecraft:smooth_basalt":2,"minecraft:cooked_beef":1,"minecraft:cobbled_deepslate":63,"minecraft:acacia_planks":21,"minecraft:pointed_dripstone":1,"minecraft:iron_leggings":2,"minecraft:brown_bed":2,"minecraft:water_bucket":9,"minecraft:wheat_seeds":118,"minecraft:cooked_mutton":8,"minecraft:acacia_boat":1,"minecraft:chiseled_bookshelf":2,"minecraft:amethyst_block":4,"minecraft:birch_planks":17,"minecraft:glass_bottle":1,"minecraft:cobblestone_slab":57,"minecraft:salmon":2,"minecraft:music_disc_cat":1,"minecraft:oak_slab":19,"minecraft:crafting_table":15,"minecraft:red_bed":1,"supplementaries:bomb":5,"minecraft:white_bed":8,"minecraft:campfire":1,"minecraft:smoker":9,"minecraft:oak_log":4,"minecraft:paper":1,"minecraft:cornflower":2,"minecraft:iron_pickaxe":529,"travelersbackpack:white_sleeping_bag":3,"minecraft:acacia_fence_gate":2,"minecraft:stone_axe":444,"minecraft:pink_bed":4,"minecraft:cobblestone":200,"travelersbackpack:standard":1,"minecraft:porkchop":3,"minecraft:white_banner":1,"minecraft:cooked_porkchop":10,"minecraft:bucket":19,"quark:oak_chest":16,"alexsmobs:animal_dictionary":1,"minecraft:kelp":1,"minecraft:dandelion":2},"minecraft:killed":{"born_in_chaos_v1:mr_pumpkin":2,"minecraft:spider":7,"born_in_chaos_v1:siamese_skeletonsright":1,"minecraft:skeleton":6,"minecraft:chicken":4,"minecraft:pig":5,"born_in_chaos_v1:diamond_termite":1,"minecraft:salmon":17,"minecraft:sheep":8,"minecraft:pillager":2,"minecraft:zombie":29,"born_in_chaos_v1:dread_hound":4,"alexsmobs:terrapin":2,"born_in_chaos_v1:corpse_fly":9,"endofherobrine:cow":1,"born_in_chaos_v1:siamese_skeletonsleft":1,"minecraft:cow":5,"born_in_chaos_v1:zombie_bruiser":3,"born_in_chaos_v1:maggot":10,"minecraft:horse":3,"born_in_chaos_v1:dire_hound_leader":1,"born_in_chaos_v1:corpse_fish":5,"born_in_chaos_v1:barrel_zombie":1,"born_in_chaos_v1:bone_imp_minion":2,"minecraft:squid":1,"born_in_chaos_v1:decrepit_skeleton":2,"alexsmobs:catfish":1,"born_in_chaos_v1:nightmare_stalker":2},"minecraft:dropped":{"minecraft:iron_sword":1,"minecraft:cooked_beef":9,"minecraft:oak_log":2,"minecraft:glass_bottle":4,"minecraft:leather":1,"minecraft:cod":1,"born_in_chaos_v1:monster_skin":12,"minecraft:iron_pickaxe":1,"minecraft:bone":21,"minecraft:cobbled_deepslate":1,"minecraft:cooked_chicken":2,"minecraft:rotten_flesh":6,"born_in_chaos_v1:smoked_flesh":50,"minecraft:cooked_mutton":5,"minecraft:honey_bottle":1,"born_in_chaos_v1:seedof_chaos":1,"minecraft:jungle_log":19,"improvableskills:scroll_normal":2,"minecraft:arrow":2,"minecraft:egg":4,"minecraft:iron_ingot":11,"minecraft:bread":15,"minecraft:tnt":1,"minecraft:cobblestone":59,"minecraft:torch":26,"minecraft:melon_slice":19,"minecraft:cooked_salmon":4,"minecraft:iron_leggings":1,"minecraft:iron_axe":2,"minecraft:stone_sword":1,"born_in_chaos_v1:smoked_monster_flesh":18,"minecraft:potato":8,"minecraft:peony":1,"minecraft:wooden_shovel":1,"born_in_chaos_v1:bloody_gadfly_eye":1,"born_in_chaos_v1:nightmare_mantleofthe_night_helmet":1,"minecraft:wooden_pickaxe":1},"minecraft:killed_by":{"born_in_chaos_v1:mr_pumpkin":1,"minecraft:warden":1},"minecraft:crafted":{"minecraft:black_dye":1,"minecraft:oak_planks":448,"minecraft:cobblestone_slab":48,"minecraft:barrel":7,"minecraft:pink_bed":1,"minecraft:cooked_chicken":3,"travelersbackpack:pink_sleeping_bag":1,"quark:cherry_chest":1,"quark:deepslate_furnace":1,"minecraft:cooked_mutton":8,"minecraft:glass":54,"minecraft:iron_boots":2,"minecraft:stone_hoe":1,"minecraft:oak_fence":51,"minecraft:smoker":3,"minecraft:glass_bottle":3,"minecraft:item_frame":1,"minecraft:oak_slab":54,"minecraft:wooden_shovel":1,"quark:blossom_planks":16,"born_in_chaos_v1:smoked_fish":1,"minecraft:cooked_porkchop":9,"minecraft:crafting_table":11,"minecraft:jungle_boat":1,"travelersbackpack:standard":2,"minecraft:wooden_pickaxe":1,"minecraft:iron_helmet":3,"minecraft:birch_planks":16,"minecraft:campfire":1,"minecraft:iron_chestplate":3,"minecraft:charcoal":1,"minecraft:shield":1,"quark:oak_chest":17,"minecraft:stick":96,"born_in_chaos_v1:smoked_flesh":110,"minecraft:iron_ingot":91,"minecraft:iron_pickaxe":3,"minecraft:stone_sword":2,"minecraft:gold_ingot":11,"minecraft:black_bed":1,"minecraft:cherry_planks":8,"minecraft:stone_shovel":1,"minecraft:iron_nugget":27,"quark:jungle_chest":2,"minecraft:furnace":6,"minecraft:acacia_fence_gate":1,"minecraft:bone_meal":9,"minecraft:pink_dye":4,"born_in_chaos_v1:smoked_monster_flesh":14,"minecraft:lantern":3,"travelersbackpack:white_sleeping_bag":2,"minecraft:iron_axe":1,"minecraft:ladder":4,"minecraft:stone_pickaxe":2,"minecraft:chiseled_bookshelf":2,"minecraft:jungle_fence":21,"minecraft:dark_oak_planks":4,"minecraft:cooked_beef":10,"minecraft:red_dye":2,"minecraft:cooked_cod":3,"supplementaries:item_shelf":10,"travelersbackpack:backpack_tank":4,"minecraft:iron_sword":1,"minecraft:red_bed":1,"minecraft:blue_bed":1,"minecraft:cooked_salmon":14,"minecraft:mangrove_planks":8,"minecraft:bucket":1,"minecraft:stone_axe":5,"quark:blossom_boat":1,"minecraft:jungle_planks":100,"minecraft:acacia_boat":1,"minecraft:bread":23,"minecraft:air":0,"minecraft:blue_dye":1,"minecraft:oak_fence_gate":1,"minecraft:oak_boat":4,"minecraft:white_dye":1,"minecraft:oak_stairs":96,"minecraft:iron_leggings":2,"minecraft:white_bed":1,"minecraft:acacia_planks":32,"minecraft:torch":124,"minecraft:clay":6},"minecraft:custom":{"minecraft:interact_with_crafting_table":151,"minecraft:open_barrel":49,"minecraft:leave_game":14,"minecraft:time_since_death":20842,"minecraft:sprint_one_cm":724387,"minecraft:damage_blocked_by_shield":1745,"minecraft:drop":52,"minecraft:play_time":512016,"minecraft:deaths":11,"minecraft:jump":7560,"minecraft:walk_on_water_one_cm":225887,"minecraft:interact_with_furnace":91,"minecraft:interact_with_cartography_table":3,"minecraft:sleep_in_bed":18,"minecraft:damage_dealt":21634,"minecraft:crouch_one_cm":40320,"minecraft:interact_with_smoker":89,"minecraft:horse_one_cm":3328,"minecraft:mob_kills":137,"minecraft:damage_dealt_resisted":1875,"minecraft:climb_one_cm":10768,"minecraft:walk_one_cm":1536871,"minecraft:sneak_time":16837,"minecraft:walk_under_water_one_cm":122935,"minecraft:boat_one_cm":432704,"minecraft:interact_with_blast_furnace":1,"minecraft:total_world_time":512016,"minecraft:time_since_rest":20883,"minecraft:damage_taken":8252,"minecraft:swim_one_cm":112574,"minecraft:fly_one_cm":812598,"minecraft:open_chest":231,"minecraft:fall_one_cm":179220},"minecraft:picked_up":{"minecraft:seagrass":2,"minecraft:iron_chestplate":6,"minecraft:wheat":87,"minecraft:oak_stairs":34,"minecraft:brown_bed":1,"minecraft:turtle_egg":1,"born_in_chaos_v1:bloody_gadfly_eye":1,"minecraft:amethyst_block":4,"born_in_chaos_v1:black_argillite":1,"minecraft:music_disc_cat":2,"minecraft:string":31,"minecraft:cooked_salmon":18,"minecraft:iron_leggings":9,"minecraft:pufferfish":3,"minecraft:gold_nugget":14,"minecraft:cobbled_deepslate":87,"minecraft:bucket":4,"born_in_chaos_v1:nightmare_mantleofthe_night_helmet":1,"minecraft:acacia_fence_gate":1,"minecraft:cobblestone_slab":10,"minecraft:azalea":1,"minecraft:wooden_shovel":3,"minecraft:iron_pickaxe":10,"minecraft:melon_slice":19,"minecraft:mangrove_log":2,"minecraft:iron_boots":8,"minecraft:furnace":11,"minecraft:stick":108,"born_in_chaos_v1:shattered_skull":1,"minecraft:big_dripleaf":6,"minecraft:oak_fence":108,"quark:cherry_chest":1,"minecraft:torch":124,"minecraft:acacia_log":21,"quark:blossom_log":10,"minecraft:porkchop":13,"minecraft:cherry_log":4,"minecraft:pointed_dripstone":2,"born_in_chaos_v1:nightmare_claw":3,"minecraft:stone_sword":5,"minecraft:honey_bottle":1,"minecraft:rotten_flesh":77,"supplementaries:ash":33,"minecraft:cod":2,"minecraft:cobblestone":529,"minecraft:nautilus_shell":1,"minecraft:birch_log":9,"minecraft:magma_block":2,"minecraft:feather":3,"minecraft:cooked_beef":3,"minecraft:water_bucket":1,"minecraft:andesite":30,"minecraft:jungle_log":48,"minecraft:black_bed":1,"minecraft:golden_leggings":1,"minecraft:smoker":6,"supplementaries:item_shelf":4,"minecraft:tuff":1,"supplementaries:flax_seeds":13,"minecraft:horn_coral":2,"minecraft:lantern":4,"minecraft:lapis_lazuli":48,"minecraft:dirt":200,"born_in_chaos_v1:nightmare_stalker_skull":4,"born_in_chaos_v1:monster_skin":14,"born_in_chaos_v1:marigolds":1,"minecraft:bone":46,"minecraft:glass":2,"minecraft:acacia_planks":3,"minecraft:bow":1,"minecraft:wheat_seeds":196,"minecraft:raw_gold":14,"minecraft:glowstone_dust":2,"minecraft:bamboo":31,"minecraft:moss_block":3,"born_in_chaos_v1:mint_candy":3,"minecraft:oak_planks":236,"minecraft:cooked_porkchop":1,"minecraft:poisonous_potato":3,"minecraft:sand":156,"minecraft:jungle_planks":11,"minecraft:ink_sac":3,"minecraft:dark_oak_log":1,"minecraft:barrel":4,"travelersbackpack:white_sleeping_bag":2,"minecraft:spruce_fence_gate":1,"minecraft:diamond":4,"minecraft:bone_meal":22,"minecraft:emerald":6,"minecraft:bread":5,"minecraft:oak_sapling":14,"born_in_chaos_v1:rotten_fish":5,"minecraft:netherrack":8,"born_in_chaos_v1:diamond_termite_shard":2,"minecraft:fishing_rod":1,"minecraft:crafting_table":8,"minecraft:ladder":1,"born_in_chaos_v1:smoked_monster_flesh":5,"minecraft:chicken":6,"born_in_chaos_v1:river_mint":11,"minecraft:clay_ball":54,"born_in_chaos_v1:seedof_chaos":1,"minecraft:wooden_pickaxe":1,"minecraft:chain":2,"minecraft:shield":8,"minecraft:cornflower":1,"minecraft:red_bed":1,"minecraft:moss_carpet":5,"minecraft:iron_axe":4,"minecraft:flint_and_steel":1,"born_in_chaos_v1:intoxicating_decoction":2,"minecraft:item_frame":2,"born_in_chaos_v1:smoked_fish":9,"improvableskills:scroll_normal":2,"minecraft:beef":11,"minecraft:oak_boat":1,"minecraft:jungle_sapling":1,"minecraft:iron_nugget":26,"minecraft:poppy":6,"minecraft:spruce_slab":5,"minecraft:sugar_cane":16,"minecraft:birch_sapling":3,"minecraft:phantom_membrane":1,"minecraft:egg":12,"minecraft:raw_iron":95,"quark:deepslate_furnace":3,"minecraft:carrot":23,"minecraft:redstone":54,"minecraft:tnt":1,"minecraft:stone_shovel":3,"minecraft:arrow":22,"minecraft:peony":11,"born_in_chaos_v1:spiny_shell":4,"minecraft:gold_ingot":2,"minecraft:mutton":24,"minecraft:white_wool":18,"born_in_chaos_v1:fused_bone":5,"born_in_chaos_v1:corpse_maggot":33,"born_in_chaos_v1:monster_flesh":19,"minecraft:tripwire_hook":3,"minecraft:salmon":16,"minecraft:leather":21,"minecraft:jungle_fence":8,"minecraft:birch_planks":1,"minecraft:oak_log":176,"minecraft:lily_pad":1,"minecraft:gunpowder":12,"minecraft:paper":4,"minecraft:white_banner":1,"minecraft:apple":1,"minecraft:kelp":4,"born_in_chaos_v1:smoked_flesh":119,"minecraft:iron_ingot":15,"minecraft:stone_pickaxe":12,"minecraft:cooked_chicken":9,"minecraft:glass_bottle":4,"minecraft:iron_sword":1,"minecraft:flowering_azalea":6,"minecraft:oak_slab":2,"minecraft:pink_bed":3,"minecraft:smooth_basalt":2,"born_in_chaos_v1:ethereal_spirit":2,"minecraft:dandelion":4,"minecraft:white_bed":10,"minecraft:spider_eye":2,"alexsmobs:raw_catfish":4,"minecraft:pumpkin_seeds":3,"minecraft:stone_axe":3,"minecraft:iron_helmet":7,"minecraft:coal":657}},"DataVersion":3465}