{"stats":{"minecraft:dropped":{"born_in_chaos_v1:monster_skin":1,"minecraft:torch":16,"minecraft:jungle_log":19,"minecraft:melon_slice":19},"minecraft:custom":{"minecraft:interact_with_furnace":18,"minecraft:mob_kills":12,"minecraft:interact_with_crafting_table":15,"minecraft:leave_game":4,"minecraft:time_since_death":42551,"minecraft:sleep_in_bed":1,"minecraft:climb_one_cm":3073,"minecraft:time_since_rest":35240,"minecraft:sprint_one_cm":39821,"minecraft:damage_taken":262,"minecraft:walk_one_cm":112733,"minecraft:drop":4,"minecraft:damage_dealt":1502,"minecraft:fly_one_cm":12404,"minecraft:open_chest":5,"minecraft:crouch_one_cm":1361,"minecraft:play_time":42551,"minecraft:sneak_time":486,"minecraft:walk_under_water_one_cm":4482,"minecraft:jump":435,"minecraft:walk_on_water_one_cm":21628,"minecraft:total_world_time":42551,"minecraft:fall_one_cm":6668},"minecraft:mined":{"minecraft:white_bed":1,"minecraft:jungle_leaves":5,"born_in_chaos_v1:infected_diamond_ore":1,"minecraft:crafting_table":1,"minecraft:grass_block":2,"minecraft:melon":4,"born_in_chaos_v1:black_argillite":1,"minecraft:jungle_log":41,"supplementaries:wild_flax":9,"minecraft:wall_torch":1,"supplementaries:urn":2,"minecraft:chain":1,"minecraft:furnace":2,"minecraft:iron_ore":21,"minecraft:andesite":6,"minecraft:grass":1,"minecraft:coal_ore":26,"minecraft:vine":8,"minecraft:bamboo":3,"minecraft:stone":65},"minecraft:crafted":{"minecraft:crafting_table":1,"minecraft:wooden_pickaxe":1,"minecraft:iron_helmet":1,"minecraft:cooked_chicken":3,"minecraft:furnace":2,"minecraft:bucket":1,"minecraft:stone_axe":1,"minecraft:cooked_mutton":3,"minecraft:air":0,"minecraft:jungle_planks":52,"minecraft:iron_boots":1,"minecraft:iron_chestplate":1,"minecraft:shield":1,"minecraft:stick":20,"minecraft:iron_ingot":34,"minecraft:iron_pickaxe":1,"minecraft:stone_pickaxe":1,"minecraft:iron_leggings":1,"minecraft:white_bed":1,"minecraft:jungle_fence":3,"minecraft:torch":40},"minecraft:used":{"minecraft:cooked_mutton":3,"minecraft:water_bucket":1,"minecraft:stone_pickaxe":105,"minecraft:jungle_fence":3,"minecraft:wooden_pickaxe":14,"minecraft:cooked_chicken":1,"minecraft:iron_chestplate":1,"minecraft:torch":14,"minecraft:dirt":2,"minecraft:crafting_table":1,"minecraft:jungle_planks":5,"minecraft:white_bed":3,"minecraft:iron_pickaxe":14,"minecraft:jungle_log":4,"minecraft:iron_helmet":1,"minecraft:iron_boots":1,"minecraft:stone_axe":83,"minecraft:furnace":2,"minecraft:bucket":2,"minecraft:andesite":6,"minecraft:iron_leggings":1},"minecraft:killed":{"born_in_chaos_v1:barrel_zombie":1,"born_in_chaos_v1:diamond_termite":1,"minecraft:sheep":2,"minecraft:skeleton":2,"minecraft:zombie":3,"minecraft:chicken":3},"minecraft:picked_up":{"born_in_chaos_v1:diamond_termite_shard":1,"minecraft:crafting_table":1,"minecraft:feather":3,"minecraft:chicken":3,"minecraft:jungle_log":40,"minecraft:andesite":8,"supplementaries:flax_seeds":9,"minecraft:chain":1,"born_in_chaos_v1:black_argillite":1,"minecraft:dirt":2,"born_in_chaos_v1:monster_skin":1,"minecraft:pufferfish":1,"minecraft:bone":3,"minecraft:bow":1,"minecraft:wheat_seeds":1,"minecraft:iron_ingot":11,"minecraft:bamboo":28,"minecraft:melon_slice":19,"minecraft:sugar_cane":2,"minecraft:furnace":2,"minecraft:egg":3,"minecraft:raw_iron":21,"minecraft:torch":2,"minecraft:poisonous_potato":1,"minecraft:pointed_dripstone":1,"minecraft:white_bed":2,"minecraft:stone_sword":1,"minecraft:rotten_flesh":8,"minecraft:arrow":3,"minecraft:emerald":3,"supplementaries:ash":9,"minecraft:mutton":3,"minecraft:coal":35,"minecraft:white_wool":5,"minecraft:cobblestone":65}},"DataVersion":3465}