{"stats":{"minecraft:broken":{"minecraft:stone_pickaxe":3,"minecraft:stone_axe":3,"minecraft:stone_sword":1,"minecraft:iron_pickaxe":1,"minecraft:iron_helmet":1},"minecraft:mined":{"minecraft:white_bed":10,"quark:orange_blossom_leaves":63,"minecraft:pink_bed":3,"minecraft:jungle_leaves":15,"minecraft:acacia_log":18,"minecraft:grass_block":19,"minecraft:jungle_log":49,"minecraft:oxeye_daisy":1,"minecraft:spawner":7,"minecraft:magma_block":2,"minecraft:glowstone":1,"minecraft:iron_ore":45,"minecraft:cobbled_deepslate":1,"minecraft:fire":2,"minecraft:deepslate_lapis_ore":7,"minecraft:brown_bed":1,"minecraft:oak_stairs":31,"minecraft:spruce_slab":3,"minecraft:deepslate_redstone_ore":6,"minecraft:red_bed":1,"minecraft:smoker":6,"minecraft:torch":3,"minecraft:calcite":2,"minecraft:poppy":6,"minecraft:melon":4,"quark:blossom_log":10,"supplementaries:wild_flax":9,"minecraft:cobblestone":60,"minecraft:sugar_cane":6,"minecraft:oak_planks":43,"minecraft:wall_torch":6,"minecraft:amethyst_block":4,"minecraft:seagrass":1,"minecraft:chain":1,"minecraft:birch_log":5,"minecraft:wheat":42,"born_in_chaos_v1:river_mint":2,"minecraft:black_bed":1,"minecraft:grass":91,"minecraft:oak_log":129,"minecraft:sand":123,"minecraft:dirt":30,"minecraft:smooth_basalt":2,"minecraft:netherrack":6,"minecraft:oak_leaves":29,"minecraft:deepslate":44,"minecraft:tuff":2,"born_in_chaos_v1:nightmare_stalker_skull":2,"born_in_chaos_v1:infected_diamond_ore":1,"minecraft:jungle_planks":12,"born_in_chaos_v1:black_argillite":1,"travelersbackpack:white_sleeping_bag":3,"minecraft:furnace":10,"minecraft:carrots":7,"minecraft:andesite":25,"minecraft:peony":9,"minecraft:deepslate_iron_ore":3,"minecraft:cobblestone_slab":8,"minecraft:vine":9,"minecraft:bamboo":3,"minecraft:stone":332,"minecraft:acacia_leaves":3,"born_in_chaos_v1:marigolds":1,"minecraft:dandelion":4,"minecraft:oak_fence":39,"minecraft:crafting_table":6,"minecraft:cornflower":2,"minecraft:tall_grass":7,"minecraft:deepslate_gold_ore":7,"supplementaries:urn":8,"minecraft:birch_planks":1,"minecraft:acacia_fence_gate":1,"minecraft:birch_leaves":2,"minecraft:jungle_fence":8,"quark:deepslate_furnace":1,"minecraft:coal_ore":211,"minecraft:spruce_fence_gate":1,"minecraft:gold_ore":5,"minecraft:fern":1},"minecraft:used":{"minecraft:peony":1,"minecraft:moss_carpet":1,"minecraft:spruce_slab":5,"minecraft:ladder":3,"minecraft:shield":295,"minecraft:iron_sword":28,"minecraft:rotten_flesh":1,"minecraft:iron_chestplate":1,"minecraft:jungle_planks":16,"minecraft:carrot":14,"minecraft:tuff":1,"minecraft:glass":7,"born_in_chaos_v1:corpse_maggot":11,"born_in_chaos_v1:smoked_flesh":45,"minecraft:lava_bucket":6,"quark:deepslate_furnace":1,"minecraft:birch_sapling":1,"born_in_chaos_v1:mint_candy":1,"minecraft:iron_helmet":2,"minecraft:item_frame":1,"born_in_chaos_v1:nightmare_stalker_skull":3,"minecraft:magma_block":1,"minecraft:oak_sapling":11,"minecraft:furnace":13,"minecraft:egg":7,"minecraft:oak_planks":184,"minecraft:stone_pickaxe":396,"minecraft:jungle_fence":28,"minecraft:wooden_pickaxe":14,"minecraft:blue_bed":1,"minecraft:jungle_boat":1,"minecraft:glow_berries":6,"minecraft:sand":44,"minecraft:black_bed":2,"born_in_chaos_v1:monster_flesh":1,"minecraft:bread":8,"born_in_chaos_v1:smoked_monster_flesh":1,"born_in_chaos_v1:rotten_fish":2,"born_in_chaos_v1:river_mint":5,"minecraft:andesite":7,"minecraft:oak_boat":5,"minecraft:bone_meal":24,"minecraft:oak_fence":89,"minecraft:stone_sword":396,"minecraft:acacia_log":4,"minecraft:flint_and_steel":3,"minecraft:stone_shovel":117,"quark:jungle_chest":2,"born_in_chaos_v1:smoked_fish":10,"minecraft:wooden_shovel":7,"minecraft:cooked_salmon":17,"minecraft:stone_hoe":23,"minecraft:cooked_chicken":8,"minecraft:netherrack":8,"minecraft:torch":104,"minecraft:dirt":91,"minecraft:oak_fence_gate":1,"minecraft:iron_axe":114,"minecraft:oak_stairs":127,"minecraft:jungle_log":4,"minecraft:iron_boots":1,"minecraft:barrel":4,"minecraft:smooth_basalt":2,"minecraft:cooked_beef":1,"minecraft:cobbled_deepslate":25,"minecraft:acacia_planks":21,"minecraft:pointed_dripstone":1,"minecraft:iron_leggings":1,"minecraft:brown_bed":2,"minecraft:wheat_seeds":118,"minecraft:cooked_mutton":8,"minecraft:acacia_boat":1,"minecraft:water_bucket":7,"minecraft:amethyst_block":4,"minecraft:birch_planks":17,"minecraft:glass_bottle":1,"minecraft:cobblestone_slab":57,"minecraft:salmon":2,"minecraft:oak_slab":16,"minecraft:crafting_table":14,"minecraft:red_bed":1,"supplementaries:bomb":5,"minecraft:white_bed":8,"minecraft:campfire":1,"minecraft:smoker":8,"minecraft:oak_log":4,"minecraft:iron_pickaxe":428,"travelersbackpack:white_sleeping_bag":3,"minecraft:acacia_fence_gate":2,"minecraft:stone_axe":444,"minecraft:pink_bed":4,"minecraft:cobblestone":164,"travelersbackpack:standard":1,"minecraft:porkchop":3,"minecraft:white_banner":1,"minecraft:cooked_porkchop":7,"minecraft:bucket":17,"quark:oak_chest":16,"alexsmobs:animal_dictionary":1,"minecraft:dandelion":1},"minecraft:killed":{"born_in_chaos_v1:mr_pumpkin":2,"minecraft:spider":7,"born_in_chaos_v1:siamese_skeletonsright":1,"minecraft:skeleton":5,"minecraft:chicken":4,"minecraft:pig":5,"born_in_chaos_v1:diamond_termite":1,"minecraft:salmon":17,"minecraft:sheep":8,"minecraft:pillager":2,"minecraft:zombie":28,"born_in_chaos_v1:dread_hound":4,"alexsmobs:terrapin":2,"born_in_chaos_v1:corpse_fly":9,"endofherobrine:cow":1,"born_in_chaos_v1:siamese_skeletonsleft":1,"minecraft:cow":5,"born_in_chaos_v1:zombie_bruiser":3,"born_in_chaos_v1:maggot":7,"minecraft:horse":3,"born_in_chaos_v1:corpse_fish":4,"born_in_chaos_v1:barrel_zombie":1,"born_in_chaos_v1:bone_imp_minion":2,"minecraft:squid":1,"born_in_chaos_v1:decrepit_skeleton":2,"born_in_chaos_v1:nightmare_stalker":2},"minecraft:dropped":{"minecraft:iron_sword":1,"minecraft:cooked_beef":9,"minecraft:oak_log":2,"minecraft:glass_bottle":4,"minecraft:leather":1,"minecraft:cod":1,"born_in_chaos_v1:monster_skin":11,"minecraft:iron_pickaxe":1,"minecraft:bone":21,"minecraft:cooked_chicken":2,"minecraft:rotten_flesh":6,"born_in_chaos_v1:smoked_flesh":50,"minecraft:cooked_mutton":5,"minecraft:honey_bottle":1,"born_in_chaos_v1:seedof_chaos":1,"minecraft:jungle_log":19,"improvableskills:scroll_normal":2,"minecraft:arrow":2,"minecraft:egg":4,"minecraft:iron_ingot":11,"minecraft:bread":14,"minecraft:tnt":1,"minecraft:cobblestone":59,"minecraft:torch":26,"minecraft:melon_slice":19,"minecraft:cooked_salmon":4,"minecraft:iron_leggings":1,"minecraft:iron_axe":2,"minecraft:stone_sword":1,"born_in_chaos_v1:smoked_monster_flesh":18,"minecraft:potato":8,"minecraft:peony":1,"born_in_chaos_v1:bloody_gadfly_eye":1,"born_in_chaos_v1:nightmare_mantleofthe_night_helmet":1,"minecraft:wooden_pickaxe":1},"minecraft:killed_by":{"born_in_chaos_v1:mr_pumpkin":1},"minecraft:crafted":{"minecraft:black_dye":1,"minecraft:oak_planks":412,"minecraft:cobblestone_slab":48,"minecraft:barrel":4,"minecraft:pink_bed":1,"minecraft:cooked_chicken":3,"travelersbackpack:pink_sleeping_bag":1,"quark:deepslate_furnace":1,"minecraft:cooked_mutton":8,"minecraft:glass":54,"minecraft:iron_boots":2,"minecraft:stone_hoe":1,"minecraft:oak_fence":51,"minecraft:smoker":3,"minecraft:glass_bottle":3,"minecraft:item_frame":1,"minecraft:oak_slab":24,"minecraft:wooden_shovel":1,"born_in_chaos_v1:smoked_fish":1,"minecraft:cooked_porkchop":9,"minecraft:crafting_table":9,"minecraft:jungle_boat":1,"travelersbackpack:standard":2,"minecraft:wooden_pickaxe":1,"minecraft:iron_helmet":2,"minecraft:birch_planks":16,"minecraft:campfire":1,"minecraft:iron_chestplate":1,"minecraft:charcoal":1,"minecraft:shield":1,"quark:oak_chest":17,"minecraft:stick":88,"born_in_chaos_v1:smoked_flesh":110,"minecraft:iron_ingot":60,"minecraft:iron_pickaxe":2,"minecraft:stone_sword":2,"minecraft:gold_ingot":11,"minecraft:black_bed":1,"minecraft:stone_shovel":1,"quark:jungle_chest":2,"minecraft:furnace":6,"minecraft:acacia_fence_gate":1,"minecraft:bone_meal":9,"minecraft:pink_dye":4,"born_in_chaos_v1:smoked_monster_flesh":14,"travelersbackpack:white_sleeping_bag":2,"minecraft:iron_axe":1,"minecraft:ladder":4,"minecraft:stone_pickaxe":2,"minecraft:jungle_fence":21,"minecraft:cooked_beef":10,"minecraft:red_dye":2,"minecraft:cooked_cod":3,"travelersbackpack:backpack_tank":4,"minecraft:iron_sword":1,"minecraft:red_bed":1,"minecraft:blue_bed":1,"minecraft:cooked_salmon":14,"minecraft:bucket":1,"minecraft:stone_axe":5,"minecraft:jungle_planks":100,"minecraft:acacia_boat":1,"minecraft:bread":23,"minecraft:air":0,"minecraft:blue_dye":1,"minecraft:oak_fence_gate":1,"minecraft:oak_boat":4,"minecraft:white_dye":1,"minecraft:oak_stairs":96,"minecraft:iron_leggings":1,"minecraft:white_bed":1,"minecraft:acacia_planks":32,"minecraft:torch":112},"minecraft:custom":{"minecraft:interact_with_crafting_table":137,"minecraft:open_barrel":31,"minecraft:leave_game":12,"minecraft:time_since_death":45329,"minecraft:sprint_one_cm":641534,"minecraft:damage_blocked_by_shield":1515,"minecraft:drop":48,"minecraft:play_time":428881,"minecraft:deaths":6,"minecraft:jump":6497,"minecraft:walk_on_water_one_cm":198174,"minecraft:interact_with_furnace":82,"minecraft:sleep_in_bed":17,"minecraft:damage_dealt":19555,"minecraft:crouch_one_cm":26226,"minecraft:interact_with_smoker":83,"minecraft:horse_one_cm":3328,"minecraft:mob_kills":128,"minecraft:damage_dealt_resisted":1836,"minecraft:climb_one_cm":7735,"minecraft:walk_one_cm":1318314,"minecraft:sneak_time":10133,"minecraft:walk_under_water_one_cm":113978,"minecraft:boat_one_cm":417989,"minecraft:total_world_time":428881,"minecraft:time_since_rest":45411,"minecraft:damage_taken":6144,"minecraft:swim_one_cm":86213,"minecraft:fly_one_cm":753322,"minecraft:open_chest":194,"minecraft:fall_one_cm":143977},"minecraft:picked_up":{"minecraft:iron_chestplate":5,"minecraft:wheat":87,"minecraft:oak_stairs":32,"minecraft:brown_bed":1,"minecraft:turtle_egg":1,"born_in_chaos_v1:bloody_gadfly_eye":1,"minecraft:amethyst_block":4,"born_in_chaos_v1:black_argillite":1,"minecraft:string":29,"minecraft:cooked_salmon":18,"minecraft:iron_leggings":6,"minecraft:pufferfish":3,"minecraft:gold_nugget":14,"minecraft:cobbled_deepslate":48,"minecraft:bucket":4,"born_in_chaos_v1:nightmare_mantleofthe_night_helmet":1,"minecraft:acacia_fence_gate":1,"minecraft:cobblestone_slab":10,"minecraft:wooden_shovel":1,"minecraft:iron_pickaxe":7,"minecraft:melon_slice":19,"minecraft:furnace":11,"minecraft:iron_boots":6,"minecraft:stick":90,"born_in_chaos_v1:shattered_skull":1,"minecraft:oak_fence":108,"minecraft:torch":39,"minecraft:acacia_log":21,"quark:blossom_log":10,"minecraft:porkchop":13,"minecraft:pointed_dripstone":2,"born_in_chaos_v1:nightmare_claw":3,"minecraft:stone_sword":5,"minecraft:honey_bottle":1,"minecraft:rotten_flesh":69,"supplementaries:ash":31,"minecraft:cod":2,"minecraft:cobblestone":509,"minecraft:nautilus_shell":1,"minecraft:birch_log":9,"minecraft:magma_block":2,"minecraft:feather":3,"minecraft:cooked_beef":3,"minecraft:andesite":30,"minecraft:jungle_log":48,"minecraft:black_bed":1,"minecraft:golden_leggings":1,"minecraft:smoker":6,"minecraft:tuff":1,"supplementaries:flax_seeds":13,"minecraft:horn_coral":1,"minecraft:lapis_lazuli":48,"minecraft:dirt":141,"born_in_chaos_v1:nightmare_stalker_skull":4,"born_in_chaos_v1:monster_skin":13,"born_in_chaos_v1:marigolds":1,"minecraft:bone":39,"minecraft:glass":2,"minecraft:acacia_planks":3,"minecraft:bow":1,"minecraft:wheat_seeds":194,"minecraft:raw_gold":10,"minecraft:glowstone_dust":2,"minecraft:bamboo":31,"born_in_chaos_v1:mint_candy":3,"minecraft:oak_planks":215,"minecraft:cooked_porkchop":1,"minecraft:poisonous_potato":3,"minecraft:jungle_planks":11,"minecraft:sand":156,"minecraft:ink_sac":3,"travelersbackpack:white_sleeping_bag":2,"minecraft:spruce_fence_gate":1,"minecraft:diamond":1,"minecraft:bone_meal":20,"minecraft:emerald":6,"minecraft:bread":5,"minecraft:oak_sapling":12,"born_in_chaos_v1:rotten_fish":5,"minecraft:netherrack":8,"minecraft:crafting_table":8,"born_in_chaos_v1:diamond_termite_shard":2,"minecraft:ladder":1,"born_in_chaos_v1:smoked_monster_flesh":5,"minecraft:chicken":5,"born_in_chaos_v1:river_mint":11,"born_in_chaos_v1:seedof_chaos":1,"minecraft:wooden_pickaxe":1,"minecraft:chain":2,"minecraft:shield":6,"minecraft:cornflower":1,"minecraft:red_bed":1,"minecraft:moss_carpet":1,"minecraft:iron_axe":3,"minecraft:flint_and_steel":1,"born_in_chaos_v1:intoxicating_decoction":2,"born_in_chaos_v1:smoked_fish":9,"improvableskills:scroll_normal":2,"minecraft:beef":11,"minecraft:oak_boat":1,"minecraft:jungle_sapling":1,"minecraft:iron_nugget":26,"minecraft:poppy":6,"minecraft:spruce_slab":5,"minecraft:sugar_cane":16,"minecraft:birch_sapling":3,"minecraft:egg":11,"minecraft:raw_iron":49,"quark:deepslate_furnace":1,"minecraft:carrot":22,"minecraft:redstone":54,"minecraft:tnt":1,"minecraft:stone_shovel":3,"minecraft:arrow":19,"minecraft:peony":10,"born_in_chaos_v1:spiny_shell":4,"minecraft:gold_ingot":2,"minecraft:mutton":24,"minecraft:white_wool":18,"born_in_chaos_v1:fused_bone":5,"born_in_chaos_v1:corpse_maggot":33,"born_in_chaos_v1:monster_flesh":16,"minecraft:tripwire_hook":1,"minecraft:salmon":16,"minecraft:leather":14,"minecraft:jungle_fence":8,"minecraft:birch_planks":1,"minecraft:oak_log":153,"minecraft:lily_pad":1,"minecraft:paper":4,"minecraft:white_banner":1,"minecraft:kelp":4,"born_in_chaos_v1:smoked_flesh":73,"minecraft:iron_ingot":13,"minecraft:stone_pickaxe":5,"minecraft:cooked_chicken":9,"minecraft:glass_bottle":4,"minecraft:iron_sword":1,"minecraft:pink_bed":3,"minecraft:smooth_basalt":2,"born_in_chaos_v1:ethereal_spirit":2,"minecraft:dandelion":4,"minecraft:white_bed":10,"minecraft:spider_eye":1,"minecraft:pumpkin_seeds":3,"minecraft:stone_axe":3,"minecraft:iron_helmet":5,"minecraft:coal":587}},"DataVersion":3465}