{"stats":{"minecraft:dropped":{"minecraft:iron_ingot":11,"minecraft:cooked_chicken":2,"minecraft:oak_log":2,"minecraft:stone_sword":1,"minecraft:cobblestone":59,"minecraft:rotten_flesh":6,"born_in_chaos_v1:monster_skin":1,"minecraft:torch":26,"minecraft:jungle_log":19,"minecraft:melon_slice":19,"minecraft:egg":3},"minecraft:custom":{"minecraft:interact_with_furnace":18,"minecraft:mob_kills":17,"minecraft:interact_with_crafting_table":20,"minecraft:leave_game":4,"minecraft:time_since_death":60551,"minecraft:sleep_in_bed":2,"minecraft:climb_one_cm":3073,"minecraft:time_since_rest":13155,"minecraft:sprint_one_cm":56639,"minecraft:damage_taken":320,"minecraft:walk_one_cm":178189,"minecraft:drop":12,"minecraft:damage_dealt":2673,"minecraft:swim_one_cm":2749,"minecraft:fly_one_cm":21973,"minecraft:open_chest":8,"minecraft:crouch_one_cm":1378,"minecraft:play_time":60551,"minecraft:sneak_time":504,"minecraft:walk_under_water_one_cm":8854,"minecraft:jump":582,"minecraft:walk_on_water_one_cm":29501,"minecraft:total_world_time":60551,"minecraft:fall_one_cm":9254},"minecraft:mined":{"minecraft:white_bed":10,"minecraft:red_bed":1,"quark:orange_blossom_leaves":1,"minecraft:jungle_leaves":5,"minecraft:dandelion":2,"born_in_chaos_v1:infected_diamond_ore":1,"minecraft:crafting_table":1,"minecraft:poppy":6,"minecraft:grass_block":2,"minecraft:melon":4,"minecraft:jungle_planks":2,"born_in_chaos_v1:black_argillite":1,"minecraft:jungle_log":41,"supplementaries:wild_flax":9,"minecraft:tall_grass":2,"minecraft:cobblestone":7,"minecraft:wall_torch":3,"supplementaries:urn":2,"minecraft:chain":1,"minecraft:furnace":2,"minecraft:iron_ore":21,"minecraft:jungle_fence":3,"minecraft:andesite":6,"minecraft:grass":6,"minecraft:cobblestone_slab":2,"minecraft:coal_ore":26,"minecraft:vine":8,"minecraft:bamboo":3,"minecraft:stone":167},"minecraft:crafted":{"minecraft:black_dye":1,"minecraft:red_dye":2,"minecraft:cobblestone_slab":48,"minecraft:crafting_table":2,"minecraft:pink_bed":1,"minecraft:wooden_pickaxe":1,"minecraft:iron_helmet":1,"minecraft:cooked_chicken":3,"quark:jungle_chest":2,"minecraft:blue_bed":1,"minecraft:red_bed":1,"minecraft:furnace":2,"minecraft:bone_meal":9,"minecraft:bucket":1,"minecraft:stone_axe":1,"minecraft:pink_dye":2,"minecraft:cooked_mutton":3,"minecraft:air":0,"minecraft:jungle_planks":68,"minecraft:blue_dye":1,"minecraft:iron_boots":1,"minecraft:iron_chestplate":1,"minecraft:shield":1,"minecraft:white_dye":1,"minecraft:stick":24,"minecraft:iron_ingot":34,"minecraft:iron_pickaxe":1,"minecraft:stone_pickaxe":1,"minecraft:black_bed":1,"minecraft:iron_leggings":1,"minecraft:white_bed":1,"minecraft:jungle_fence":6,"minecraft:torch":48},"minecraft:used":{"minecraft:cooked_mutton":3,"minecraft:water_bucket":1,"minecraft:stone_sword":15,"minecraft:stone_pickaxe":130,"minecraft:jungle_fence":7,"quark:jungle_chest":2,"minecraft:wooden_pickaxe":14,"minecraft:blue_bed":1,"minecraft:cobblestone_slab":43,"minecraft:cooked_chicken":1,"minecraft:iron_chestplate":1,"minecraft:torch":20,"minecraft:dirt":2,"minecraft:crafting_table":2,"minecraft:red_bed":1,"minecraft:jungle_planks":14,"minecraft:white_bed":8,"minecraft:black_bed":1,"born_in_chaos_v1:corpse_maggot":1,"minecraft:iron_pickaxe":100,"minecraft:jungle_log":4,"minecraft:iron_helmet":1,"minecraft:iron_boots":1,"minecraft:pink_bed":1,"minecraft:stone_axe":99,"minecraft:cobblestone":7,"minecraft:furnace":2,"minecraft:bucket":2,"minecraft:andesite":6,"minecraft:egg":3,"minecraft:bone_meal":3,"minecraft:iron_leggings":1},"minecraft:killed":{"born_in_chaos_v1:barrel_zombie":1,"born_in_chaos_v1:diamond_termite":1,"minecraft:squid":1,"born_in_chaos_v1:zombie_bruiser":1,"born_in_chaos_v1:maggot":1,"minecraft:sheep":2,"minecraft:skeleton":2,"born_in_chaos_v1:dread_hound":1,"minecraft:zombie":4,"minecraft:chicken":3},"minecraft:picked_up":{"born_in_chaos_v1:diamond_termite_shard":1,"minecraft:crafting_table":1,"minecraft:feather":3,"minecraft:chicken":3,"born_in_chaos_v1:monster_flesh":1,"minecraft:jungle_log":40,"minecraft:andesite":8,"minecraft:jungle_fence":2,"minecraft:oak_log":2,"supplementaries:flax_seeds":9,"minecraft:chain":1,"born_in_chaos_v1:black_argillite":1,"minecraft:dirt":2,"minecraft:red_bed":1,"born_in_chaos_v1:monster_skin":2,"minecraft:pufferfish":1,"minecraft:bone":3,"minecraft:bow":1,"minecraft:wheat_seeds":1,"minecraft:iron_ingot":11,"minecraft:cobblestone_slab":2,"minecraft:poppy":6,"minecraft:bamboo":28,"minecraft:melon_slice":19,"minecraft:sugar_cane":2,"minecraft:furnace":2,"minecraft:egg":6,"minecraft:raw_iron":21,"minecraft:torch":4,"minecraft:dandelion":2,"minecraft:poisonous_potato":1,"minecraft:jungle_planks":2,"minecraft:ink_sac":3,"minecraft:pointed_dripstone":1,"minecraft:white_bed":10,"minecraft:stone_sword":1,"minecraft:rotten_flesh":15,"minecraft:arrow":3,"minecraft:emerald":3,"supplementaries:ash":9,"minecraft:mutton":3,"minecraft:coal":35,"minecraft:white_wool":5,"minecraft:cobblestone":173,"born_in_chaos_v1:corpse_maggot":1},"minecraft:broken":{"minecraft:stone_pickaxe":1,"minecraft:stone_axe":1}},"DataVersion":3465}