{"stats":{"minecraft:dropped":{"minecraft:cooked_beef":3,"minecraft:oak_log":2,"minecraft:glass_bottle":4,"minecraft:cod":1,"born_in_chaos_v1:monster_skin":11,"minecraft:iron_pickaxe":1,"minecraft:bone":21,"minecraft:cooked_chicken":2,"minecraft:rotten_flesh":6,"minecraft:cooked_mutton":5,"minecraft:honey_bottle":1,"born_in_chaos_v1:seedof_chaos":1,"minecraft:jungle_log":19,"minecraft:arrow":2,"minecraft:egg":3,"minecraft:iron_ingot":11,"minecraft:bread":7,"minecraft:cobblestone":59,"minecraft:torch":26,"minecraft:melon_slice":19,"minecraft:cooked_salmon":4,"minecraft:iron_leggings":1,"minecraft:iron_axe":2,"minecraft:stone_sword":1,"born_in_chaos_v1:smoked_monster_flesh":10,"minecraft:potato":8,"born_in_chaos_v1:bloody_gadfly_eye":1,"born_in_chaos_v1:nightmare_mantleofthe_night_helmet":1,"minecraft:wooden_pickaxe":1},"minecraft:used":{"minecraft:moss_carpet":1,"minecraft:spruce_slab":5,"minecraft:ladder":3,"minecraft:shield":295,"minecraft:iron_sword":8,"minecraft:rotten_flesh":1,"minecraft:iron_chestplate":1,"minecraft:jungle_planks":16,"minecraft:carrot":14,"born_in_chaos_v1:corpse_maggot":11,"minecraft:glass":7,"born_in_chaos_v1:smoked_flesh":9,"minecraft:lava_bucket":6,"minecraft:birch_sapling":1,"born_in_chaos_v1:mint_candy":1,"minecraft:iron_helmet":2,"minecraft:item_frame":1,"born_in_chaos_v1:nightmare_stalker_skull":3,"minecraft:magma_block":1,"minecraft:furnace":12,"minecraft:oak_sapling":11,"minecraft:egg":6,"minecraft:stone_pickaxe":395,"minecraft:jungle_fence":28,"minecraft:oak_planks":149,"minecraft:wooden_pickaxe":14,"minecraft:blue_bed":1,"minecraft:jungle_boat":1,"minecraft:sand":44,"minecraft:black_bed":2,"born_in_chaos_v1:monster_flesh":1,"minecraft:bread":6,"born_in_chaos_v1:smoked_monster_flesh":1,"born_in_chaos_v1:rotten_fish":2,"born_in_chaos_v1:river_mint":5,"minecraft:andesite":6,"minecraft:oak_boat":3,"minecraft:bone_meal":23,"minecraft:oak_fence":89,"minecraft:stone_sword":396,"minecraft:stone_shovel":117,"quark:jungle_chest":2,"born_in_chaos_v1:smoked_fish":9,"minecraft:cooked_salmon":17,"minecraft:stone_hoe":23,"minecraft:cooked_chicken":8,"minecraft:netherrack":8,"minecraft:torch":72,"minecraft:dirt":35,"minecraft:oak_fence_gate":1,"minecraft:iron_axe":40,"minecraft:oak_stairs":127,"minecraft:jungle_log":4,"minecraft:iron_boots":1,"minecraft:barrel":4,"minecraft:smooth_basalt":2,"minecraft:cooked_beef":1,"minecraft:acacia_planks":3,"minecraft:iron_leggings":1,"minecraft:brown_bed":2,"minecraft:pointed_dripstone":1,"minecraft:wheat_seeds":118,"minecraft:cooked_mutton":8,"minecraft:acacia_boat":1,"minecraft:water_bucket":4,"minecraft:amethyst_block":4,"minecraft:cobblestone_slab":57,"minecraft:salmon":2,"minecraft:oak_slab":16,"minecraft:crafting_table":12,"minecraft:red_bed":1,"minecraft:white_bed":8,"minecraft:smoker":6,"minecraft:oak_log":4,"minecraft:iron_pickaxe":302,"travelersbackpack:white_sleeping_bag":3,"minecraft:acacia_fence_gate":2,"minecraft:stone_axe":444,"minecraft:pink_bed":4,"minecraft:cobblestone":153,"travelersbackpack:standard":1,"minecraft:cooked_porkchop":4,"minecraft:white_banner":1,"minecraft:porkchop":3,"minecraft:bucket":13,"quark:oak_chest":15,"alexsmobs:animal_dictionary":1},"minecraft:broken":{"minecraft:stone_pickaxe":3,"minecraft:stone_axe":3,"minecraft:stone_sword":1,"minecraft:iron_pickaxe":1,"minecraft:iron_helmet":1},"minecraft:mined":{"minecraft:white_bed":10,"quark:orange_blossom_leaves":1,"minecraft:pink_bed":3,"minecraft:jungle_leaves":15,"minecraft:acacia_log":3,"minecraft:grass_block":15,"minecraft:jungle_log":49,"minecraft:oxeye_daisy":1,"minecraft:spawner":6,"minecraft:magma_block":2,"minecraft:iron_ore":45,"minecraft:deepslate_lapis_ore":7,"minecraft:brown_bed":1,"minecraft:oak_stairs":31,"minecraft:spruce_slab":3,"minecraft:red_bed":1,"minecraft:smoker":4,"minecraft:torch":3,"minecraft:calcite":2,"minecraft:poppy":6,"minecraft:melon":4,"supplementaries:wild_flax":9,"minecraft:cobblestone":55,"minecraft:oak_planks":42,"minecraft:wall_torch":6,"minecraft:amethyst_block":4,"minecraft:seagrass":1,"minecraft:chain":1,"minecraft:wheat":42,"minecraft:black_bed":1,"born_in_chaos_v1:river_mint":2,"minecraft:grass":88,"minecraft:oak_log":111,"minecraft:sand":123,"minecraft:dirt":25,"minecraft:smooth_basalt":2,"minecraft:netherrack":6,"minecraft:deepslate":8,"minecraft:oak_leaves":29,"born_in_chaos_v1:nightmare_stalker_skull":2,"born_in_chaos_v1:infected_diamond_ore":1,"minecraft:jungle_planks":12,"born_in_chaos_v1:black_argillite":1,"travelersbackpack:white_sleeping_bag":3,"minecraft:furnace":9,"minecraft:carrots":7,"minecraft:andesite":7,"minecraft:peony":9,"minecraft:cobblestone_slab":8,"minecraft:vine":9,"minecraft:bamboo":3,"minecraft:stone":289,"born_in_chaos_v1:marigolds":1,"minecraft:dandelion":3,"minecraft:oak_fence":39,"minecraft:crafting_table":4,"minecraft:cornflower":2,"minecraft:tall_grass":6,"minecraft:deepslate_gold_ore":5,"supplementaries:urn":8,"minecraft:acacia_fence_gate":1,"minecraft:birch_leaves":1,"minecraft:jungle_fence":8,"minecraft:coal_ore":211,"minecraft:spruce_fence_gate":1,"minecraft:fern":1},"minecraft:picked_up":{"minecraft:iron_chestplate":4,"minecraft:wheat":78,"minecraft:brown_bed":1,"minecraft:oak_stairs":32,"minecraft:turtle_egg":1,"born_in_chaos_v1:bloody_gadfly_eye":1,"minecraft:amethyst_block":4,"born_in_chaos_v1:black_argillite":1,"minecraft:string":6,"minecraft:cooked_salmon":18,"minecraft:iron_leggings":5,"minecraft:pufferfish":2,"minecraft:cobbled_deepslate":8,"minecraft:bucket":3,"born_in_chaos_v1:nightmare_mantleofthe_night_helmet":1,"minecraft:acacia_fence_gate":1,"minecraft:cobblestone_slab":10,"minecraft:iron_pickaxe":6,"minecraft:melon_slice":19,"minecraft:furnace":9,"minecraft:iron_boots":5,"minecraft:stick":90,"born_in_chaos_v1:shattered_skull":1,"minecraft:oak_fence":108,"minecraft:torch":27,"minecraft:acacia_log":3,"minecraft:porkchop":13,"minecraft:pointed_dripstone":2,"born_in_chaos_v1:nightmare_claw":3,"minecraft:stone_sword":5,"minecraft:honey_bottle":1,"minecraft:rotten_flesh":65,"supplementaries:ash":30,"minecraft:cod":2,"minecraft:cobblestone":425,"minecraft:magma_block":2,"minecraft:feather":3,"minecraft:cooked_beef":3,"minecraft:andesite":11,"minecraft:jungle_log":48,"minecraft:black_bed":1,"minecraft:golden_leggings":1,"minecraft:smoker":4,"supplementaries:flax_seeds":13,"minecraft:horn_coral":1,"minecraft:lapis_lazuli":48,"minecraft:dirt":51,"born_in_chaos_v1:nightmare_stalker_skull":4,"born_in_chaos_v1:monster_skin":13,"born_in_chaos_v1:marigolds":1,"minecraft:bone":39,"minecraft:glass":2,"minecraft:acacia_planks":3,"minecraft:bow":1,"minecraft:wheat_seeds":178,"minecraft:raw_gold":3,"minecraft:bamboo":31,"born_in_chaos_v1:mint_candy":3,"minecraft:oak_planks":169,"minecraft:cooked_porkchop":1,"minecraft:poisonous_potato":3,"minecraft:jungle_planks":11,"minecraft:sand":156,"minecraft:ink_sac":3,"travelersbackpack:white_sleeping_bag":2,"minecraft:spruce_fence_gate":1,"minecraft:diamond":1,"minecraft:bone_meal":19,"minecraft:bread":5,"minecraft:emerald":6,"minecraft:oak_sapling":12,"born_in_chaos_v1:rotten_fish":4,"minecraft:netherrack":8,"born_in_chaos_v1:diamond_termite_shard":2,"minecraft:crafting_table":5,"born_in_chaos_v1:smoked_monster_flesh":5,"born_in_chaos_v1:river_mint":11,"minecraft:chicken":5,"minecraft:ladder":1,"born_in_chaos_v1:seedof_chaos":1,"minecraft:wooden_pickaxe":1,"minecraft:chain":2,"minecraft:shield":5,"minecraft:cornflower":1,"minecraft:red_bed":1,"minecraft:moss_carpet":1,"minecraft:iron_axe":2,"minecraft:flint_and_steel":1,"born_in_chaos_v1:intoxicating_decoction":2,"born_in_chaos_v1:smoked_fish":9,"minecraft:beef":11,"minecraft:jungle_sapling":1,"minecraft:iron_nugget":26,"minecraft:poppy":6,"minecraft:spruce_slab":5,"minecraft:sugar_cane":4,"minecraft:birch_sapling":3,"minecraft:egg":9,"minecraft:raw_iron":46,"minecraft:carrot":19,"minecraft:stone_shovel":3,"minecraft:arrow":19,"minecraft:peony":9,"born_in_chaos_v1:spiny_shell":4,"minecraft:gold_ingot":2,"minecraft:mutton":24,"minecraft:white_wool":18,"born_in_chaos_v1:fused_bone":5,"born_in_chaos_v1:corpse_maggot":33,"born_in_chaos_v1:monster_flesh":16,"minecraft:salmon":16,"minecraft:leather":14,"minecraft:jungle_fence":8,"minecraft:oak_log":136,"minecraft:paper":4,"minecraft:white_banner":1,"minecraft:kelp":4,"born_in_chaos_v1:smoked_flesh":5,"minecraft:iron_ingot":13,"minecraft:stone_pickaxe":2,"minecraft:cooked_chicken":9,"minecraft:glass_bottle":4,"minecraft:iron_sword":1,"minecraft:pink_bed":3,"minecraft:smooth_basalt":2,"born_in_chaos_v1:ethereal_spirit":2,"minecraft:dandelion":3,"minecraft:white_bed":10,"minecraft:spider_eye":1,"minecraft:pumpkin_seeds":3,"minecraft:stone_axe":3,"minecraft:iron_helmet":4,"minecraft:coal":577},"minecraft:killed_by":{"born_in_chaos_v1:mr_pumpkin":1},"minecraft:killed":{"born_in_chaos_v1:mr_pumpkin":2,"minecraft:spider":3,"born_in_chaos_v1:siamese_skeletonsright":1,"minecraft:skeleton":5,"minecraft:chicken":4,"minecraft:pig":5,"born_in_chaos_v1:diamond_termite":1,"minecraft:salmon":16,"minecraft:sheep":8,"minecraft:pillager":2,"minecraft:zombie":28,"born_in_chaos_v1:dread_hound":4,"born_in_chaos_v1:corpse_fly":9,"endofherobrine:cow":1,"born_in_chaos_v1:siamese_skeletonsleft":1,"minecraft:cow":5,"born_in_chaos_v1:zombie_bruiser":3,"born_in_chaos_v1:maggot":7,"minecraft:horse":3,"born_in_chaos_v1:corpse_fish":3,"born_in_chaos_v1:barrel_zombie":1,"born_in_chaos_v1:bone_imp_minion":2,"minecraft:squid":1,"born_in_chaos_v1:decrepit_skeleton":2,"born_in_chaos_v1:nightmare_stalker":2},"minecraft:crafted":{"minecraft:black_dye":1,"minecraft:oak_planks":392,"minecraft:cobblestone_slab":48,"minecraft:barrel":4,"minecraft:pink_bed":1,"minecraft:cooked_chicken":3,"travelersbackpack:pink_sleeping_bag":1,"minecraft:cooked_mutton":8,"minecraft:glass":51,"minecraft:iron_boots":2,"minecraft:stone_hoe":1,"minecraft:oak_fence":51,"minecraft:smoker":2,"minecraft:item_frame":1,"minecraft:oak_slab":24,"minecraft:cooked_porkchop":9,"minecraft:crafting_table":8,"minecraft:jungle_boat":1,"travelersbackpack:standard":2,"minecraft:wooden_pickaxe":1,"minecraft:iron_helmet":2,"minecraft:iron_chestplate":1,"minecraft:shield":1,"minecraft:stick":84,"quark:oak_chest":16,"born_in_chaos_v1:smoked_flesh":26,"minecraft:iron_ingot":59,"minecraft:iron_pickaxe":2,"minecraft:stone_sword":2,"minecraft:black_bed":1,"minecraft:stone_shovel":1,"quark:jungle_chest":2,"minecraft:furnace":5,"minecraft:acacia_fence_gate":1,"minecraft:bone_meal":9,"minecraft:pink_dye":4,"born_in_chaos_v1:smoked_monster_flesh":6,"travelersbackpack:white_sleeping_bag":2,"minecraft:iron_axe":1,"minecraft:ladder":4,"minecraft:stone_pickaxe":2,"minecraft:jungle_fence":21,"minecraft:cooked_beef":10,"minecraft:red_dye":2,"travelersbackpack:backpack_tank":4,"minecraft:iron_sword":1,"minecraft:red_bed":1,"minecraft:blue_bed":1,"minecraft:cooked_salmon":14,"minecraft:bucket":1,"minecraft:stone_axe":5,"minecraft:acacia_boat":1,"minecraft:bread":17,"minecraft:air":0,"minecraft:jungle_planks":100,"minecraft:blue_dye":1,"minecraft:oak_fence_gate":1,"minecraft:oak_boat":3,"minecraft:white_dye":1,"minecraft:oak_stairs":96,"minecraft:iron_leggings":1,"minecraft:white_bed":1,"minecraft:acacia_planks":12,"minecraft:torch":112},"minecraft:custom":{"minecraft:interact_with_crafting_table":118,"minecraft:open_barrel":26,"minecraft:leave_game":10,"minecraft:time_since_death":86254,"minecraft:sprint_one_cm":478215,"minecraft:damage_blocked_by_shield":1515,"minecraft:drop":34,"minecraft:play_time":340960,"minecraft:deaths":5,"minecraft:jump":4879,"minecraft:walk_on_water_one_cm":150063,"minecraft:interact_with_furnace":64,"minecraft:sleep_in_bed":14,"minecraft:damage_dealt":18517,"minecraft:crouch_one_cm":18815,"minecraft:interact_with_smoker":55,"minecraft:horse_one_cm":3328,"minecraft:mob_kills":120,"minecraft:damage_dealt_resisted":1836,"minecraft:climb_one_cm":7171,"minecraft:walk_one_cm":1064199,"minecraft:sneak_time":7524,"minecraft:walk_under_water_one_cm":77084,"minecraft:boat_one_cm":264269,"minecraft:total_world_time":340960,"minecraft:time_since_rest":54688,"minecraft:damage_taken":4736,"minecraft:swim_one_cm":47156,"minecraft:fly_one_cm":536382,"minecraft:open_chest":158,"minecraft:fall_one_cm":96973}},"DataVersion":3465}