{"stats":{"minecraft:dropped":{"minecraft:iron_ingot":11,"minecraft:oak_log":2,"minecraft:cobblestone":59,"born_in_chaos_v1:monster_skin":1,"minecraft:torch":26,"minecraft:melon_slice":19,"minecraft:cooked_chicken":2,"minecraft:stone_sword":1,"minecraft:rotten_flesh":6,"minecraft:jungle_log":19,"minecraft:egg":3},"minecraft:custom":{"minecraft:mob_kills":26,"minecraft:interact_with_crafting_table":22,"minecraft:leave_game":4,"minecraft:time_since_death":72551,"minecraft:climb_one_cm":3073,"minecraft:sprint_one_cm":65570,"minecraft:walk_one_cm":207319,"minecraft:drop":12,"minecraft:play_time":72551,"minecraft:sneak_time":608,"minecraft:walk_under_water_one_cm":22125,"minecraft:jump":780,"minecraft:walk_on_water_one_cm":44266,"minecraft:total_world_time":72551,"minecraft:interact_with_furnace":18,"minecraft:sleep_in_bed":3,"minecraft:time_since_rest":8815,"minecraft:damage_taken":548,"minecraft:damage_dealt":3820,"minecraft:swim_one_cm":8971,"minecraft:fly_one_cm":29829,"minecraft:open_chest":11,"minecraft:crouch_one_cm":1606,"minecraft:fall_one_cm":12565},"minecraft:mined":{"minecraft:white_bed":10,"quark:orange_blossom_leaves":1,"minecraft:jungle_leaves":5,"born_in_chaos_v1:infected_diamond_ore":1,"minecraft:grass_block":2,"minecraft:jungle_planks":2,"born_in_chaos_v1:black_argillite":1,"minecraft:jungle_log":41,"minecraft:furnace":2,"minecraft:iron_ore":21,"minecraft:andesite":6,"minecraft:vine":8,"minecraft:cobblestone_slab":5,"minecraft:bamboo":3,"minecraft:stone":168,"minecraft:red_bed":1,"minecraft:dandelion":2,"minecraft:crafting_table":1,"minecraft:melon":4,"minecraft:poppy":6,"supplementaries:wild_flax":9,"minecraft:tall_grass":2,"minecraft:cobblestone":7,"minecraft:wall_torch":3,"supplementaries:urn":5,"minecraft:chain":1,"minecraft:jungle_fence":3,"minecraft:grass":9,"minecraft:coal_ore":46},"minecraft:crafted":{"minecraft:black_dye":1,"minecraft:cobblestone_slab":48,"minecraft:pink_bed":1,"minecraft:cooked_chicken":3,"quark:jungle_chest":2,"minecraft:furnace":2,"minecraft:bone_meal":9,"minecraft:pink_dye":2,"minecraft:cooked_mutton":3,"minecraft:iron_boots":1,"minecraft:stone_pickaxe":1,"minecraft:jungle_fence":6,"minecraft:red_dye":2,"minecraft:crafting_table":2,"minecraft:iron_helmet":1,"minecraft:wooden_pickaxe":1,"minecraft:red_bed":1,"minecraft:blue_bed":1,"minecraft:bucket":1,"minecraft:stone_axe":3,"minecraft:air":0,"minecraft:jungle_planks":68,"minecraft:blue_dye":1,"minecraft:iron_chestplate":1,"minecraft:shield":1,"minecraft:white_dye":1,"minecraft:stick":24,"minecraft:iron_ingot":34,"minecraft:iron_pickaxe":1,"minecraft:stone_sword":1,"minecraft:iron_leggings":1,"minecraft:black_bed":1,"minecraft:white_bed":1,"minecraft:torch":48},"minecraft:used":{"minecraft:stone_sword":33,"quark:jungle_chest":2,"minecraft:cooked_chicken":1,"minecraft:rotten_flesh":1,"minecraft:iron_chestplate":1,"minecraft:torch":24,"minecraft:dirt":2,"minecraft:jungle_planks":14,"born_in_chaos_v1:corpse_maggot":4,"minecraft:jungle_log":4,"minecraft:iron_helmet":1,"minecraft:iron_boots":1,"minecraft:furnace":2,"minecraft:egg":3,"minecraft:iron_leggings":1,"minecraft:cooked_mutton":3,"minecraft:water_bucket":1,"minecraft:stone_pickaxe":130,"minecraft:jungle_fence":7,"minecraft:wooden_pickaxe":14,"minecraft:blue_bed":1,"minecraft:cobblestone_slab":48,"minecraft:crafting_table":2,"minecraft:red_bed":1,"minecraft:white_bed":8,"minecraft:black_bed":1,"born_in_chaos_v1:monster_flesh":1,"minecraft:iron_pickaxe":139,"minecraft:stone_axe":99,"minecraft:pink_bed":1,"minecraft:cobblestone":10,"minecraft:porkchop":3,"minecraft:andesite":6,"minecraft:bucket":2,"minecraft:bone_meal":3},"minecraft:killed":{"born_in_chaos_v1:zombie_bruiser":1,"born_in_chaos_v1:maggot":1,"minecraft:skeleton":2,"minecraft:chicken":3,"born_in_chaos_v1:barrel_zombie":1,"minecraft:pig":2,"born_in_chaos_v1:diamond_termite":1,"minecraft:salmon":3,"minecraft:squid":1,"minecraft:sheep":2,"minecraft:zombie":5,"born_in_chaos_v1:dread_hound":1,"born_in_chaos_v1:corpse_fly":3},"minecraft:broken":{"minecraft:stone_pickaxe":1,"minecraft:stone_axe":1},"minecraft:picked_up":{"minecraft:crafting_table":1,"born_in_chaos_v1:diamond_termite_shard":1,"minecraft:chicken":3,"born_in_chaos_v1:river_mint":6,"minecraft:chain":1,"born_in_chaos_v1:black_argillite":1,"minecraft:red_bed":1,"minecraft:pufferfish":1,"minecraft:cobblestone_slab":7,"minecraft:iron_nugget":22,"minecraft:poppy":6,"minecraft:iron_pickaxe":1,"minecraft:melon_slice":19,"minecraft:sugar_cane":2,"minecraft:egg":6,"minecraft:iron_boots":1,"minecraft:furnace":2,"minecraft:raw_iron":21,"minecraft:stick":9,"minecraft:torch":4,"minecraft:porkchop":4,"minecraft:pointed_dripstone":1,"minecraft:stone_sword":1,"minecraft:arrow":8,"minecraft:rotten_flesh":21,"supplementaries:ash":9,"minecraft:mutton":3,"minecraft:white_wool":5,"minecraft:cobblestone":208,"born_in_chaos_v1:fused_bone":1,"born_in_chaos_v1:corpse_maggot":4,"minecraft:feather":3,"born_in_chaos_v1:monster_flesh":1,"minecraft:salmon":3,"minecraft:andesite":8,"minecraft:jungle_log":40,"minecraft:jungle_fence":3,"minecraft:oak_log":2,"supplementaries:flax_seeds":13,"minecraft:lapis_lazuli":6,"minecraft:dirt":2,"born_in_chaos_v1:monster_skin":2,"minecraft:bone":11,"minecraft:bow":1,"minecraft:wheat_seeds":3,"minecraft:iron_ingot":11,"minecraft:bamboo":28,"minecraft:iron_sword":1,"born_in_chaos_v1:ethereal_spirit":2,"minecraft:dandelion":2,"minecraft:poisonous_potato":1,"minecraft:jungle_planks":2,"minecraft:white_bed":10,"minecraft:ink_sac":3,"minecraft:bone_meal":1,"minecraft:emerald":3,"minecraft:coal":55}},"DataVersion":3465}