{"stats":{"minecraft:dropped":{"minecraft:bread":7,"minecraft:iron_ingot":11,"minecraft:oak_log":2,"minecraft:cobblestone":59,"born_in_chaos_v1:monster_skin":1,"minecraft:torch":26,"minecraft:melon_slice":19,"minecraft:cooked_chicken":2,"minecraft:stone_sword":1,"minecraft:rotten_flesh":6,"minecraft:jungle_log":19,"minecraft:egg":3},"minecraft:custom":{"minecraft:mob_kills":44,"minecraft:interact_with_crafting_table":42,"minecraft:damage_dealt_resisted":50,"minecraft:leave_game":4,"minecraft:time_since_death":108551,"minecraft:climb_one_cm":3299,"minecraft:sprint_one_cm":87826,"minecraft:walk_one_cm":305986,"minecraft:drop":13,"minecraft:play_time":108551,"minecraft:sneak_time":931,"minecraft:walk_under_water_one_cm":35310,"minecraft:boat_one_cm":129315,"minecraft:jump":971,"minecraft:walk_on_water_one_cm":77619,"minecraft:total_world_time":108551,"minecraft:interact_with_furnace":24,"minecraft:sleep_in_bed":5,"minecraft:time_since_rest":29108,"minecraft:damage_taken":915,"minecraft:damage_dealt":6199,"minecraft:swim_one_cm":18888,"minecraft:fly_one_cm":36659,"minecraft:open_chest":25,"minecraft:crouch_one_cm":2020,"minecraft:fall_one_cm":15715,"minecraft:horse_one_cm":3328},"minecraft:mined":{"minecraft:white_bed":10,"quark:orange_blossom_leaves":1,"born_in_chaos_v1:nightmare_stalker_skull":2,"minecraft:jungle_leaves":5,"born_in_chaos_v1:infected_diamond_ore":1,"minecraft:acacia_log":3,"minecraft:grass_block":2,"minecraft:jungle_planks":12,"born_in_chaos_v1:black_argillite":1,"minecraft:jungle_log":45,"minecraft:oxeye_daisy":1,"minecraft:furnace":5,"minecraft:iron_ore":21,"minecraft:andesite":6,"minecraft:vine":8,"minecraft:cobblestone_slab":8,"minecraft:bamboo":3,"minecraft:stone":196,"minecraft:red_bed":1,"minecraft:dandelion":2,"minecraft:oak_fence":6,"minecraft:crafting_table":1,"minecraft:melon":4,"minecraft:poppy":6,"supplementaries:wild_flax":9,"minecraft:tall_grass":2,"minecraft:cobblestone":21,"minecraft:wall_torch":5,"minecraft:seagrass":1,"supplementaries:urn":5,"minecraft:chain":1,"minecraft:wheat":34,"minecraft:jungle_fence":3,"minecraft:grass":13,"minecraft:oak_log":25,"minecraft:coal_ore":46,"minecraft:dirt":11,"minecraft:oak_leaves":6},"minecraft:crafted":{"minecraft:black_dye":1,"minecraft:oak_planks":84,"minecraft:stone_shovel":1,"minecraft:cobblestone_slab":48,"minecraft:pink_bed":1,"minecraft:cooked_chicken":3,"quark:jungle_chest":2,"minecraft:furnace":2,"minecraft:bone_meal":9,"minecraft:pink_dye":2,"minecraft:cooked_mutton":3,"minecraft:iron_boots":1,"minecraft:stone_pickaxe":2,"minecraft:jungle_fence":9,"minecraft:stone_hoe":1,"minecraft:oak_fence":6,"minecraft:red_dye":2,"minecraft:cooked_porkchop":1,"minecraft:crafting_table":3,"minecraft:jungle_boat":1,"minecraft:iron_helmet":1,"minecraft:wooden_pickaxe":1,"minecraft:red_bed":1,"minecraft:blue_bed":1,"minecraft:cooked_salmon":6,"minecraft:bucket":1,"minecraft:stone_axe":3,"minecraft:acacia_boat":1,"minecraft:bread":12,"minecraft:air":0,"minecraft:jungle_planks":84,"minecraft:blue_dye":1,"minecraft:oak_fence_gate":1,"minecraft:oak_boat":1,"minecraft:iron_chestplate":1,"minecraft:shield":1,"minecraft:white_dye":1,"minecraft:stick":44,"quark:oak_chest":8,"minecraft:iron_ingot":34,"minecraft:iron_pickaxe":1,"minecraft:stone_sword":1,"minecraft:iron_leggings":1,"minecraft:black_bed":1,"minecraft:white_bed":1,"minecraft:acacia_planks":12,"minecraft:torch":48},"minecraft:used":{"minecraft:oak_fence":12,"minecraft:moss_carpet":1,"minecraft:stone_sword":99,"minecraft:stone_shovel":11,"quark:jungle_chest":2,"minecraft:cooked_salmon":2,"minecraft:stone_hoe":10,"minecraft:cooked_chicken":1,"minecraft:rotten_flesh":1,"minecraft:iron_chestplate":1,"minecraft:torch":30,"minecraft:dirt":12,"minecraft:jungle_planks":15,"minecraft:oak_fence_gate":1,"born_in_chaos_v1:corpse_maggot":4,"minecraft:jungle_log":4,"minecraft:iron_helmet":1,"minecraft:iron_boots":1,"born_in_chaos_v1:nightmare_stalker_skull":3,"minecraft:furnace":7,"minecraft:egg":3,"minecraft:pointed_dripstone":1,"minecraft:iron_leggings":1,"minecraft:wheat_seeds":108,"minecraft:cooked_mutton":3,"minecraft:acacia_boat":1,"minecraft:water_bucket":2,"minecraft:oak_planks":5,"minecraft:stone_pickaxe":151,"minecraft:jungle_fence":10,"minecraft:wooden_pickaxe":14,"minecraft:blue_bed":1,"minecraft:cobblestone_slab":57,"minecraft:jungle_boat":1,"minecraft:salmon":2,"minecraft:crafting_table":4,"minecraft:red_bed":1,"minecraft:white_bed":8,"minecraft:black_bed":1,"minecraft:oak_log":4,"born_in_chaos_v1:monster_flesh":1,"minecraft:bread":3,"minecraft:iron_pickaxe":169,"minecraft:stone_axe":154,"minecraft:pink_bed":1,"minecraft:cobblestone":22,"born_in_chaos_v1:rotten_fish":2,"minecraft:cooked_porkchop":1,"minecraft:porkchop":3,"minecraft:andesite":6,"minecraft:bucket":2,"quark:oak_chest":8,"minecraft:oak_boat":1,"minecraft:bone_meal":23},"minecraft:killed":{"born_in_chaos_v1:zombie_bruiser":1,"born_in_chaos_v1:maggot":2,"minecraft:horse":3,"minecraft:skeleton":2,"minecraft:chicken":3,"born_in_chaos_v1:corpse_fish":2,"born_in_chaos_v1:barrel_zombie":1,"minecraft:pig":2,"born_in_chaos_v1:diamond_termite":1,"minecraft:salmon":8,"minecraft:squid":1,"minecraft:sheep":2,"minecraft:zombie":7,"born_in_chaos_v1:dread_hound":1,"born_in_chaos_v1:corpse_fly":6,"born_in_chaos_v1:nightmare_stalker":1},"minecraft:broken":{"minecraft:stone_pickaxe":1,"minecraft:stone_axe":1},"minecraft:picked_up":{"minecraft:crafting_table":1,"born_in_chaos_v1:diamond_termite_shard":2,"minecraft:wheat":45,"minecraft:chicken":3,"born_in_chaos_v1:river_mint":6,"minecraft:chain":2,"born_in_chaos_v1:black_argillite":1,"minecraft:moss_carpet":1,"minecraft:red_bed":1,"minecraft:pufferfish":2,"minecraft:cobblestone_slab":10,"minecraft:iron_nugget":22,"minecraft:poppy":6,"minecraft:iron_pickaxe":1,"minecraft:melon_slice":19,"minecraft:sugar_cane":4,"minecraft:birch_sapling":2,"minecraft:egg":6,"minecraft:iron_boots":1,"minecraft:furnace":5,"minecraft:raw_iron":21,"minecraft:stick":12,"minecraft:oak_fence":6,"minecraft:torch":9,"minecraft:acacia_log":3,"minecraft:porkchop":4,"minecraft:pointed_dripstone":2,"born_in_chaos_v1:nightmare_claw":1,"minecraft:stone_sword":1,"minecraft:arrow":8,"minecraft:rotten_flesh":24,"born_in_chaos_v1:spiny_shell":4,"supplementaries:ash":18,"minecraft:mutton":3,"minecraft:white_wool":5,"minecraft:cobblestone":250,"born_in_chaos_v1:fused_bone":1,"born_in_chaos_v1:corpse_maggot":10,"minecraft:feather":3,"born_in_chaos_v1:monster_flesh":1,"minecraft:salmon":8,"minecraft:andesite":10,"minecraft:jungle_log":44,"minecraft:leather":2,"minecraft:jungle_fence":4,"minecraft:oak_log":27,"supplementaries:flax_seeds":13,"minecraft:lapis_lazuli":6,"minecraft:dirt":12,"born_in_chaos_v1:nightmare_stalker_skull":3,"born_in_chaos_v1:monster_skin":2,"minecraft:bone":11,"minecraft:bow":1,"minecraft:wheat_seeds":119,"minecraft:iron_ingot":11,"minecraft:bamboo":31,"minecraft:iron_sword":1,"born_in_chaos_v1:ethereal_spirit":2,"minecraft:dandelion":2,"minecraft:poisonous_potato":2,"minecraft:jungle_planks":11,"minecraft:white_bed":10,"minecraft:ink_sac":3,"minecraft:bone_meal":18,"minecraft:emerald":3,"born_in_chaos_v1:rotten_fish":4,"minecraft:coal":80}},"DataVersion":3465}