{"stats":{"minecraft:dropped":{"born_in_chaos_v1:monster_skin":1,"minecraft:torch":16,"minecraft:jungle_log":19,"minecraft:melon_slice":19},"minecraft:custom":{"minecraft:interact_with_furnace":15,"minecraft:mob_kills":10,"minecraft:interact_with_crafting_table":10,"minecraft:leave_game":4,"minecraft:time_since_death":32643,"minecraft:sleep_in_bed":1,"minecraft:climb_one_cm":3073,"minecraft:time_since_rest":25332,"minecraft:sprint_one_cm":30677,"minecraft:damage_taken":206,"minecraft:walk_one_cm":89817,"minecraft:drop":4,"minecraft:damage_dealt":1162,"minecraft:fly_one_cm":10328,"minecraft:open_chest":3,"minecraft:crouch_one_cm":325,"minecraft:play_time":32643,"minecraft:sneak_time":240,"minecraft:walk_under_water_one_cm":2473,"minecraft:jump":348,"minecraft:walk_on_water_one_cm":21178,"minecraft:total_world_time":32643,"minecraft:fall_one_cm":5967},"minecraft:mined":{"minecraft:white_bed":1,"minecraft:jungle_leaves":5,"minecraft:crafting_table":1,"minecraft:grass_block":2,"minecraft:melon":4,"minecraft:jungle_log":41,"supplementaries:wild_flax":9,"minecraft:wall_torch":1,"supplementaries:urn":2,"minecraft:chain":1,"minecraft:iron_ore":21,"minecraft:andesite":6,"minecraft:grass":1,"minecraft:coal_ore":26,"minecraft:vine":8,"minecraft:bamboo":3,"minecraft:stone":27},"minecraft:crafted":{"minecraft:crafting_table":1,"minecraft:wooden_pickaxe":1,"minecraft:iron_helmet":1,"minecraft:cooked_chicken":3,"minecraft:furnace":2,"minecraft:bucket":1,"minecraft:stone_axe":1,"minecraft:cooked_mutton":3,"minecraft:air":0,"minecraft:jungle_planks":52,"minecraft:iron_chestplate":1,"minecraft:shield":1,"minecraft:stick":20,"minecraft:iron_ingot":23,"minecraft:iron_pickaxe":1,"minecraft:stone_pickaxe":1,"minecraft:white_bed":1,"minecraft:torch":40},"minecraft:used":{"minecraft:cooked_mutton":3,"minecraft:stone_pickaxe":69,"minecraft:wooden_pickaxe":14,"minecraft:iron_chestplate":1,"minecraft:torch":12,"minecraft:crafting_table":1,"minecraft:white_bed":3,"minecraft:iron_pickaxe":1,"minecraft:iron_helmet":1,"minecraft:stone_axe":80,"minecraft:furnace":2,"minecraft:andesite":6},"minecraft:killed":{"born_in_chaos_v1:barrel_zombie":1,"minecraft:sheep":2,"minecraft:skeleton":2,"minecraft:zombie":2,"minecraft:chicken":3},"minecraft:picked_up":{"minecraft:crafting_table":1,"minecraft:feather":3,"minecraft:chicken":3,"minecraft:jungle_log":40,"minecraft:andesite":8,"supplementaries:flax_seeds":9,"minecraft:chain":1,"minecraft:dirt":2,"born_in_chaos_v1:monster_skin":1,"minecraft:pufferfish":1,"minecraft:bone":3,"minecraft:bow":1,"minecraft:wheat_seeds":1,"minecraft:bamboo":28,"minecraft:melon_slice":19,"minecraft:sugar_cane":2,"minecraft:egg":3,"minecraft:raw_iron":21,"minecraft:torch":1,"minecraft:poisonous_potato":1,"minecraft:white_bed":2,"minecraft:stone_sword":1,"minecraft:rotten_flesh":4,"minecraft:arrow":3,"minecraft:emerald":3,"supplementaries:ash":8,"minecraft:mutton":3,"minecraft:coal":26,"minecraft:white_wool":5,"minecraft:cobblestone":27}},"DataVersion":3465}