{"stats":{"minecraft:dropped":{"minecraft:cobblestone":17,"born_in_chaos_v1:nightmare_claw":1,"minecraft:stick":14,"minecraft:torch":14,"minecraft:melon_slice":14,"minecraft:white_wool":6,"minecraft:bone":3,"minecraft:stone_sword":1,"minecraft:raw_copper":2,"minecraft:raw_iron":6,"minecraft:oak_planks":15,"minecraft:white_bed":1,"minecraft:shield":1,"minecraft:iron_chestplate":4,"born_in_chaos_v1:spiny_shell":4,"minecraft:jungle_log":19,"minecraft:arrow":2,"minecraft:stone_pickaxe":1,"minecraft:wooden_pickaxe":1},"minecraft:custom":{"minecraft:mob_kills":137,"minecraft:animals_bred":1,"minecraft:interact_with_crafting_table":32,"minecraft:damage_dealt_resisted":2509,"minecraft:leave_game":2,"minecraft:time_since_death":34952,"minecraft:climb_one_cm":4579,"minecraft:damage_resisted":16,"minecraft:sprint_one_cm":451754,"minecraft:walk_one_cm":360075,"minecraft:damage_blocked_by_shield":1200,"minecraft:drop":29,"minecraft:play_time":169544,"minecraft:deaths":6,"minecraft:sneak_time":1196,"minecraft:walk_under_water_one_cm":74951,"minecraft:boat_one_cm":31736,"minecraft:jump":2521,"minecraft:walk_on_water_one_cm":82954,"minecraft:total_world_time":169544,"minecraft:interact_with_furnace":22,"minecraft:sleep_in_bed":3,"minecraft:time_since_rest":35011,"minecraft:damage_taken":3806,"minecraft:damage_dealt":19416,"minecraft:swim_one_cm":57246,"minecraft:fly_one_cm":384408,"minecraft:open_chest":35,"minecraft:crouch_one_cm":2040,"minecraft:fall_one_cm":46283},"minecraft:mined":{"minecraft:white_bed":1,"minecraft:grass_block":2,"minecraft:tall_seagrass":2,"minecraft:iron_ore":76,"minecraft:andesite":8,"minecraft:bamboo":4,"minecraft:stone":68,"minecraft:crafting_table":5,"minecraft:melon":12,"supplementaries:wild_flax":4,"minecraft:tall_grass":1,"minecraft:lapis_ore":4,"minecraft:wall_torch":2,"supplementaries:urn":3,"minecraft:seagrass":5,"born_in_chaos_v1:river_mint":7,"minecraft:grass":87,"minecraft:coal_ore":129,"minecraft:oak_log":14,"minecraft:dirt":9,"minecraft:oak_leaves":5,"minecraft:fern":15},"minecraft:crafted":{"minecraft:oak_planks":36,"quark:jungle_chest":2,"minecraft:furnace":1,"minecraft:iron_boots":2,"minecraft:iron_axe":1,"minecraft:stone_pickaxe":2,"minecraft:dark_oak_planks":8,"minecraft:cooked_porkchop":1,"minecraft:crafting_table":2,"minecraft:wooden_pickaxe":1,"minecraft:iron_helmet":2,"minecraft:iron_sword":1,"born_in_chaos_v1:bone_heart":1,"minecraft:stone_axe":1,"minecraft:air":0,"minecraft:jungle_planks":20,"minecraft:iron_chestplate":2,"minecraft:shield":1,"minecraft:stick":40,"minecraft:iron_ingot":12,"minecraft:iron_pickaxe":1,"minecraft:wooden_axe":2,"minecraft:iron_leggings":1,"minecraft:white_bed":2,"minecraft:torch":40,"minecraft:shears":1},"minecraft:used":{"minecraft:tropical_fish":1,"quark:jungle_chest":2,"minecraft:shield":38,"minecraft:iron_sword":258,"minecraft:cooked_chicken":2,"minecraft:rotten_flesh":5,"minecraft:iron_chestplate":5,"minecraft:torch":47,"minecraft:dirt":27,"minecraft:mutton":1,"minecraft:jungle_planks":1,"born_in_chaos_v1:corpse_maggot":4,"minecraft:wooden_axe":89,"minecraft:iron_axe":34,"minecraft:iron_helmet":2,"minecraft:iron_boots":1,"minecraft:bow":3,"minecraft:beef":6,"minecraft:furnace":1,"minecraft:iron_leggings":1,"minecraft:cooked_mutton":21,"minecraft:stone_pickaxe":157,"minecraft:wooden_pickaxe":59,"minecraft:leather_boots":1,"minecraft:jungle_boat":1,"minecraft:salmon":13,"minecraft:crafting_table":7,"minecraft:white_bed":3,"minecraft:iron_pickaxe":78,"minecraft:leather_helmet":1,"minecraft:gravel":1,"minecraft:stone_axe":56,"born_in_chaos_v1:rotten_fish":3,"minecraft:cooked_porkchop":1,"born_in_chaos_v1:river_mint":1,"minecraft:porkchop":3,"minecraft:chain":1,"minecraft:andesite":2},"minecraft:killed":{"born_in_chaos_v1:zombie_lumberjack":2,"born_in_chaos_v1:restless_spirit":2,"born_in_chaos_v1:door_knight_not_despawn":1,"minecraft:spider":2,"born_in_chaos_v1:thornshell_crab":1,"born_in_chaos_v1:siamese_skeletonsright":1,"born_in_chaos_v1:maggot":13,"minecraft:skeleton":10,"born_in_chaos_v1:skeleton_thrasher":1,"born_in_chaos_v1:corpse_fish":12,"minecraft:drowned":5,"born_in_chaos_v1:barrel_zombie":2,"born_in_chaos_v1:spiritof_chaos":1,"born_in_chaos_v1:fallen_chaos_knight":1,"minecraft:pig":3,"born_in_chaos_v1:baby_skeleton":3,"born_in_chaos_v1:swarmer":1,"minecraft:salmon":15,"born_in_chaos_v1:decrepit_skeleton":4,"minecraft:zombie":13,"born_in_chaos_v1:dread_hound":4,"born_in_chaos_v1:corpse_fly":14,"born_in_chaos_v1:nightmare_stalker":1,"endofherobrine:sheep":17,"endofherobrine:cow":1,"born_in_chaos_v1:door_knight":1,"born_in_chaos_v1:siamese_skeletonsleft":1,"minecraft:cow":2},"minecraft:killed_by":{"endofherobrine:cow":1,"born_in_chaos_v1:corpse_fly":2,"minecraft:skeleton":1,"born_in_chaos_v1:dire_hound_leader":1},"minecraft:broken":{"minecraft:leather_helmet":1,"minecraft:wooden_pickaxe":1,"minecraft:stone_pickaxe":1,"minecraft:iron_sword":1,"minecraft:wooden_axe":2},"minecraft:picked_up":{"minecraft:wooden_axe":1,"minecraft:iron_chestplate":5,"minecraft:crafting_table":6,"born_in_chaos_v1:river_mint":7,"minecraft:clay_ball":4,"born_in_chaos_v1:seedof_chaos":1,"minecraft:wooden_pickaxe":1,"minecraft:chain":2,"minecraft:shield":3,"minecraft:raw_copper":2,"minecraft:iron_leggings":1,"born_in_chaos_v1:dark_upgrade":1,"minecraft:gold_nugget":3,"minecraft:beef":9,"born_in_chaos_v1:gnawed_bones":1,"minecraft:iron_nugget":11,"minecraft:iron_pickaxe":1,"minecraft:melon_slice":71,"minecraft:iron_boots":1,"minecraft:egg":4,"minecraft:stick":14,"minecraft:raw_iron":93,"born_in_chaos_v1:shattered_skull":2,"minecraft:copper_ingot":1,"minecraft:torch":21,"minecraft:porkchop":7,"minecraft:cherry_log":1,"minecraft:pointed_dripstone":1,"born_in_chaos_v1:nightmare_claw":2,"born_in_chaos_v1:pieceofdarkmetal":4,"minecraft:stone_sword":1,"minecraft:arrow":18,"minecraft:rotten_flesh":37,"minecraft:tropical_fish":1,"born_in_chaos_v1:spiny_shell":8,"supplementaries:ash":3,"minecraft:mutton":1,"minecraft:white_wool":14,"minecraft:cobblestone":148,"born_in_chaos_v1:fused_bone":2,"born_in_chaos_v1:corpse_maggot":19,"minecraft:leather_chestplate":1,"minecraft:jungle_boat":1,"minecraft:feather":2,"born_in_chaos_v1:monster_flesh":6,"minecraft:jungle_log":41,"minecraft:andesite":6,"minecraft:salmon":13,"minecraft:leather":1,"minecraft:jungle_fence":1,"minecraft:oak_log":21,"supplementaries:flax_seeds":4,"minecraft:lapis_lazuli":26,"minecraft:dirt":59,"minecraft:leather_boots":1,"born_in_chaos_v1:monster_skin":8,"minecraft:cooked_mutton":28,"minecraft:bone":39,"minecraft:bow":1,"minecraft:wheat_seeds":22,"minecraft:iron_ingot":24,"minecraft:stone_pickaxe":1,"minecraft:cooked_chicken":2,"minecraft:bamboo":42,"minecraft:iron_sword":1,"minecraft:oak_planks":24,"born_in_chaos_v1:ethereal_spirit":3,"minecraft:poisonous_potato":1,"minecraft:dripstone_block":12,"minecraft:gravel":1,"minecraft:white_bed":2,"minecraft:barrel":1,"minecraft:dark_oak_log":3,"minecraft:leather_helmet":1,"minecraft:iron_helmet":1,"minecraft:bone_meal":3,"minecraft:oak_sapling":5,"born_in_chaos_v1:rotten_fish":13,"minecraft:coal":128}},"DataVersion":3465}