{"stats":{"minecraft:dropped":{"minecraft:stone_sword":1,"minecraft:raw_copper":2,"minecraft:raw_iron":6,"minecraft:cobblestone":17,"minecraft:oak_planks":15,"minecraft:white_bed":1,"minecraft:stick":6,"minecraft:torch":14,"minecraft:melon_slice":14,"born_in_chaos_v1:spiny_shell":4,"minecraft:jungle_log":19,"minecraft:arrow":2,"minecraft:wooden_pickaxe":1,"minecraft:stone_pickaxe":1,"minecraft:white_wool":6,"minecraft:bone":3},"minecraft:custom":{"minecraft:interact_with_furnace":15,"minecraft:mob_kills":60,"minecraft:animals_bred":1,"minecraft:interact_with_crafting_table":20,"minecraft:damage_dealt_resisted":729,"minecraft:leave_game":2,"minecraft:time_since_death":25769,"minecraft:sleep_in_bed":2,"minecraft:climb_one_cm":4579,"minecraft:time_since_rest":13155,"minecraft:sprint_one_cm":372704,"minecraft:damage_taken":2730,"minecraft:walk_one_cm":273384,"minecraft:damage_blocked_by_shield":265,"minecraft:drop":22,"minecraft:damage_dealt":8127,"minecraft:swim_one_cm":27971,"minecraft:fly_one_cm":306241,"minecraft:open_chest":12,"minecraft:crouch_one_cm":2024,"minecraft:play_time":121544,"minecraft:deaths":4,"minecraft:sneak_time":884,"minecraft:walk_under_water_one_cm":25639,"minecraft:jump":1902,"minecraft:walk_on_water_one_cm":22824,"minecraft:total_world_time":121544,"minecraft:fall_one_cm":32886},"minecraft:mined":{"minecraft:white_bed":1,"minecraft:crafting_table":5,"minecraft:grass_block":2,"minecraft:melon":12,"supplementaries:wild_flax":4,"minecraft:lapis_ore":4,"minecraft:wall_torch":2,"supplementaries:urn":3,"minecraft:iron_ore":72,"minecraft:andesite":8,"minecraft:grass":79,"minecraft:oak_log":14,"minecraft:coal_ore":129,"minecraft:dirt":9,"minecraft:bamboo":4,"minecraft:stone":65,"minecraft:oak_leaves":5,"minecraft:fern":15},"minecraft:crafted":{"minecraft:oak_planks":36,"minecraft:crafting_table":2,"minecraft:iron_helmet":1,"minecraft:wooden_pickaxe":1,"quark:jungle_chest":2,"minecraft:iron_sword":1,"minecraft:furnace":1,"minecraft:stone_axe":1,"minecraft:air":0,"minecraft:jungle_planks":20,"minecraft:shield":1,"minecraft:iron_boots":1,"minecraft:iron_chestplate":1,"minecraft:stick":32,"minecraft:iron_ingot":10,"minecraft:iron_pickaxe":1,"minecraft:stone_pickaxe":2,"minecraft:wooden_axe":2,"minecraft:white_bed":2,"minecraft:dark_oak_planks":4,"minecraft:torch":40,"minecraft:shears":1},"minecraft:used":{"minecraft:cooked_mutton":21,"minecraft:stone_pickaxe":157,"minecraft:shield":9,"quark:jungle_chest":2,"minecraft:wooden_pickaxe":59,"minecraft:salmon":13,"minecraft:iron_sword":46,"minecraft:iron_chestplate":1,"minecraft:leather_boots":1,"minecraft:cooked_chicken":2,"minecraft:rotten_flesh":5,"minecraft:torch":47,"minecraft:dirt":27,"minecraft:crafting_table":7,"minecraft:jungle_planks":1,"minecraft:white_bed":3,"born_in_chaos_v1:corpse_maggot":3,"minecraft:wooden_axe":89,"minecraft:iron_helmet":1,"minecraft:iron_pickaxe":64,"minecraft:iron_boots":1,"minecraft:leather_helmet":1,"minecraft:gravel":1,"minecraft:stone_axe":56,"minecraft:furnace":1,"minecraft:andesite":2,"minecraft:chain":1},"minecraft:killed":{"born_in_chaos_v1:spiritof_chaos":1,"born_in_chaos_v1:fallen_chaos_knight":1,"born_in_chaos_v1:restless_spirit":1,"born_in_chaos_v1:zombie_lumberjack":2,"minecraft:salmon":15,"born_in_chaos_v1:baby_skeleton":3,"born_in_chaos_v1:thornshell_crab":1,"born_in_chaos_v1:decrepit_skeleton":4,"born_in_chaos_v1:maggot":4,"minecraft:skeleton":5,"minecraft:zombie":9,"born_in_chaos_v1:dread_hound":1,"born_in_chaos_v1:corpse_fly":4,"minecraft:drowned":1,"born_in_chaos_v1:corpse_fish":4,"born_in_chaos_v1:door_knight":1,"born_in_chaos_v1:barrel_zombie":1},"minecraft:killed_by":{"minecraft:skeleton":1,"born_in_chaos_v1:corpse_fly":2,"born_in_chaos_v1:dire_hound_leader":1},"minecraft:broken":{"minecraft:stone_pickaxe":1,"minecraft:leather_helmet":1,"minecraft:wooden_axe":2,"minecraft:wooden_pickaxe":1},"minecraft:picked_up":{"minecraft:wooden_axe":1,"born_in_chaos_v1:corpse_maggot":8,"minecraft:crafting_table":6,"minecraft:leather_chestplate":1,"minecraft:feather":2,"minecraft:salmon":13,"minecraft:andesite":2,"minecraft:clay_ball":4,"born_in_chaos_v1:seedof_chaos":1,"minecraft:jungle_log":41,"minecraft:jungle_fence":1,"minecraft:wooden_pickaxe":1,"supplementaries:flax_seeds":4,"minecraft:oak_log":21,"minecraft:chain":1,"minecraft:lapis_lazuli":26,"minecraft:dirt":27,"minecraft:raw_copper":2,"born_in_chaos_v1:monster_skin":1,"born_in_chaos_v1:dark_upgrade":1,"minecraft:cooked_mutton":28,"minecraft:leather_boots":1,"minecraft:bone":20,"minecraft:wheat_seeds":18,"minecraft:gold_nugget":3,"minecraft:iron_ingot":19,"minecraft:cooked_chicken":2,"minecraft:stone_pickaxe":1,"born_in_chaos_v1:gnawed_bones":1,"minecraft:iron_nugget":11,"minecraft:bamboo":42,"minecraft:melon_slice":71,"minecraft:oak_planks":24,"minecraft:egg":4,"minecraft:stick":6,"minecraft:raw_iron":79,"born_in_chaos_v1:shattered_skull":1,"minecraft:gravel":1,"minecraft:torch":21,"born_in_chaos_v1:ethereal_spirit":1,"minecraft:dripstone_block":4,"minecraft:pointed_dripstone":1,"minecraft:cherry_log":1,"minecraft:white_bed":2,"born_in_chaos_v1:pieceofdarkmetal":4,"minecraft:dark_oak_log":2,"minecraft:leather_helmet":1,"minecraft:stone_sword":1,"minecraft:rotten_flesh":25,"minecraft:arrow":9,"minecraft:bone_meal":1,"born_in_chaos_v1:spiny_shell":8,"supplementaries:ash":1,"born_in_chaos_v1:rotten_fish":5,"minecraft:coal":128,"minecraft:white_wool":14,"minecraft:cobblestone":141}},"DataVersion":3465}