{"stats":{"minecraft:dropped":{"minecraft:white_wool":6},"minecraft:custom":{"minecraft:mob_kills":20,"minecraft:animals_bred":1,"minecraft:interact_with_crafting_table":7,"minecraft:damage_dealt_resisted":729,"minecraft:leave_game":2,"minecraft:time_since_death":58475,"minecraft:sleep_in_bed":1,"minecraft:climb_one_cm":3093,"minecraft:time_since_rest":2570,"minecraft:sprint_one_cm":156973,"minecraft:damage_taken":1366,"minecraft:walk_one_cm":156665,"minecraft:drop":6,"minecraft:damage_dealt":4074,"minecraft:fly_one_cm":112893,"minecraft:crouch_one_cm":544,"minecraft:play_time":67544,"minecraft:deaths":1,"minecraft:sneak_time":241,"minecraft:walk_under_water_one_cm":6444,"minecraft:jump":821,"minecraft:walk_on_water_one_cm":10835,"minecraft:total_world_time":67544,"minecraft:fall_one_cm":14038},"minecraft:mined":{"minecraft:white_bed":1,"minecraft:crafting_table":5,"minecraft:grass_block":1,"minecraft:melon":12,"minecraft:wall_torch":2,"minecraft:grass":73,"minecraft:oak_log":14,"minecraft:coal_ore":96,"minecraft:dirt":9,"minecraft:bamboo":4,"minecraft:stone":45,"minecraft:oak_leaves":5,"minecraft:fern":15},"minecraft:crafted":{"minecraft:oak_planks":20,"minecraft:crafting_table":1,"minecraft:wooden_pickaxe":1,"minecraft:stone_axe":1,"minecraft:jungle_planks":4,"minecraft:stick":16,"minecraft:stone_pickaxe":1,"minecraft:wooden_axe":2,"minecraft:white_bed":1,"minecraft:torch":24,"minecraft:shears":1},"minecraft:used":{"minecraft:cooked_mutton":17,"minecraft:stone_pickaxe":82,"minecraft:wooden_pickaxe":59,"minecraft:leather_boots":1,"minecraft:torch":25,"minecraft:dirt":23,"minecraft:crafting_table":5,"minecraft:white_bed":1,"minecraft:wooden_axe":89,"minecraft:leather_helmet":1,"minecraft:stone_axe":37},"minecraft:killed":{"born_in_chaos_v1:spiritof_chaos":1,"born_in_chaos_v1:fallen_chaos_knight":1,"born_in_chaos_v1:baby_skeleton":2,"born_in_chaos_v1:thornshell_crab":1,"born_in_chaos_v1:decrepit_skeleton":3,"born_in_chaos_v1:maggot":2,"minecraft:skeleton":2,"minecraft:zombie":3,"born_in_chaos_v1:corpse_fly":1,"minecraft:drowned":1,"born_in_chaos_v1:corpse_fish":1,"born_in_chaos_v1:door_knight":1},"minecraft:killed_by":{"born_in_chaos_v1:corpse_fly":1},"minecraft:broken":{"minecraft:wooden_axe":2,"minecraft:wooden_pickaxe":1},"minecraft:picked_up":{"minecraft:wooden_axe":1,"born_in_chaos_v1:corpse_maggot":5,"minecraft:crafting_table":6,"minecraft:leather_chestplate":1,"minecraft:feather":2,"born_in_chaos_v1:seedof_chaos":1,"minecraft:jungle_log":22,"minecraft:oak_log":19,"minecraft:dirt":26,"born_in_chaos_v1:dark_upgrade":1,"minecraft:cooked_mutton":28,"minecraft:leather_boots":1,"minecraft:bone":10,"minecraft:wheat_seeds":18,"minecraft:iron_ingot":2,"minecraft:bamboo":42,"minecraft:melon_slice":57,"minecraft:oak_planks":9,"minecraft:egg":2,"minecraft:torch":2,"born_in_chaos_v1:ethereal_spirit":1,"minecraft:white_bed":1,"born_in_chaos_v1:pieceofdarkmetal":4,"minecraft:leather_helmet":1,"minecraft:rotten_flesh":10,"minecraft:arrow":2,"born_in_chaos_v1:spiny_shell":4,"supplementaries:ash":1,"born_in_chaos_v1:rotten_fish":3,"minecraft:coal":96,"minecraft:white_wool":14,"minecraft:cobblestone":60}},"DataVersion":3465}