{"stats":{"minecraft:dropped":{"minecraft:iron_sword":1,"born_in_chaos_v1:mint_candy":4,"born_in_chaos_v1:nightmare_claw":1,"minecraft:gold_nugget":2,"minecraft:iron_pickaxe":1,"minecraft:white_wool":8,"minecraft:bone":3,"minecraft:stone_axe":1,"minecraft:cooked_chicken":11,"minecraft:cobbled_deepslate":1,"minecraft:oak_planks":15,"minecraft:white_bed":1,"minecraft:mangrove_log":1,"minecraft:jungle_log":19,"minecraft:arrow":2,"minecraft:wheat_seeds":60,"minecraft:feather":4,"minecraft:iron_helmet":1,"minecraft:cobblestone":17,"minecraft:apple":9,"minecraft:stick":14,"quark:blossom_log":2,"minecraft:torch":14,"minecraft:melon_slice":14,"minecraft:iron_leggings":2,"minecraft:stone_sword":2,"minecraft:raw_copper":2,"born_in_chaos_v1:rotten_fish":1,"minecraft:raw_iron":28,"minecraft:stone_shovel":1,"minecraft:clay_ball":2,"minecraft:shield":2,"minecraft:iron_chestplate":6,"born_in_chaos_v1:spiny_shell":4,"minecraft:stone_pickaxe":1,"minecraft:wooden_pickaxe":1},"minecraft:used":{"minecraft:shield":152,"minecraft:iron_sword":315,"born_in_chaos_v1:nightmare_mantleofthe_night_chestplate":1,"minecraft:rotten_flesh":11,"minecraft:iron_chestplate":5,"minecraft:mutton":1,"minecraft:jungle_planks":1,"minecraft:carrot":2,"minecraft:obsidian":3,"born_in_chaos_v1:corpse_maggot":39,"born_in_chaos_v1:smoked_flesh":34,"minecraft:mangrove_log":1,"born_in_chaos_v1:mint_candy":4,"minecraft:iron_helmet":3,"minecraft:golden_sword":20,"minecraft:bow":52,"minecraft:horn_coral":1,"minecraft:hay_block":4,"minecraft:sweet_berries":41,"minecraft:furnace":5,"minecraft:oak_sapling":6,"minecraft:egg":7,"minecraft:potato":21,"born_in_chaos_v1:nightmare_mantleofthe_night_boots":1,"minecraft:stone_pickaxe":161,"minecraft:oak_planks":1,"minecraft:wooden_pickaxe":59,"minecraft:jungle_boat":1,"minecraft:blast_furnace":1,"minecraft:dripstone_block":4,"minecraft:shears":2,"minecraft:pumpkin_seeds":1,"minecraft:dark_oak_log":2,"minecraft:bread":2,"minecraft:gravel":3,"born_in_chaos_v1:rotten_fish":6,"born_in_chaos_v1:river_mint":1,"minecraft:andesite":14,"minecraft:birch_log":2,"minecraft:chain":1,"minecraft:coarse_dirt":1,"minecraft:bone_meal":70,"minecraft:oak_fence":1,"minecraft:flint_and_steel":2,"minecraft:carved_pumpkin":4,"born_in_chaos_v1:ethereal_spirit":38,"minecraft:tropical_fish":1,"quark:jungle_chest":2,"minecraft:cooked_salmon":2,"minecraft:cooked_chicken":6,"minecraft:torch":47,"minecraft:dirt":50,"minecraft:dark_oak_planks":1,"minecraft:wooden_axe":89,"minecraft:iron_axe":101,"minecraft:iron_boots":2,"minecraft:golden_carrot":2,"minecraft:beef":9,"minecraft:cooked_beef":6,"minecraft:cobbled_deepslate":3,"minecraft:pumpkin":2,"minecraft:iron_leggings":1,"quark:blossom_log":4,"minecraft:wheat_seeds":24,"minecraft:cooked_mutton":21,"minecraft:glass_bottle":1,"minecraft:cartography_table":2,"minecraft:spruce_fence_gate":1,"minecraft:leather_boots":1,"minecraft:warped_roots":1,"minecraft:salmon":26,"minecraft:crafting_table":10,"minecraft:white_bed":3,"minecraft:spruce_log":4,"minecraft:smoker":1,"minecraft:oak_log":4,"minecraft:apple":9,"minecraft:iron_pickaxe":181,"minecraft:leather_helmet":1,"minecraft:stone_axe":461,"minecraft:cobblestone":39,"minecraft:porkchop":4,"minecraft:cooked_porkchop":1},"minecraft:broken":{"minecraft:iron_chestplate":1,"minecraft:iron_leggings":1,"minecraft:stone_pickaxe":1,"minecraft:stone_axe":6,"minecraft:iron_sword":2,"minecraft:wooden_axe":2,"minecraft:leather_helmet":1,"minecraft:wooden_pickaxe":1,"minecraft:shield":1,"minecraft:iron_axe":1},"minecraft:mined":{"minecraft:white_bed":1,"minecraft:carved_pumpkin":5,"minecraft:grass_block":2,"minecraft:tall_seagrass":6,"minecraft:iron_ore":85,"minecraft:fire":1,"minecraft:pumpkin":2,"minecraft:melon":12,"quark:blossom_log":4,"supplementaries:wild_flax":4,"minecraft:cobblestone":23,"minecraft:sugar_cane":9,"minecraft:wall_torch":2,"minecraft:seagrass":6,"minecraft:birch_log":2,"minecraft:wheat":2,"born_in_chaos_v1:river_mint":12,"minecraft:grass":152,"minecraft:oak_log":23,"minecraft:sand":3,"minecraft:dirt":9,"born_in_chaos_v1:infernal_evil_pumpkin_s":1,"minecraft:deepslate":8,"minecraft:oak_leaves":8,"minecraft:deepslate_diamond_ore":1,"born_in_chaos_v1:nightmare_stalker_skull":1,"born_in_chaos_v1:infected_diamond_ore":5,"minecraft:cartography_table":1,"minecraft:hay_block":3,"minecraft:furnace":2,"minecraft:andesite":18,"minecraft:gold_block":1,"minecraft:bamboo":4,"minecraft:stone":97,"minecraft:oak_fence":1,"minecraft:crafting_table":6,"minecraft:tall_grass":19,"minecraft:lapis_ore":4,"supplementaries:urn":4,"minecraft:sweet_berry_bush":7,"minecraft:spruce_log":2,"minecraft:coal_ore":129,"minecraft:gravel":4,"minecraft:fern":16},"minecraft:picked_up":{"minecraft:wooden_axe":1,"minecraft:seagrass":9,"minecraft:iron_chestplate":9,"minecraft:wheat":43,"minecraft:turtle_egg":2,"born_in_chaos_v1:bloody_gadfly_eye":2,"minecraft:golden_sword":1,"minecraft:string":36,"minecraft:raw_copper":2,"minecraft:cooked_salmon":7,"born_in_chaos_v1:dark_upgrade":1,"minecraft:iron_leggings":5,"minecraft:gold_nugget":11,"minecraft:cobbled_deepslate":4,"born_in_chaos_v1:nightmare_mantleofthe_night_helmet":1,"minecraft:iron_pickaxe":5,"minecraft:melon_slice":71,"minecraft:mangrove_log":3,"minecraft:iron_boots":3,"minecraft:furnace":2,"minecraft:stick":32,"born_in_chaos_v1:shattered_skull":2,"minecraft:oak_fence":1,"minecraft:torch":21,"born_in_chaos_v1:pileof_dark_metal":1,"quark:blossom_log":6,"minecraft:porkchop":13,"minecraft:cherry_log":1,"minecraft:pointed_dripstone":1,"born_in_chaos_v1:nightmare_claw":11,"minecraft:stone_sword":2,"minecraft:honey_bottle":1,"minecraft:rotten_flesh":135,"minecraft:tropical_fish":1,"minecraft:carved_pumpkin":5,"supplementaries:ash":5,"minecraft:cod":1,"minecraft:cobblestone":331,"minecraft:birch_log":38,"minecraft:leather_chestplate":1,"minecraft:feather":18,"minecraft:cooked_beef":6,"born_in_chaos_v1:spiritual_dust":6,"minecraft:andesite":20,"minecraft:jungle_log":41,"minecraft:golden_leggings":1,"minecraft:potato":22,"minecraft:flint":1,"supplementaries:flax_seeds":4,"minecraft:horn_coral":2,"minecraft:lapis_lazuli":26,"minecraft:dirt":82,"born_in_chaos_v1:nightmare_stalker_skull":1,"born_in_chaos_v1:monster_skin":57,"minecraft:leather_boots":1,"minecraft:bone":103,"minecraft:bow":5,"minecraft:wheat_seeds":175,"minecraft:bamboo":42,"minecraft:oak_planks":56,"minecraft:poisonous_potato":1,"minecraft:jungle_planks":4,"minecraft:sand":6,"minecraft:dark_oak_log":3,"minecraft:barrel":1,"minecraft:spruce_fence_gate":1,"minecraft:diamond":1,"minecraft:bone_meal":4,"minecraft:oak_sapling":8,"born_in_chaos_v1:rotten_fish":34,"born_in_chaos_v1:diamond_termite_shard":7,"minecraft:coarse_dirt":1,"minecraft:crafting_table":7,"born_in_chaos_v1:river_mint":13,"minecraft:clay_ball":6,"born_in_chaos_v1:seedof_chaos":4,"minecraft:brown_mushroom":4,"minecraft:wooden_pickaxe":1,"minecraft:gold_block":2,"minecraft:chain":2,"minecraft:shield":4,"minecraft:iron_axe":1,"minecraft:cartography_table":1,"minecraft:beef":12,"born_in_chaos_v1:gnawed_bones":3,"minecraft:iron_nugget":11,"minecraft:sugar_cane":14,"minecraft:egg":15,"minecraft:raw_iron":159,"minecraft:copper_ingot":1,"born_in_chaos_v1:pieceofdarkmetal":11,"minecraft:carrot":2,"minecraft:redstone":1,"minecraft:dark_oak_planks":7,"minecraft:stone_shovel":1,"minecraft:arrow":67,"minecraft:shears":1,"minecraft:hay_block":3,"born_in_chaos_v1:spiny_shell":12,"minecraft:mutton":1,"minecraft:white_wool":16,"born_in_chaos_v1:fused_bone":6,"born_in_chaos_v1:corpse_maggot":57,"born_in_chaos_v1:nightmare_mantleofthe_night_boots":1,"minecraft:jungle_boat":1,"minecraft:golden_carrot":3,"born_in_chaos_v1:monster_flesh":25,"minecraft:salmon":27,"minecraft:leather":4,"minecraft:jungle_fence":1,"minecraft:red_mushroom":6,"minecraft:oak_log":33,"minecraft:cooked_mutton":28,"minecraft:apple":19,"minecraft:iron_ingot":28,"born_in_chaos_v1:smoked_flesh":15,"minecraft:stone_pickaxe":3,"minecraft:cooked_chicken":16,"minecraft:glass_bottle":2,"minecraft:iron_sword":2,"minecraft:pumpkin":2,"minecraft:sweet_berries":45,"born_in_chaos_v1:orbofthe_summoner":2,"born_in_chaos_v1:ethereal_spirit":11,"minecraft:dandelion":1,"minecraft:dripstone_block":12,"minecraft:gravel":3,"born_in_chaos_v1:dark_rod":1,"minecraft:white_bed":2,"minecraft:spruce_log":2,"minecraft:spider_eye":19,"minecraft:leather_helmet":1,"minecraft:pumpkin_seeds":66,"minecraft:stone_axe":5,"minecraft:iron_helmet":4,"minecraft:coal":138},"minecraft:killed_by":{"endofherobrine:cow":1,"minecraft:creeper":1,"born_in_chaos_v1:corpse_fly":2,"born_in_chaos_v1:dire_hound_leader":1,"minecraft:skeleton":1,"born_in_chaos_v1:corpse_fish":1},"minecraft:killed":{"endofherobrine:pig":1,"born_in_chaos_v1:mr_pumpkin":8,"minecraft:witch":1,"born_in_chaos_v1:restless_spirit":4,"born_in_chaos_v1:zombie_lumberjack":3,"born_in_chaos_v1:door_knight_not_despawn":1,"minecraft:spider":12,"born_in_chaos_v1:siamese_skeletonsright":2,"minecraft:skeleton":21,"minecraft:chicken":7,"born_in_chaos_v1:skeleton_thrasher":1,"minecraft:pig":6,"born_in_chaos_v1:diamond_termite":8,"minecraft:salmon":28,"minecraft:creeper":1,"minecraft:zombie":33,"born_in_chaos_v1:dread_hound":11,"born_in_chaos_v1:corpse_fly":25,"endofherobrine:cow":2,"born_in_chaos_v1:door_knight":2,"born_in_chaos_v1:siamese_skeletonsleft":2,"minecraft:cow":3,"born_in_chaos_v1:thornshell_crab":2,"born_in_chaos_v1:zombie_bruiser":1,"born_in_chaos_v1:maggot":31,"minecraft:drowned":7,"born_in_chaos_v1:corpse_fish":20,"born_in_chaos_v1:barrel_zombie":7,"born_in_chaos_v1:spiritof_chaos":1,"born_in_chaos_v1:fallen_chaos_knight":2,"born_in_chaos_v1:bone_imp_minion":35,"born_in_chaos_v1:baby_skeleton":3,"born_in_chaos_v1:swarmer":1,"born_in_chaos_v1:decrepit_skeleton":8,"born_in_chaos_v1:bloody_gadfly":4,"alexsmobs:cockroach":1,"born_in_chaos_v1:dark_vortex":1,"born_in_chaos_v1:nightmare_stalker":2,"endofherobrine:sheep":17},"minecraft:crafted":{"minecraft:smooth_stone":3,"minecraft:oak_planks":48,"minecraft:cooked_chicken":1,"minecraft:stone":3,"born_in_chaos_v1:dark_metal_ingot":2,"born_in_chaos_v1:nightmare_mantleofthe_night_chestplate":1,"minecraft:glass":10,"minecraft:bow":1,"minecraft:iron_boots":2,"born_in_chaos_v1:pileof_dark_metal":1,"minecraft:smoker":1,"minecraft:glass_bottle":3,"born_in_chaos_v1:mint_candy":8,"minecraft:cooked_porkchop":1,"minecraft:crafting_table":6,"minecraft:wooden_pickaxe":1,"minecraft:iron_helmet":2,"minecraft:hay_block":3,"minecraft:cartography_table":1,"minecraft:iron_chestplate":2,"minecraft:paper":6,"minecraft:shield":1,"minecraft:stick":40,"born_in_chaos_v1:smoked_flesh":6,"minecraft:iron_ingot":18,"minecraft:iron_pickaxe":1,"minecraft:shears":2,"quark:jungle_chest":2,"born_in_chaos_v1:nightmare_mantleofthe_night_boots":1,"minecraft:furnace":5,"minecraft:blast_furnace":1,"minecraft:bone_meal":63,"minecraft:flint_and_steel":1,"minecraft:iron_axe":1,"minecraft:stone_pickaxe":2,"minecraft:dark_oak_planks":16,"minecraft:sugar":8,"minecraft:iron_sword":1,"minecraft:cooked_salmon":2,"minecraft:bone":6,"minecraft:stone_axe":5,"born_in_chaos_v1:bone_heart":2,"minecraft:bread":2,"minecraft:air":0,"minecraft:jungle_planks":20,"minecraft:wooden_axe":2,"minecraft:iron_leggings":1,"minecraft:white_bed":2,"minecraft:torch":40},"minecraft:custom":{"minecraft:animals_bred":2,"minecraft:interact_with_crafting_table":62,"minecraft:open_barrel":15,"minecraft:leave_game":8,"minecraft:time_since_death":61398,"minecraft:damage_resisted":56,"minecraft:sprint_one_cm":1017521,"minecraft:damage_blocked_by_shield":3650,"minecraft:drop":66,"minecraft:play_time":396834,"minecraft:deaths":10,"minecraft:jump":5177,"minecraft:walk_on_water_one_cm":200574,"minecraft:interact_with_furnace":51,"minecraft:interact_with_cartography_table":2,"minecraft:sleep_in_bed":4,"minecraft:damage_dealt":52231,"minecraft:crouch_one_cm":4067,"minecraft:interact_with_smoker":2,"minecraft:mob_kills":334,"minecraft:damage_dealt_resisted":4486,"minecraft:climb_one_cm":4926,"minecraft:walk_one_cm":941087,"minecraft:sneak_time":2610,"minecraft:walk_under_water_one_cm":201769,"minecraft:boat_one_cm":31736,"minecraft:interact_with_blast_furnace":4,"minecraft:total_world_time":396834,"minecraft:time_since_rest":61442,"minecraft:damage_taken":8147,"minecraft:swim_one_cm":132094,"minecraft:fly_one_cm":975131,"minecraft:open_chest":134,"minecraft:fall_one_cm":105498}},"DataVersion":3465}