{"stats":{"minecraft:custom":{"minecraft:time_since_rest":46500,"minecraft:sprint_one_cm":115198,"minecraft:damage_taken":1319,"minecraft:walk_one_cm":117161,"minecraft:mob_kills":19,"minecraft:damage_dealt":3809,"minecraft:interact_with_crafting_table":6,"minecraft:fly_one_cm":73371,"minecraft:play_time":55544,"minecraft:crouch_one_cm":544,"minecraft:sneak_time":241,"minecraft:deaths":1,"minecraft:walk_under_water_one_cm":6084,"minecraft:damage_dealt_resisted":729,"minecraft:jump":587,"minecraft:leave_game":2,"minecraft:time_since_death":46475,"minecraft:walk_on_water_one_cm":9853,"minecraft:total_world_time":55544,"minecraft:fall_one_cm":6884,"minecraft:climb_one_cm":833},"minecraft:mined":{"minecraft:crafting_table":4,"minecraft:grass":69,"minecraft:coal_ore":96,"minecraft:oak_log":14,"minecraft:melon":12,"minecraft:dirt":9,"minecraft:bamboo":1,"minecraft:stone":45,"minecraft:wall_torch":2,"minecraft:oak_leaves":4,"minecraft:fern":14},"minecraft:crafted":{"minecraft:oak_planks":20,"minecraft:crafting_table":1,"minecraft:stick":16,"minecraft:wooden_pickaxe":1,"minecraft:stone_pickaxe":1,"minecraft:wooden_axe":2,"minecraft:torch":24,"minecraft:stone_axe":1,"minecraft:shears":1},"minecraft:used":{"minecraft:cooked_mutton":15,"minecraft:wooden_axe":89,"minecraft:stone_pickaxe":82,"minecraft:leather_helmet":1,"minecraft:wooden_pickaxe":59,"minecraft:leather_boots":1,"minecraft:torch":25,"minecraft:stone_axe":29,"minecraft:dirt":23,"minecraft:crafting_table":4},"minecraft:killed":{"minecraft:skeleton":2,"born_in_chaos_v1:spiritof_chaos":1,"born_in_chaos_v1:fallen_chaos_knight":1,"minecraft:zombie":3,"born_in_chaos_v1:corpse_fly":1,"born_in_chaos_v1:baby_skeleton":2,"born_in_chaos_v1:corpse_fish":1,"minecraft:drowned":1,"born_in_chaos_v1:door_knight":1,"born_in_chaos_v1:decrepit_skeleton":3,"born_in_chaos_v1:maggot":2},"minecraft:killed_by":{"born_in_chaos_v1:corpse_fly":1},"minecraft:broken":{"minecraft:wooden_axe":2,"minecraft:wooden_pickaxe":1},"minecraft:picked_up":{"minecraft:wooden_axe":1,"born_in_chaos_v1:corpse_maggot":5,"minecraft:crafting_table":5,"minecraft:leather_chestplate":1,"minecraft:feather":2,"minecraft:jungle_log":2,"born_in_chaos_v1:seedof_chaos":1,"minecraft:torch":2,"born_in_chaos_v1:ethereal_spirit":1,"minecraft:oak_log":19,"born_in_chaos_v1:pieceofdarkmetal":4,"minecraft:dirt":26,"minecraft:leather_helmet":1,"born_in_chaos_v1:dark_upgrade":1,"minecraft:leather_boots":1,"minecraft:cooked_mutton":28,"minecraft:bone":10,"minecraft:arrow":2,"minecraft:rotten_flesh":10,"minecraft:wheat_seeds":18,"minecraft:iron_ingot":2,"minecraft:white_wool":5,"supplementaries:ash":1,"minecraft:bamboo":12,"born_in_chaos_v1:rotten_fish":1,"minecraft:melon_slice":57,"minecraft:oak_planks":9,"minecraft:coal":96,"minecraft:cobblestone":60,"minecraft:egg":2}},"DataVersion":3465}