{"stats":{"minecraft:custom":{"minecraft:time_since_rest":36598,"minecraft:sprint_one_cm":105106,"minecraft:damage_taken":1319,"minecraft:walk_one_cm":107490,"minecraft:mob_kills":18,"minecraft:damage_dealt":3411,"minecraft:interact_with_crafting_table":6,"minecraft:fly_one_cm":59764,"minecraft:crouch_one_cm":479,"minecraft:play_time":45642,"minecraft:sneak_time":184,"minecraft:deaths":1,"minecraft:walk_under_water_one_cm":6084,"minecraft:damage_dealt_resisted":729,"minecraft:jump":509,"minecraft:leave_game":2,"minecraft:time_since_death":36573,"minecraft:walk_on_water_one_cm":9853,"minecraft:total_world_time":45642,"minecraft:climb_one_cm":833,"minecraft:fall_one_cm":5988},"minecraft:mined":{"minecraft:crafting_table":4,"minecraft:grass":69,"minecraft:coal_ore":96,"minecraft:oak_log":14,"minecraft:melon":12,"minecraft:dirt":4,"minecraft:bamboo":1,"minecraft:stone":43,"minecraft:wall_torch":2,"minecraft:oak_leaves":4,"minecraft:fern":14},"minecraft:crafted":{"minecraft:oak_planks":20,"minecraft:crafting_table":1,"minecraft:stick":16,"minecraft:wooden_pickaxe":1,"minecraft:stone_pickaxe":1,"minecraft:wooden_axe":2,"minecraft:torch":24,"minecraft:stone_axe":1},"minecraft:used":{"minecraft:cooked_mutton":15,"minecraft:wooden_axe":89,"minecraft:stone_pickaxe":80,"minecraft:leather_helmet":1,"minecraft:wooden_pickaxe":59,"minecraft:leather_boots":1,"minecraft:torch":25,"minecraft:stone_axe":16,"minecraft:dirt":19,"minecraft:crafting_table":4},"minecraft:killed":{"minecraft:skeleton":2,"born_in_chaos_v1:spiritof_chaos":1,"minecraft:zombie":3,"born_in_chaos_v1:corpse_fly":1,"born_in_chaos_v1:baby_skeleton":2,"born_in_chaos_v1:corpse_fish":1,"minecraft:drowned":1,"born_in_chaos_v1:door_knight":1,"born_in_chaos_v1:decrepit_skeleton":3,"born_in_chaos_v1:maggot":2},"minecraft:killed_by":{"born_in_chaos_v1:corpse_fly":1},"minecraft:broken":{"minecraft:wooden_axe":2,"minecraft:wooden_pickaxe":1},"minecraft:picked_up":{"minecraft:wooden_axe":1,"born_in_chaos_v1:corpse_maggot":5,"minecraft:crafting_table":5,"minecraft:leather_chestplate":1,"minecraft:feather":2,"minecraft:jungle_log":2,"born_in_chaos_v1:seedof_chaos":1,"minecraft:torch":2,"born_in_chaos_v1:ethereal_spirit":1,"minecraft:oak_log":19,"minecraft:dirt":21,"minecraft:leather_helmet":1,"minecraft:leather_boots":1,"minecraft:cooked_mutton":28,"minecraft:bone":10,"minecraft:arrow":2,"minecraft:rotten_flesh":5,"minecraft:wheat_seeds":18,"minecraft:iron_ingot":2,"minecraft:bamboo":12,"born_in_chaos_v1:rotten_fish":1,"minecraft:melon_slice":57,"minecraft:oak_planks":9,"minecraft:coal":96,"minecraft:cobblestone":58,"minecraft:egg":1}},"DataVersion":3465}