{"stats":{"minecraft:custom":{"minecraft:time_since_rest":5671,"minecraft:play_time":5671,"minecraft:sprint_one_cm":11085,"minecraft:walk_one_cm":14010,"minecraft:sneak_time":10,"minecraft:jump":54,"minecraft:time_since_death":5671,"minecraft:total_world_time":5671,"minecraft:fly_one_cm":5487,"minecraft:interact_with_crafting_table":1},"minecraft:mined":{"minecraft:grass":55,"minecraft:oak_log":9,"minecraft:bamboo":1,"minecraft:oak_leaves":1,"minecraft:crafting_table":1,"minecraft:fern":11},"minecraft:crafted":{"minecraft:oak_planks":16,"minecraft:crafting_table":1,"minecraft:stick":2,"minecraft:wooden_axe":1},"minecraft:used":{"minecraft:wooden_axe":7,"minecraft:crafting_table":1},"minecraft:picked_up":{"minecraft:crafting_table":1,"minecraft:wheat_seeds":7,"minecraft:oak_log":9,"minecraft:bamboo":8}},"DataVersion":3465}