{"stats":{"minecraft:dropped":{"minecraft:iron_sword":1,"born_in_chaos_v1:mint_candy":4,"minecraft:diamond_axe":2,"minecraft:glow_ink_sac":5,"born_in_chaos_v1:nightmare_mantleofthe_night_chestplate":1,"minecraft:diamond":1,"minecraft:leather":1,"minecraft:saddle":1,"map_atlases:atlas":1,"born_in_chaos_v1:nightmare_claw":1,"minecraft:cod":6,"minecraft:item_frame":1,"minecraft:gold_block":1,"minecraft:dirt":1,"minecraft:gold_nugget":16,"minecraft:bone_block":14,"minecraft:iron_pickaxe":1,"minecraft:fishing_rod":1,"minecraft:white_wool":8,"minecraft:gold_ingot":15,"minecraft:bone":6,"minecraft:stone_axe":2,"minecraft:spyglass":1,"minecraft:cooked_chicken":11,"alexsmobs:animal_dictionary":1,"minecraft:cobbled_deepslate":17,"minecraft:obsidian":1,"born_in_chaos_v1:ethereal_spirit":2,"minecraft:rotten_flesh":33,"minecraft:oak_planks":15,"minecraft:white_bed":1,"minecraft:salmon":1,"supplementaries:flax_seeds":6,"supplementaries:ash":24,"minecraft:mangrove_log":3,"minecraft:gunpowder":7,"minecraft:skeleton_skull":1,"minecraft:jungle_log":19,"born_in_chaos_v1:corpse_maggot":1,"minecraft:azalea":1,"improvableskills:scroll_normal":4,"minecraft:arrow":54,"minecraft:egg":3,"minecraft:iron_ingot":24,"minecraft:bread":1,"minecraft:wheat_seeds":62,"minecraft:cherry_log":2,"minecraft:iron_helmet":1,"born_in_chaos_v1:holiday_candy":14,"minecraft:feather":4,"minecraft:cobblestone":17,"minecraft:apple":9,"minecraft:grass_block":1,"minecraft:coal":1,"minecraft:stick":20,"quark:blossom_log":2,"minecraft:torch":14,"minecraft:melon_slice":14,"minecraft:iron_leggings":2,"minecraft:paper":3,"minecraft:string":3,"minecraft:tripwire_hook":1,"born_in_chaos_v1:nightmare_scythe":1,"minecraft:creeper_head":1,"minecraft:stone_sword":2,"minecraft:raw_copper":8,"born_in_chaos_v1:rotten_fish":2,"minecraft:raw_iron":90,"minecraft:stone_shovel":1,"minecraft:clay_ball":2,"improvableskills:skills_book":1,"minecraft:name_tag":1,"minecraft:shield":4,"minecraft:iron_chestplate":8,"born_in_chaos_v1:spiny_shell":4,"minecraft:golden_leggings":2,"minecraft:wooden_shovel":1,"minecraft:spider_eye":3,"minecraft:bow":1,"minecraft:stone_pickaxe":1,"minecraft:wooden_pickaxe":1,"minecraft:nautilus_shell":1},"minecraft:used":{"minecraft:moss_carpet":1,"minecraft:diamond_hoe":780,"minecraft:bone_block":2,"minecraft:shield":165,"born_in_chaos_v1:nightmare_mantleofthe_night_chestplate":4,"minecraft:iron_sword":409,"minecraft:rotten_flesh":22,"minecraft:iron_chestplate":7,"minecraft:mutton":1,"minecraft:jungle_planks":1,"minecraft:carrot":19,"minecraft:axolotl_bucket":3,"born_in_chaos_v1:soul_cutlass":304,"minecraft:tuff":13,"minecraft:obsidian":3,"born_in_chaos_v1:smoked_flesh":134,"minecraft:jungle_sapling":1,"born_in_chaos_v1:corpse_maggot":102,"minecraft:mangrove_log":6,"born_in_chaos_v1:mint_candy":4,"minecraft:grass_block":1,"minecraft:iron_helmet":3,"minecraft:golden_sword":34,"minecraft:magma_block":1,"minecraft:bow":59,"minecraft:horn_coral":1,"minecraft:hay_block":5,"minecraft:sweet_berries":55,"minecraft:oak_sapling":7,"minecraft:furnace":5,"minecraft:egg":11,"minecraft:potato":22,"born_in_chaos_v1:nightmare_mantleofthe_night_boots":5,"born_in_chaos_v1:spiny_shell_armor_helmet":1,"minecraft:diorite":2,"minecraft:oak_planks":3,"minecraft:stone_pickaxe":161,"minecraft:wooden_pickaxe":59,"minecraft:diamond_axe":87,"minecraft:jungle_boat":2,"minecraft:blast_furnace":3,"minecraft:dripstone_block":4,"born_in_chaos_v1:holiday_candy":14,"minecraft:shears":2,"minecraft:pumpkin_seeds":1,"minecraft:deepslate_tiles":3,"minecraft:melon_slice":46,"minecraft:bread":13,"minecraft:dark_oak_log":2,"born_in_chaos_v1:smoked_monster_flesh":20,"minecraft:gravel":3,"born_in_chaos_v1:rotten_fish":6,"born_in_chaos_v1:river_mint":1,"minecraft:andesite":14,"minecraft:birch_log":2,"minecraft:chain":4,"minecraft:oak_fence":1,"minecraft:cobweb":6,"minecraft:coarse_dirt":1,"minecraft:bone_meal":76,"minecraft:experience_bottle":3,"minecraft:tropical_fish":3,"minecraft:cracked_deepslate_bricks":1,"minecraft:enchanting_table":1,"minecraft:flint_and_steel":2,"born_in_chaos_v1:ethereal_spirit":38,"minecraft:carved_pumpkin":4,"quark:jungle_chest":2,"born_in_chaos_v1:black_argillite":1,"minecraft:cooked_salmon":2,"minecraft:cooked_chicken":16,"minecraft:torch":73,"minecraft:dirt":64,"minecraft:brewing_stand":1,"minecraft:spyglass":52,"minecraft:anvil":2,"minecraft:dark_oak_planks":1,"minecraft:wooden_axe":89,"born_in_chaos_v1:nightmare_mantleofthe_night_helmet":7,"minecraft:iron_axe":303,"minecraft:polished_deepslate_wall":14,"minecraft:jungle_log":9,"born_in_chaos_v1:nightmare_mantleofthe_night_leggings":5,"minecraft:iron_boots":2,"born_in_chaos_v1:nightmare_scythe":662,"minecraft:tripwire_hook":4,"minecraft:glowstone":1,"minecraft:golden_carrot":5,"minecraft:beef":13,"minecraft:infested_cobblestone":56,"alexsmobs:banana":1,"minecraft:cooked_beef":12,"minecraft:cobbled_deepslate":62,"minecraft:cherry_log":1,"minecraft:pumpkin":2,"minecraft:iron_leggings":1,"minecraft:pointed_dripstone":1,"quark:blossom_log":4,"minecraft:wheat_seeds":29,"minecraft:cooked_mutton":21,"minecraft:water_bucket":4,"minecraft:glass_bottle":1,"minecraft:cartography_table":2,"quark:forgotten_hat":1,"minecraft:leather_boots":1,"minecraft:cauldron":1,"minecraft:spruce_fence_gate":1,"minecraft:deepslate_bricks":3,"minecraft:warped_roots":1,"minecraft:salmon":34,"minecraft:crafting_table":12,"minecraft:white_bed":3,"minecraft:cod":38,"minecraft:spruce_log":7,"minecraft:smoker":1,"minecraft:oak_log":4,"minecraft:diamond_pickaxe":274,"minecraft:apple":9,"minecraft:iron_pickaxe":333,"minecraft:map":1,"born_in_chaos_v1:staffofthe_summoner":121,"minecraft:leather_helmet":1,"minecraft:stone_axe":555,"minecraft:fishing_rod":76,"minecraft:cobblestone":72,"minecraft:potion":1,"minecraft:porkchop":6,"minecraft:cooked_porkchop":1,"minecraft:bucket":8,"alexsmobs:animal_dictionary":1,"minecraft:gray_wool":6},"minecraft:broken":{"minecraft:iron_chestplate":1,"minecraft:iron_leggings":1,"minecraft:golden_leggings":1,"minecraft:stone_pickaxe":1,"minecraft:stone_axe":7,"minecraft:iron_sword":3,"minecraft:wooden_axe":2,"minecraft:leather_helmet":1,"minecraft:wooden_pickaxe":1,"minecraft:shield":1,"minecraft:iron_axe":2,"minecraft:iron_pickaxe":1},"minecraft:mined":{"minecraft:white_bed":1,"minecraft:sculk_vein":43,"minecraft:jungle_leaves":14,"minecraft:obsidian":5,"minecraft:brewing_stand":1,"minecraft:carved_pumpkin":5,"minecraft:granite":3,"minecraft:grass_block":7,"minecraft:infested_cobblestone":1,"minecraft:deepslate_bricks":3,"minecraft:tall_seagrass":6,"minecraft:raw_iron_block":1,"minecraft:magma_block":1,"minecraft:sculk_catalyst":7,"minecraft:iron_ore":93,"minecraft:fire":4,"minecraft:pumpkin":2,"minecraft:sculk_shrieker":21,"minecraft:pointed_dripstone":1,"minecraft:dirt_path":1,"minecraft:water_cauldron":1,"born_in_chaos_v1:infected_deepslate_diamond_ore":6,"minecraft:torch":3,"minecraft:melon":23,"supplementaries:wild_flax":4,"quark:blossom_log":4,"minecraft:cobblestone":40,"minecraft:oak_planks":1,"minecraft:sugar_cane":28,"minecraft:wall_torch":5,"minecraft:seagrass":6,"minecraft:chain":2,"minecraft:wheat":2,"minecraft:birch_log":2,"born_in_chaos_v1:river_mint":12,"minecraft:grass":317,"minecraft:oak_log":23,"minecraft:sand":3,"minecraft:dirt":20,"born_in_chaos_v1:infernal_evil_pumpkin_s":2,"minecraft:polished_deepslate_wall":15,"minecraft:oak_leaves":72,"minecraft:deepslate":79,"minecraft:deepslate_tiles":5,"minecraft:tuff":26,"minecraft:mossy_cobblestone":4,"minecraft:deepslate_diamond_ore":24,"born_in_chaos_v1:nightmare_stalker_skull":1,"born_in_chaos_v1:infected_diamond_ore":7,"born_in_chaos_v1:black_argillite":1,"minecraft:cartography_table":1,"minecraft:hay_block":3,"minecraft:furnace":2,"minecraft:carrots":1,"minecraft:andesite":18,"minecraft:gold_block":1,"minecraft:bookshelf":5,"minecraft:vine":4,"minecraft:deepslate_iron_ore":89,"minecraft:bamboo":4,"minecraft:stone":152,"minecraft:bone_block":2,"minecraft:oak_fence":1,"minecraft:crafting_table":7,"minecraft:sculk_sensor":19,"minecraft:tall_grass":39,"endofherobrine:glowing_obsidian":1,"minecraft:lapis_ore":4,"minecraft:cracked_deepslate_bricks":3,"minecraft:sculk":698,"minecraft:diorite":4,"supplementaries:urn":18,"minecraft:gray_wool":6,"minecraft:sweet_berry_bush":7,"minecraft:spruce_log":2,"minecraft:coal_ore":168,"minecraft:gravel":5,"minecraft:cobweb":20,"minecraft:acacia_planks":1,"minecraft:mossy_stone_bricks":5,"minecraft:fern":37},"minecraft:picked_up":{"minecraft:seagrass":9,"born_in_chaos_v1:charmof_stealth":1,"minecraft:iron_chestplate":10,"minecraft:wheat":46,"minecraft:creeper_head":1,"minecraft:anvil":1,"minecraft:turtle_egg":2,"minecraft:potion":4,"born_in_chaos_v1:bloody_gadfly_eye":3,"minecraft:brewing_stand":1,"minecraft:golden_sword":1,"minecraft:polished_deepslate_wall":14,"born_in_chaos_v1:holiday_candy":28,"born_in_chaos_v1:black_argillite":1,"minecraft:string":100,"minecraft:raw_copper":12,"minecraft:cooked_salmon":7,"minecraft:iron_leggings":5,"born_in_chaos_v1:dark_upgrade":1,"minecraft:pufferfish":6,"minecraft:smooth_stone":3,"minecraft:deepslate_tiles":7,"alexsmobs:banana":1,"minecraft:gold_nugget":25,"minecraft:cobbled_deepslate":103,"born_in_chaos_v1:charmof_power":1,"born_in_chaos_v1:nightmare_mantleofthe_night_helmet":5,"minecraft:azalea":2,"minecraft:wooden_shovel":1,"minecraft:iron_pickaxe":5,"minecraft:enchanted_golden_apple":1,"born_in_chaos_v1:stimulating_decoction":3,"minecraft:melon_slice":117,"minecraft:mangrove_log":10,"minecraft:iron_boots":3,"minecraft:furnace":2,"minecraft:stick":42,"born_in_chaos_v1:shattered_skull":6,"minecraft:oak_fence":1,"minecraft:torch":42,"quark:blossom_log":6,"born_in_chaos_v1:pileof_dark_metal":3,"minecraft:porkchop":15,"minecraft:cherry_log":4,"minecraft:pointed_dripstone":2,"minecraft:diorite":5,"born_in_chaos_v1:nightmare_claw":17,"supplementaries:flax":6,"alexsmobs:centipede_leg":1,"minecraft:cauldron":1,"minecraft:stone_sword":2,"minecraft:honey_bottle":1,"minecraft:rotten_flesh":481,"minecraft:tropical_fish":3,"minecraft:carved_pumpkin":5,"supplementaries:ash":36,"minecraft:obsidian":5,"minecraft:cod":37,"minecraft:cobblestone":523,"minecraft:nautilus_shell":2,"minecraft:birch_log":38,"minecraft:magma_block":1,"minecraft:leather_chestplate":1,"minecraft:feather":27,"minecraft:cooked_beef":12,"minecraft:andesite":21,"born_in_chaos_v1:spiritual_dust":16,"minecraft:water_bucket":4,"minecraft:jungle_log":50,"minecraft:golden_leggings":3,"minecraft:potato":23,"map_atlases:atlas":2,"minecraft:flint":1,"minecraft:tuff":14,"supplementaries:flax_seeds":13,"minecraft:horn_coral":2,"born_in_chaos_v1:nightmare_stalker_skull":1,"minecraft:lapis_lazuli":26,"minecraft:dirt":122,"born_in_chaos_v1:staffofthe_summoner":6,"minecraft:disc_fragment_5":4,"minecraft:name_tag":5,"born_in_chaos_v1:monster_skin":108,"minecraft:leather_boots":1,"minecraft:bone":578,"minecraft:acacia_planks":1,"minecraft:bow":8,"minecraft:wheat_seeds":199,"minecraft:raw_gold":1,"minecraft:mossy_stone_bricks":5,"minecraft:bamboo":42,"minecraft:glowstone_dust":4,"minecraft:moss_block":6,"minecraft:oak_planks":59,"minecraft:axolotl_bucket":2,"minecraft:poisonous_potato":1,"born_in_chaos_v1:nightmare_mantleofthe_night_leggings":4,"minecraft:sand":6,"minecraft:jungle_planks":4,"minecraft:grass_block":5,"minecraft:dark_oak_log":3,"minecraft:barrel":1,"alexsmobs:animal_dictionary":1,"minecraft:mossy_cobblestone":4,"minecraft:spruce_fence_gate":1,"minecraft:diamond":78,"born_in_chaos_v1:nightmare_scythe":7,"minecraft:bone_meal":6,"minecraft:golden_apple":1,"minecraft:bread":1,"born_in_chaos_v1:rotten_fish":43,"minecraft:oak_sapling":9,"minecraft:crimson_roots":1,"minecraft:diamond_pickaxe":7,"minecraft:coarse_dirt":1,"minecraft:fishing_rod":2,"minecraft:crafting_table":9,"born_in_chaos_v1:diamond_termite_shard":37,"minecraft:chicken":3,"born_in_chaos_v1:river_mint":13,"minecraft:clay_ball":172,"born_in_chaos_v1:seedof_chaos":29,"minecraft:brown_mushroom":4,"minecraft:wooden_pickaxe":1,"minecraft:infested_cobblestone":80,"minecraft:gold_block":3,"minecraft:chain":5,"minecraft:shield":8,"minecraft:moss_carpet":3,"minecraft:iron_axe":2,"minecraft:item_frame":1,"minecraft:cartography_table":1,"improvableskills:scroll_normal":17,"minecraft:beef":16,"born_in_chaos_v1:gnawed_bones":11,"minecraft:jungle_sapling":1,"minecraft:iron_nugget":14,"minecraft:sugar_cane":53,"supplementaries:rope":12,"minecraft:egg":25,"minecraft:phantom_membrane":5,"minecraft:diamond_hoe":1,"minecraft:raw_iron":318,"minecraft:copper_ingot":4,"born_in_chaos_v1:pieceofdarkmetal":108,"minecraft:carrot":6,"minecraft:redstone":1,"minecraft:dark_oak_planks":7,"minecraft:arrow":444,"minecraft:stone_shovel":1,"minecraft:shears":8,"minecraft:deepslate_bricks":3,"minecraft:hay_block":4,"minecraft:cracked_deepslate_bricks":1,"born_in_chaos_v1:spiny_shell":12,"minecraft:saddle":1,"minecraft:mutton":12,"minecraft:white_wool":18,"minecraft:skeleton_skull":3,"minecraft:bone_block":30,"born_in_chaos_v1:fused_bone":8,"born_in_chaos_v1:corpse_maggot":117,"born_in_chaos_v1:nightmare_mantleofthe_night_boots":5,"minecraft:jungle_boat":2,"born_in_chaos_v1:monster_flesh":68,"born_in_chaos_v1:pumpkin_staff":7,"minecraft:golden_carrot":3,"minecraft:glow_ink_sac":9,"minecraft:tripwire_hook":5,"minecraft:salmon":36,"minecraft:leather":11,"minecraft:jungle_fence":1,"minecraft:red_mushroom":6,"minecraft:crimson_fungus":1,"minecraft:oak_log":33,"minecraft:gunpowder":91,"minecraft:paper":28,"quark:forgotten_hat":6,"minecraft:cooked_mutton":28,"born_in_chaos_v1:soul_cutlass":7,"minecraft:apple":19,"minecraft:kelp":6,"minecraft:iron_ingot":143,"born_in_chaos_v1:smoked_flesh":209,"minecraft:stone_pickaxe":3,"minecraft:cooked_chicken":26,"minecraft:cobweb":6,"minecraft:glass_bottle":2,"minecraft:iron_sword":4,"minecraft:book":149,"minecraft:pumpkin":2,"minecraft:sweet_berries":54,"born_in_chaos_v1:lifestealer_bone":16,"born_in_chaos_v1:orbofthe_summoner":3,"born_in_chaos_v1:ethereal_spirit":127,"minecraft:dandelion":1,"minecraft:spyglass":7,"minecraft:raw_iron_block":1,"minecraft:dripstone_block":12,"minecraft:gravel":3,"born_in_chaos_v1:nightmare_mantleofthe_night_chestplate":5,"born_in_chaos_v1:dark_rod":14,"born_in_chaos_v1:fangofthe_hound_leader":6,"minecraft:white_bed":2,"minecraft:spruce_log":5,"minecraft:spider_eye":66,"minecraft:leather_helmet":1,"minecraft:pumpkin_seeds":135,"minecraft:stone_axe":8,"minecraft:iron_helmet":4,"minecraft:diamond_axe":1,"minecraft:gray_wool":6,"minecraft:black_wool":1,"minecraft:coal":245,"minecraft:ender_pearl":14,"minecraft:wooden_axe":1},"minecraft:killed_by":{"endofherobrine:cow":1,"minecraft:creeper":1,"born_in_chaos_v1:corpse_fly":2,"born_in_chaos_v1:dire_hound_leader":1,"minecraft:skeleton":1,"born_in_chaos_v1:corpse_fish":1},"minecraft:crafted":{"minecraft:smooth_stone":9,"minecraft:oak_planks":48,"minecraft:cooked_chicken":1,"minecraft:stone":9,"quark:deepslate_furnace":2,"born_in_chaos_v1:dark_metal_ingot":5,"born_in_chaos_v1:nightmare_mantleofthe_night_chestplate":1,"minecraft:glass":10,"minecraft:bow":2,"minecraft:iron_boots":2,"improvableskills:skills_book":1,"born_in_chaos_v1:pileof_dark_metal":3,"minecraft:smoker":1,"minecraft:glass_bottle":3,"born_in_chaos_v1:mint_candy":8,"minecraft:cooked_porkchop":1,"minecraft:map":1,"minecraft:crafting_table":6,"minecraft:wooden_pickaxe":1,"minecraft:iron_helmet":2,"supplementaries:rope":6,"minecraft:hay_block":3,"minecraft:cartography_table":1,"born_in_chaos_v1:staffofthe_summoner":1,"minecraft:iron_chestplate":3,"minecraft:book":3,"minecraft:paper":33,"minecraft:diamond_pickaxe":1,"minecraft:shield":1,"minecraft:stick":52,"minecraft:compass":1,"minecraft:iron_pickaxe":2,"born_in_chaos_v1:smoked_flesh":125,"minecraft:iron_ingot":105,"minecraft:iron_block":3,"minecraft:shears":2,"minecraft:raw_iron":9,"minecraft:fishing_rod":2,"born_in_chaos_v1:nightmare_mantleofthe_night_leggings":1,"quark:jungle_chest":2,"born_in_chaos_v1:nightmare_mantleofthe_night_boots":1,"minecraft:furnace":5,"minecraft:blast_furnace":3,"minecraft:bone_meal":69,"minecraft:flint_and_steel":1,"map_atlases:atlas":1,"born_in_chaos_v1:spiny_shell_armor_helmet":1,"minecraft:diamond":2,"born_in_chaos_v1:bone_handle":3,"minecraft:iron_axe":3,"minecraft:stone_pickaxe":2,"minecraft:dark_oak_planks":16,"minecraft:sugar":8,"minecraft:enchanting_table":1,"born_in_chaos_v1:nightmare_scythe":1,"minecraft:iron_sword":1,"minecraft:cooked_salmon":2,"minecraft:bucket":1,"minecraft:bone":12,"born_in_chaos_v1:bone_heart":2,"minecraft:stone_axe":6,"minecraft:glowstone":1,"minecraft:jungle_planks":20,"minecraft:bread":9,"minecraft:air":0,"minecraft:wooden_axe":2,"minecraft:iron_leggings":1,"minecraft:anvil":1,"minecraft:white_bed":2,"minecraft:torch":60},"minecraft:killed":{"born_in_chaos_v1:lifestealer_true_form":4,"born_in_chaos_v1:zombie_clown":2,"endofherobrine:silverfish":1,"endofherobrine:pig":2,"minecraft:cave_spider":6,"born_in_chaos_v1:mr_pumpkin":10,"minecraft:witch":5,"born_in_chaos_v1:restless_spirit":10,"born_in_chaos_v1:zombie_lumberjack":10,"born_in_chaos_v1:skeleton_demoman":1,"born_in_chaos_v1:sir_the_headless":1,"born_in_chaos_v1:door_knight_not_despawn":1,"minecraft:spider":35,"born_in_chaos_v1:siamese_skeletonsright":4,"born_in_chaos_v1:baby_skeleton_minion":6,"born_in_chaos_v1:scarlet_persecutor":12,"quark:forgotten":2,"minecraft:skeleton":74,"minecraft:chicken":9,"born_in_chaos_v1:skeleton_thrasher":3,"minecraft:silverfish":1,"born_in_chaos_v1:bonescaller":3,"minecraft:pig":7,"born_in_chaos_v1:diamond_termite":19,"minecraft:zombie_villager":4,"minecraft:salmon":28,"minecraft:creeper":25,"minecraft:sheep":4,"minecraft:zombie":124,"born_in_chaos_v1:dread_hound":21,"born_in_chaos_v1:corpse_fly":54,"minecraft:stray":2,"endofherobrine:chicken":1,"alexsmobs:fly":1,"endofherobrine:cow":3,"born_in_chaos_v1:door_knight":2,"endofherobrine:pigman":2,"born_in_chaos_v1:siamese_skeletonsleft":4,"minecraft:cow":5,"born_in_chaos_v1:missioner":1,"quark:toretoise":3,"born_in_chaos_v1:skeleton_thrasher_not_despawn":1,"born_in_chaos_v1:thornshell_crab":2,"born_in_chaos_v1:zombie_bruiser":8,"born_in_chaos_v1:maggot":65,"minecraft:phantom":4,"minecraft:horse":1,"born_in_chaos_v1:corpse_fish":28,"minecraft:drowned":11,"born_in_chaos_v1:barrel_zombie":10,"born_in_chaos_v1:spiritof_chaos":2,"born_in_chaos_v1:fallen_chaos_knight":5,"born_in_chaos_v1:spirit_guide":1,"born_in_chaos_v1:bone_imp_minion":40,"born_in_chaos_v1:baby_skeleton":12,"born_in_chaos_v1:swarmer":1,"quark:foxhound":1,"born_in_chaos_v1:spirit_guide_assistant":4,"born_in_chaos_v1:decrepit_skeleton":22,"born_in_chaos_v1:bloody_gadfly":5,"alexsmobs:cockroach":1,"born_in_chaos_v1:bonescaller_not_despawn":1,"born_in_chaos_v1:dark_vortex":4,"born_in_chaos_v1:nightmare_stalker":4,"endofherobrine:sheep":17,"born_in_chaos_v1:controlled_baby_skeleton":5,"minecraft:enderman":3},"minecraft:custom":{"minecraft:animals_bred":2,"minecraft:interact_with_crafting_table":114,"minecraft:open_barrel":43,"minecraft:bell_ring":1,"minecraft:leave_game":14,"minecraft:time_since_death":62405,"minecraft:damage_resisted":1047,"minecraft:sprint_one_cm":2785113,"minecraft:damage_blocked_by_shield":3950,"minecraft:drop":164,"minecraft:talked_to_villager":1,"minecraft:play_time":1080198,"minecraft:deaths":16,"minecraft:jump":14195,"minecraft:interact_with_brewingstand":2,"minecraft:walk_on_water_one_cm":345811,"minecraft:interact_with_furnace":69,"minecraft:interact_with_cartography_table":4,"minecraft:sleep_in_bed":7,"minecraft:damage_dealt":158985,"minecraft:crouch_one_cm":152799,"minecraft:interact_with_smoker":25,"minecraft:horse_one_cm":118140,"minecraft:interact_with_anvil":24,"minecraft:mob_kills":941,"minecraft:damage_dealt_resisted":10259,"minecraft:climb_one_cm":29638,"minecraft:walk_one_cm":2902969,"minecraft:sneak_time":34676,"minecraft:walk_under_water_one_cm":346799,"minecraft:boat_one_cm":55627,"minecraft:interact_with_blast_furnace":34,"minecraft:total_world_time":1080198,"minecraft:pot_flower":1,"minecraft:time_since_rest":62460,"minecraft:damage_taken":20382,"minecraft:swim_one_cm":235002,"minecraft:fly_one_cm":3717923,"minecraft:open_chest":425,"minecraft:fish_caught":45,"minecraft:fall_one_cm":393119}},"DataVersion":3465}