{"stats":{"minecraft:custom":{"minecraft:time_since_rest":22030,"minecraft:sprint_one_cm":61773,"minecraft:damage_taken":1013,"minecraft:walk_one_cm":63650,"minecraft:mob_kills":13,"minecraft:damage_dealt":2260,"minecraft:interact_with_crafting_table":6,"minecraft:fly_one_cm":44519,"minecraft:play_time":31074,"minecraft:deaths":1,"minecraft:sneak_time":49,"minecraft:walk_under_water_one_cm":6084,"minecraft:jump":331,"minecraft:damage_dealt_resisted":729,"minecraft:leave_game":1,"minecraft:walk_on_water_one_cm":9853,"minecraft:time_since_death":22005,"minecraft:total_world_time":31074,"minecraft:climb_one_cm":631,"minecraft:fall_one_cm":3251},"minecraft:mined":{"minecraft:crafting_table":4,"minecraft:grass":69,"minecraft:coal_ore":57,"minecraft:melon":12,"minecraft:oak_log":14,"minecraft:dirt":2,"minecraft:bamboo":1,"minecraft:stone":31,"minecraft:oak_leaves":4,"minecraft:fern":14},"minecraft:crafted":{"minecraft:oak_planks":20,"minecraft:crafting_table":1,"minecraft:stick":12,"minecraft:stone_pickaxe":1,"minecraft:wooden_pickaxe":1,"minecraft:wooden_axe":2,"minecraft:torch":8,"minecraft:stone_axe":1},"minecraft:used":{"minecraft:cooked_mutton":11,"minecraft:wooden_axe":89,"minecraft:stone_pickaxe":29,"minecraft:leather_helmet":1,"minecraft:wooden_pickaxe":59,"minecraft:leather_boots":1,"minecraft:stone_axe":1,"minecraft:torch":2,"minecraft:dirt":6,"minecraft:crafting_table":4},"minecraft:killed":{"minecraft:skeleton":1,"born_in_chaos_v1:spiritof_chaos":1,"minecraft:zombie":2,"born_in_chaos_v1:corpse_fly":1,"born_in_chaos_v1:baby_skeleton":2,"minecraft:drowned":1,"born_in_chaos_v1:corpse_fish":1,"born_in_chaos_v1:decrepit_skeleton":1,"born_in_chaos_v1:maggot":2},"minecraft:killed_by":{"born_in_chaos_v1:corpse_fly":1},"minecraft:broken":{"minecraft:wooden_axe":2,"minecraft:wooden_pickaxe":1},"minecraft:picked_up":{"minecraft:wooden_axe":1,"minecraft:crafting_table":5,"born_in_chaos_v1:corpse_maggot":5,"minecraft:leather_chestplate":1,"minecraft:feather":2,"minecraft:jungle_log":2,"born_in_chaos_v1:seedof_chaos":1,"born_in_chaos_v1:ethereal_spirit":1,"minecraft:oak_log":19,"minecraft:dirt":17,"minecraft:leather_helmet":1,"minecraft:cooked_mutton":28,"minecraft:leather_boots":1,"minecraft:bone":6,"minecraft:arrow":2,"minecraft:rotten_flesh":3,"minecraft:wheat_seeds":18,"minecraft:bamboo":12,"born_in_chaos_v1:rotten_fish":1,"minecraft:melon_slice":57,"minecraft:coal":57,"minecraft:oak_planks":9,"minecraft:cobblestone":31,"minecraft:egg":1}},"DataVersion":3465}