{"stats":{"minecraft:dropped":{"minecraft:iron_sword":1,"born_in_chaos_v1:mint_candy":4,"map_atlases:atlas":1,"born_in_chaos_v1:nightmare_claw":1,"minecraft:cod":6,"minecraft:gold_nugget":16,"minecraft:bone_block":14,"minecraft:iron_pickaxe":1,"minecraft:white_wool":8,"minecraft:bone":3,"minecraft:stone_axe":1,"minecraft:cooked_chicken":11,"minecraft:cobbled_deepslate":1,"minecraft:rotten_flesh":7,"minecraft:oak_planks":15,"minecraft:white_bed":1,"supplementaries:flax_seeds":2,"supplementaries:ash":2,"minecraft:mangrove_log":1,"minecraft:skeleton_skull":1,"minecraft:jungle_log":19,"improvableskills:scroll_normal":3,"minecraft:arrow":2,"minecraft:egg":3,"minecraft:wheat_seeds":60,"minecraft:feather":4,"minecraft:iron_helmet":1,"minecraft:cobblestone":17,"minecraft:apple":9,"minecraft:stick":14,"quark:blossom_log":2,"minecraft:torch":14,"minecraft:melon_slice":14,"minecraft:iron_leggings":2,"minecraft:paper":3,"minecraft:creeper_head":1,"minecraft:stone_sword":2,"minecraft:raw_copper":2,"born_in_chaos_v1:rotten_fish":1,"minecraft:raw_iron":28,"minecraft:stone_shovel":1,"minecraft:clay_ball":2,"minecraft:shield":2,"minecraft:iron_chestplate":7,"born_in_chaos_v1:spiny_shell":4,"minecraft:golden_leggings":2,"minecraft:stone_pickaxe":1,"minecraft:wooden_pickaxe":1},"minecraft:used":{"minecraft:bone_block":2,"minecraft:shield":154,"minecraft:iron_sword":378,"born_in_chaos_v1:nightmare_mantleofthe_night_chestplate":1,"minecraft:rotten_flesh":11,"minecraft:iron_chestplate":7,"minecraft:mutton":1,"minecraft:jungle_planks":1,"minecraft:carrot":2,"minecraft:obsidian":3,"born_in_chaos_v1:corpse_maggot":55,"born_in_chaos_v1:smoked_flesh":56,"minecraft:mangrove_log":1,"born_in_chaos_v1:mint_candy":4,"minecraft:iron_helmet":3,"minecraft:golden_sword":34,"minecraft:bow":59,"minecraft:horn_coral":1,"minecraft:hay_block":4,"minecraft:sweet_berries":55,"minecraft:furnace":5,"minecraft:oak_sapling":7,"minecraft:egg":10,"minecraft:potato":21,"born_in_chaos_v1:nightmare_mantleofthe_night_boots":2,"born_in_chaos_v1:spiny_shell_armor_helmet":1,"minecraft:diorite":2,"minecraft:stone_pickaxe":161,"minecraft:oak_planks":1,"minecraft:wooden_pickaxe":59,"minecraft:jungle_boat":2,"minecraft:blast_furnace":1,"minecraft:dripstone_block":4,"minecraft:shears":2,"minecraft:pumpkin_seeds":1,"minecraft:dark_oak_log":2,"minecraft:bread":2,"born_in_chaos_v1:smoked_monster_flesh":12,"minecraft:gravel":3,"born_in_chaos_v1:rotten_fish":6,"born_in_chaos_v1:river_mint":1,"minecraft:andesite":14,"minecraft:birch_log":2,"minecraft:chain":1,"minecraft:coarse_dirt":1,"minecraft:bone_meal":70,"minecraft:oak_fence":1,"minecraft:flint_and_steel":2,"minecraft:carved_pumpkin":4,"born_in_chaos_v1:ethereal_spirit":38,"minecraft:tropical_fish":2,"quark:jungle_chest":2,"minecraft:cooked_salmon":2,"minecraft:cooked_chicken":16,"minecraft:torch":71,"minecraft:dirt":50,"minecraft:spyglass":9,"minecraft:anvil":1,"minecraft:dark_oak_planks":1,"minecraft:wooden_axe":89,"born_in_chaos_v1:nightmare_mantleofthe_night_helmet":1,"minecraft:iron_axe":223,"minecraft:iron_boots":2,"minecraft:tripwire_hook":3,"minecraft:glowstone":1,"minecraft:golden_carrot":4,"minecraft:beef":9,"alexsmobs:banana":1,"minecraft:cooked_beef":6,"minecraft:cobbled_deepslate":22,"minecraft:pumpkin":2,"minecraft:iron_leggings":1,"minecraft:pointed_dripstone":1,"quark:blossom_log":4,"minecraft:wheat_seeds":24,"minecraft:cooked_mutton":21,"minecraft:glass_bottle":1,"minecraft:cartography_table":2,"minecraft:spruce_fence_gate":1,"minecraft:leather_boots":1,"minecraft:warped_roots":1,"minecraft:salmon":26,"minecraft:crafting_table":10,"minecraft:cod":15,"minecraft:white_bed":3,"minecraft:spruce_log":4,"minecraft:smoker":1,"minecraft:oak_log":4,"minecraft:diamond_pickaxe":22,"minecraft:apple":9,"minecraft:map":1,"minecraft:iron_pickaxe":333,"minecraft:leather_helmet":1,"minecraft:stone_axe":461,"minecraft:fishing_rod":31,"minecraft:cobblestone":65,"minecraft:porkchop":4,"minecraft:cooked_porkchop":1},"minecraft:broken":{"minecraft:iron_chestplate":1,"minecraft:iron_leggings":1,"minecraft:golden_leggings":1,"minecraft:stone_pickaxe":1,"minecraft:stone_axe":6,"minecraft:iron_sword":2,"minecraft:wooden_axe":2,"minecraft:leather_helmet":1,"minecraft:wooden_pickaxe":1,"minecraft:shield":1,"minecraft:iron_axe":1,"minecraft:iron_pickaxe":1},"minecraft:mined":{"minecraft:white_bed":1,"minecraft:carved_pumpkin":5,"minecraft:grass_block":2,"minecraft:tall_seagrass":6,"minecraft:iron_ore":87,"minecraft:fire":1,"minecraft:pumpkin":2,"minecraft:torch":3,"minecraft:melon":12,"quark:blossom_log":4,"supplementaries:wild_flax":4,"minecraft:cobblestone":40,"minecraft:oak_planks":1,"minecraft:sugar_cane":22,"minecraft:wall_torch":5,"minecraft:seagrass":6,"minecraft:birch_log":2,"minecraft:wheat":2,"born_in_chaos_v1:river_mint":12,"minecraft:grass":154,"minecraft:oak_log":23,"minecraft:sand":3,"minecraft:dirt":9,"born_in_chaos_v1:infernal_evil_pumpkin_s":1,"minecraft:deepslate":30,"minecraft:oak_leaves":11,"minecraft:deepslate_diamond_ore":10,"born_in_chaos_v1:nightmare_stalker_skull":1,"born_in_chaos_v1:infected_diamond_ore":6,"born_in_chaos_v1:black_argillite":1,"minecraft:cartography_table":1,"minecraft:hay_block":3,"minecraft:furnace":2,"minecraft:andesite":18,"minecraft:gold_block":1,"minecraft:deepslate_iron_ore":14,"minecraft:bamboo":4,"minecraft:stone":144,"minecraft:bone_block":2,"minecraft:oak_fence":1,"minecraft:crafting_table":6,"minecraft:tall_grass":19,"minecraft:lapis_ore":4,"minecraft:diorite":4,"supplementaries:urn":8,"minecraft:sweet_berry_bush":7,"minecraft:spruce_log":2,"minecraft:coal_ore":168,"minecraft:gravel":4,"minecraft:cobweb":20,"minecraft:acacia_planks":1,"minecraft:fern":16},"minecraft:picked_up":{"minecraft:wooden_axe":1,"minecraft:seagrass":9,"minecraft:iron_chestplate":10,"minecraft:wheat":43,"minecraft:anvil":1,"minecraft:creeper_head":1,"minecraft:turtle_egg":2,"born_in_chaos_v1:bloody_gadfly_eye":3,"minecraft:golden_sword":1,"born_in_chaos_v1:black_argillite":1,"minecraft:string":41,"minecraft:raw_copper":3,"minecraft:cooked_salmon":7,"born_in_chaos_v1:dark_upgrade":1,"minecraft:iron_leggings":5,"minecraft:pufferfish":2,"alexsmobs:banana":1,"minecraft:gold_nugget":25,"minecraft:cobbled_deepslate":24,"born_in_chaos_v1:nightmare_mantleofthe_night_helmet":1,"minecraft:iron_pickaxe":5,"minecraft:melon_slice":71,"minecraft:mangrove_log":3,"minecraft:iron_boots":3,"minecraft:furnace":2,"minecraft:stick":34,"born_in_chaos_v1:shattered_skull":2,"minecraft:oak_fence":1,"minecraft:torch":26,"born_in_chaos_v1:pileof_dark_metal":1,"quark:blossom_log":6,"minecraft:porkchop":13,"minecraft:cherry_log":1,"minecraft:pointed_dripstone":2,"minecraft:diorite":5,"born_in_chaos_v1:nightmare_claw":11,"minecraft:stone_sword":2,"minecraft:honey_bottle":1,"minecraft:rotten_flesh":169,"minecraft:tropical_fish":2,"minecraft:carved_pumpkin":5,"supplementaries:ash":11,"minecraft:cod":18,"minecraft:cobblestone":399,"minecraft:birch_log":38,"minecraft:leather_chestplate":1,"minecraft:feather":19,"minecraft:cooked_beef":6,"born_in_chaos_v1:spiritual_dust":7,"minecraft:andesite":20,"minecraft:jungle_log":41,"minecraft:golden_leggings":3,"minecraft:potato":22,"map_atlases:atlas":2,"minecraft:flint":1,"supplementaries:flax_seeds":6,"minecraft:horn_coral":2,"minecraft:lapis_lazuli":26,"minecraft:dirt":82,"born_in_chaos_v1:nightmare_stalker_skull":1,"minecraft:name_tag":3,"born_in_chaos_v1:monster_skin":60,"minecraft:leather_boots":1,"minecraft:bone":127,"minecraft:acacia_planks":1,"minecraft:bow":7,"minecraft:wheat_seeds":175,"minecraft:glowstone_dust":4,"minecraft:bamboo":42,"minecraft:oak_planks":57,"minecraft:poisonous_potato":1,"minecraft:jungle_planks":4,"minecraft:sand":6,"minecraft:grass_block":2,"alexsmobs:animal_dictionary":1,"minecraft:dark_oak_log":3,"minecraft:barrel":1,"minecraft:spruce_fence_gate":1,"minecraft:diamond":14,"minecraft:bone_meal":4,"minecraft:oak_sapling":9,"born_in_chaos_v1:rotten_fish":34,"minecraft:diamond_pickaxe":1,"born_in_chaos_v1:diamond_termite_shard":9,"minecraft:coarse_dirt":1,"minecraft:crafting_table":7,"born_in_chaos_v1:river_mint":13,"minecraft:clay_ball":6,"born_in_chaos_v1:seedof_chaos":10,"minecraft:brown_mushroom":4,"minecraft:wooden_pickaxe":1,"minecraft:infested_cobblestone":48,"minecraft:gold_block":3,"minecraft:chain":2,"minecraft:shield":6,"minecraft:iron_axe":2,"minecraft:cartography_table":1,"improvableskills:scroll_normal":14,"minecraft:beef":12,"born_in_chaos_v1:gnawed_bones":5,"minecraft:iron_nugget":11,"minecraft:sugar_cane":41,"minecraft:egg":24,"minecraft:raw_iron":189,"minecraft:copper_ingot":1,"born_in_chaos_v1:pieceofdarkmetal":20,"minecraft:carrot":2,"minecraft:redstone":1,"minecraft:dark_oak_planks":7,"minecraft:stone_shovel":1,"minecraft:arrow":72,"minecraft:shears":2,"minecraft:hay_block":3,"born_in_chaos_v1:spiny_shell":12,"minecraft:saddle":1,"minecraft:mutton":1,"minecraft:bone_block":30,"minecraft:skeleton_skull":2,"minecraft:white_wool":16,"born_in_chaos_v1:fused_bone":6,"born_in_chaos_v1:corpse_maggot":69,"born_in_chaos_v1:nightmare_mantleofthe_night_boots":1,"minecraft:jungle_boat":2,"minecraft:golden_carrot":3,"born_in_chaos_v1:monster_flesh":27,"minecraft:tripwire_hook":3,"minecraft:salmon":29,"minecraft:leather":5,"minecraft:jungle_fence":1,"minecraft:red_mushroom":6,"minecraft:oak_log":33,"minecraft:paper":4,"minecraft:cooked_mutton":28,"minecraft:apple":19,"minecraft:kelp":3,"minecraft:iron_ingot":35,"born_in_chaos_v1:smoked_flesh":15,"minecraft:stone_pickaxe":3,"minecraft:cooked_chicken":26,"minecraft:glass_bottle":2,"minecraft:iron_sword":4,"minecraft:book":1,"minecraft:pumpkin":2,"minecraft:sweet_berries":54,"born_in_chaos_v1:lifestealer_bone":4,"born_in_chaos_v1:orbofthe_summoner":2,"born_in_chaos_v1:ethereal_spirit":14,"minecraft:dandelion":1,"minecraft:spyglass":1,"minecraft:dripstone_block":12,"minecraft:gravel":3,"born_in_chaos_v1:dark_rod":1,"minecraft:white_bed":2,"minecraft:spruce_log":2,"minecraft:spider_eye":24,"minecraft:leather_helmet":1,"minecraft:pumpkin_seeds":66,"minecraft:stone_axe":7,"minecraft:iron_helmet":4,"minecraft:coal":206,"minecraft:ender_pearl":2},"minecraft:killed_by":{"endofherobrine:cow":1,"minecraft:creeper":1,"born_in_chaos_v1:corpse_fly":2,"born_in_chaos_v1:dire_hound_leader":1,"minecraft:skeleton":1,"born_in_chaos_v1:corpse_fish":1},"minecraft:killed":{"endofherobrine:pig":1,"minecraft:cave_spider":4,"born_in_chaos_v1:mr_pumpkin":8,"minecraft:witch":2,"born_in_chaos_v1:restless_spirit":4,"born_in_chaos_v1:zombie_lumberjack":3,"born_in_chaos_v1:door_knight_not_despawn":1,"minecraft:spider":16,"born_in_chaos_v1:siamese_skeletonsright":2,"born_in_chaos_v1:baby_skeleton_minion":2,"born_in_chaos_v1:scarlet_persecutor":2,"minecraft:skeleton":24,"minecraft:chicken":8,"born_in_chaos_v1:skeleton_thrasher":2,"born_in_chaos_v1:bonescaller":1,"minecraft:pig":6,"born_in_chaos_v1:diamond_termite":10,"minecraft:salmon":28,"minecraft:creeper":1,"minecraft:zombie":51,"born_in_chaos_v1:dread_hound":14,"born_in_chaos_v1:corpse_fly":26,"endofherobrine:cow":2,"born_in_chaos_v1:door_knight":2,"born_in_chaos_v1:siamese_skeletonsleft":2,"minecraft:cow":3,"quark:toretoise":2,"born_in_chaos_v1:thornshell_crab":2,"born_in_chaos_v1:zombie_bruiser":1,"minecraft:phantom":1,"born_in_chaos_v1:maggot":36,"minecraft:drowned":7,"born_in_chaos_v1:corpse_fish":20,"born_in_chaos_v1:barrel_zombie":8,"born_in_chaos_v1:spiritof_chaos":2,"born_in_chaos_v1:fallen_chaos_knight":2,"born_in_chaos_v1:bone_imp_minion":35,"born_in_chaos_v1:baby_skeleton":4,"born_in_chaos_v1:swarmer":1,"born_in_chaos_v1:decrepit_skeleton":11,"born_in_chaos_v1:bloody_gadfly":5,"alexsmobs:cockroach":1,"born_in_chaos_v1:dark_vortex":1,"born_in_chaos_v1:nightmare_stalker":2,"endofherobrine:sheep":17,"minecraft:enderman":1,"born_in_chaos_v1:lifestealer_true_form":1},"minecraft:crafted":{"minecraft:smooth_stone":3,"minecraft:oak_planks":48,"minecraft:cooked_chicken":1,"minecraft:stone":3,"born_in_chaos_v1:dark_metal_ingot":3,"born_in_chaos_v1:nightmare_mantleofthe_night_chestplate":1,"minecraft:glass":10,"minecraft:bow":2,"minecraft:iron_boots":2,"born_in_chaos_v1:pileof_dark_metal":2,"minecraft:smoker":1,"minecraft:glass_bottle":3,"born_in_chaos_v1:mint_candy":8,"minecraft:cooked_porkchop":1,"minecraft:map":1,"minecraft:crafting_table":6,"minecraft:wooden_pickaxe":1,"minecraft:iron_helmet":2,"minecraft:hay_block":3,"minecraft:cartography_table":1,"minecraft:diamond_pickaxe":1,"minecraft:book":2,"minecraft:iron_chestplate":3,"minecraft:paper":21,"minecraft:shield":1,"minecraft:stick":52,"minecraft:compass":1,"born_in_chaos_v1:smoked_flesh":28,"minecraft:iron_ingot":39,"minecraft:iron_pickaxe":2,"minecraft:shears":2,"minecraft:fishing_rod":1,"born_in_chaos_v1:nightmare_mantleofthe_night_leggings":1,"quark:jungle_chest":2,"born_in_chaos_v1:nightmare_mantleofthe_night_boots":1,"minecraft:furnace":5,"minecraft:blast_furnace":1,"minecraft:bone_meal":63,"minecraft:flint_and_steel":1,"map_atlases:atlas":1,"born_in_chaos_v1:spiny_shell_armor_helmet":1,"minecraft:iron_axe":2,"minecraft:stone_pickaxe":2,"minecraft:dark_oak_planks":16,"minecraft:sugar":8,"minecraft:iron_sword":1,"minecraft:cooked_salmon":2,"minecraft:bone":6,"minecraft:stone_axe":5,"born_in_chaos_v1:bone_heart":2,"minecraft:glowstone":1,"minecraft:bread":2,"minecraft:air":0,"minecraft:jungle_planks":20,"minecraft:wooden_axe":2,"minecraft:iron_leggings":1,"minecraft:white_bed":2,"minecraft:torch":60},"minecraft:custom":{"minecraft:animals_bred":2,"minecraft:interact_with_crafting_table":85,"minecraft:open_barrel":15,"minecraft:leave_game":8,"minecraft:time_since_death":16488,"minecraft:damage_resisted":56,"minecraft:sprint_one_cm":1373375,"minecraft:damage_blocked_by_shield":3675,"minecraft:drop":92,"minecraft:play_time":534834,"minecraft:deaths":11,"minecraft:jump":7088,"minecraft:walk_on_water_one_cm":223508,"minecraft:interact_with_furnace":55,"minecraft:interact_with_cartography_table":3,"minecraft:sleep_in_bed":6,"minecraft:damage_dealt":64334,"minecraft:crouch_one_cm":6876,"minecraft:interact_with_smoker":4,"minecraft:interact_with_anvil":2,"minecraft:mob_kills":396,"minecraft:damage_dealt_resisted":4659,"minecraft:climb_one_cm":5159,"minecraft:walk_one_cm":1252213,"minecraft:sneak_time":3737,"minecraft:walk_under_water_one_cm":220978,"minecraft:boat_one_cm":31736,"minecraft:interact_with_blast_furnace":18,"minecraft:total_world_time":534834,"minecraft:time_since_rest":16515,"minecraft:damage_taken":10663,"minecraft:swim_one_cm":150423,"minecraft:fly_one_cm":1300511,"minecraft:open_chest":224,"minecraft:fish_caught":15,"minecraft:fall_one_cm":144325}},"DataVersion":3465}