{"stats":{"minecraft:dropped":{"minecraft:iron_sword":1,"born_in_chaos_v1:mint_candy":4,"minecraft:diamond_axe":1,"minecraft:diamond":1,"minecraft:saddle":1,"map_atlases:atlas":1,"born_in_chaos_v1:nightmare_claw":1,"minecraft:cod":6,"minecraft:gold_block":1,"minecraft:gold_nugget":16,"minecraft:bone_block":14,"minecraft:iron_pickaxe":1,"minecraft:white_wool":8,"minecraft:gold_ingot":15,"minecraft:bone":6,"minecraft:stone_axe":2,"minecraft:cooked_chicken":11,"minecraft:cobbled_deepslate":1,"born_in_chaos_v1:ethereal_spirit":2,"minecraft:obsidian":1,"minecraft:rotten_flesh":33,"minecraft:oak_planks":15,"minecraft:white_bed":1,"minecraft:salmon":1,"supplementaries:flax_seeds":2,"supplementaries:ash":2,"minecraft:mangrove_log":1,"minecraft:skeleton_skull":1,"minecraft:jungle_log":19,"improvableskills:scroll_normal":4,"minecraft:arrow":2,"minecraft:egg":3,"minecraft:iron_ingot":24,"minecraft:wheat_seeds":62,"minecraft:feather":4,"minecraft:iron_helmet":1,"minecraft:cobblestone":17,"minecraft:apple":9,"minecraft:coal":1,"minecraft:stick":14,"quark:blossom_log":2,"minecraft:torch":14,"minecraft:melon_slice":14,"minecraft:iron_leggings":2,"minecraft:string":3,"minecraft:paper":3,"minecraft:creeper_head":1,"minecraft:stone_sword":2,"minecraft:raw_copper":2,"born_in_chaos_v1:rotten_fish":1,"minecraft:raw_iron":28,"minecraft:stone_shovel":1,"minecraft:clay_ball":2,"minecraft:name_tag":1,"minecraft:shield":3,"minecraft:iron_chestplate":7,"born_in_chaos_v1:spiny_shell":4,"minecraft:golden_leggings":2,"minecraft:spider_eye":3,"minecraft:stone_pickaxe":1,"minecraft:wooden_pickaxe":1,"minecraft:nautilus_shell":1},"minecraft:used":{"minecraft:bone_block":2,"minecraft:shield":165,"minecraft:iron_sword":409,"born_in_chaos_v1:nightmare_mantleofthe_night_chestplate":1,"minecraft:rotten_flesh":12,"minecraft:iron_chestplate":7,"minecraft:mutton":1,"minecraft:jungle_planks":1,"minecraft:carrot":7,"born_in_chaos_v1:soul_cutlass":9,"minecraft:obsidian":3,"born_in_chaos_v1:corpse_maggot":73,"born_in_chaos_v1:smoked_flesh":80,"minecraft:mangrove_log":1,"minecraft:grass_block":1,"born_in_chaos_v1:mint_candy":4,"minecraft:iron_helmet":3,"minecraft:golden_sword":34,"minecraft:magma_block":1,"minecraft:bow":59,"minecraft:horn_coral":1,"minecraft:hay_block":4,"minecraft:sweet_berries":55,"minecraft:furnace":5,"minecraft:oak_sapling":7,"minecraft:egg":11,"minecraft:potato":22,"born_in_chaos_v1:nightmare_mantleofthe_night_boots":2,"born_in_chaos_v1:spiny_shell_armor_helmet":1,"minecraft:diorite":2,"minecraft:stone_pickaxe":161,"minecraft:oak_planks":1,"minecraft:wooden_pickaxe":59,"minecraft:diamond_axe":87,"minecraft:jungle_boat":2,"minecraft:blast_furnace":1,"born_in_chaos_v1:holiday_candy":4,"minecraft:dripstone_block":4,"minecraft:shears":2,"minecraft:pumpkin_seeds":1,"minecraft:melon_slice":46,"minecraft:dark_oak_log":2,"minecraft:bread":9,"born_in_chaos_v1:smoked_monster_flesh":20,"minecraft:gravel":3,"born_in_chaos_v1:rotten_fish":6,"born_in_chaos_v1:river_mint":1,"minecraft:andesite":14,"minecraft:birch_log":2,"minecraft:chain":3,"minecraft:coarse_dirt":1,"minecraft:bone_meal":76,"minecraft:oak_fence":1,"minecraft:enchanting_table":1,"minecraft:flint_and_steel":2,"minecraft:carved_pumpkin":4,"born_in_chaos_v1:ethereal_spirit":38,"minecraft:tropical_fish":2,"quark:jungle_chest":2,"born_in_chaos_v1:black_argillite":1,"minecraft:cooked_salmon":2,"minecraft:cooked_chicken":16,"minecraft:torch":72,"minecraft:brewing_stand":1,"minecraft:dirt":52,"minecraft:spyglass":31,"minecraft:anvil":1,"minecraft:dark_oak_planks":1,"minecraft:wooden_axe":89,"born_in_chaos_v1:nightmare_mantleofthe_night_helmet":2,"minecraft:iron_axe":303,"minecraft:iron_boots":2,"born_in_chaos_v1:nightmare_scythe":362,"minecraft:tripwire_hook":4,"minecraft:glowstone":1,"minecraft:golden_carrot":5,"minecraft:beef":13,"alexsmobs:banana":1,"minecraft:cooked_beef":12,"minecraft:cobbled_deepslate":46,"minecraft:pumpkin":2,"minecraft:iron_leggings":1,"minecraft:pointed_dripstone":1,"quark:blossom_log":4,"minecraft:wheat_seeds":29,"minecraft:cooked_mutton":21,"minecraft:water_bucket":1,"minecraft:glass_bottle":1,"minecraft:cartography_table":2,"quark:forgotten_hat":1,"minecraft:cauldron":1,"minecraft:spruce_fence_gate":1,"minecraft:leather_boots":1,"minecraft:warped_roots":1,"minecraft:salmon":34,"minecraft:crafting_table":10,"minecraft:cod":38,"minecraft:white_bed":3,"minecraft:spruce_log":4,"minecraft:smoker":1,"minecraft:oak_log":4,"minecraft:diamond_pickaxe":68,"minecraft:apple":9,"minecraft:map":1,"minecraft:iron_pickaxe":333,"born_in_chaos_v1:staffofthe_summoner":86,"minecraft:leather_helmet":1,"minecraft:stone_axe":555,"minecraft:fishing_rod":76,"minecraft:cobblestone":72,"minecraft:porkchop":6,"minecraft:cooked_porkchop":1,"minecraft:bucket":2,"alexsmobs:animal_dictionary":1},"minecraft:broken":{"minecraft:iron_chestplate":1,"minecraft:iron_leggings":1,"minecraft:golden_leggings":1,"minecraft:stone_pickaxe":1,"minecraft:stone_axe":7,"minecraft:iron_sword":3,"minecraft:wooden_axe":2,"minecraft:leather_helmet":1,"minecraft:wooden_pickaxe":1,"minecraft:shield":1,"minecraft:iron_axe":2,"minecraft:iron_pickaxe":1},"minecraft:mined":{"minecraft:white_bed":1,"minecraft:jungle_leaves":14,"minecraft:brewing_stand":1,"minecraft:obsidian":5,"minecraft:carved_pumpkin":5,"minecraft:grass_block":3,"minecraft:tall_seagrass":6,"minecraft:magma_block":1,"minecraft:iron_ore":93,"minecraft:fire":1,"minecraft:pumpkin":2,"minecraft:dirt_path":1,"minecraft:water_cauldron":1,"minecraft:torch":3,"minecraft:melon":23,"quark:blossom_log":4,"supplementaries:wild_flax":4,"minecraft:cobblestone":40,"minecraft:oak_planks":1,"minecraft:sugar_cane":28,"minecraft:wall_torch":5,"minecraft:seagrass":6,"minecraft:chain":2,"minecraft:birch_log":2,"minecraft:wheat":2,"born_in_chaos_v1:river_mint":12,"minecraft:grass":271,"minecraft:oak_log":23,"minecraft:sand":3,"minecraft:dirt":19,"born_in_chaos_v1:infernal_evil_pumpkin_s":2,"minecraft:deepslate":45,"minecraft:oak_leaves":71,"minecraft:mossy_cobblestone":4,"minecraft:deepslate_diamond_ore":11,"born_in_chaos_v1:nightmare_stalker_skull":1,"born_in_chaos_v1:infected_diamond_ore":6,"born_in_chaos_v1:black_argillite":1,"minecraft:cartography_table":1,"minecraft:hay_block":3,"minecraft:furnace":2,"minecraft:carrots":1,"minecraft:andesite":18,"minecraft:gold_block":1,"minecraft:bookshelf":5,"minecraft:vine":4,"minecraft:deepslate_iron_ore":14,"minecraft:bamboo":4,"minecraft:stone":144,"minecraft:bone_block":2,"minecraft:oak_fence":1,"minecraft:crafting_table":6,"minecraft:tall_grass":34,"minecraft:lapis_ore":4,"minecraft:diorite":4,"supplementaries:urn":10,"minecraft:sweet_berry_bush":7,"minecraft:spruce_log":2,"minecraft:coal_ore":168,"minecraft:gravel":4,"minecraft:cobweb":20,"minecraft:acacia_planks":1,"minecraft:mossy_stone_bricks":5,"minecraft:fern":34},"minecraft:picked_up":{"minecraft:wooden_axe":1,"minecraft:seagrass":9,"born_in_chaos_v1:charmof_stealth":1,"minecraft:iron_chestplate":10,"minecraft:wheat":46,"minecraft:anvil":1,"minecraft:creeper_head":1,"minecraft:potion":2,"minecraft:turtle_egg":2,"born_in_chaos_v1:bloody_gadfly_eye":3,"born_in_chaos_v1:holiday_candy":28,"minecraft:brewing_stand":1,"minecraft:golden_sword":1,"born_in_chaos_v1:black_argillite":1,"minecraft:string":49,"minecraft:raw_copper":3,"minecraft:cooked_salmon":7,"born_in_chaos_v1:dark_upgrade":1,"minecraft:iron_leggings":5,"minecraft:pufferfish":6,"alexsmobs:banana":1,"minecraft:gold_nugget":25,"minecraft:cobbled_deepslate":47,"born_in_chaos_v1:charmof_power":1,"born_in_chaos_v1:nightmare_mantleofthe_night_helmet":1,"minecraft:iron_pickaxe":5,"born_in_chaos_v1:stimulating_decoction":3,"minecraft:melon_slice":117,"minecraft:mangrove_log":3,"minecraft:iron_boots":3,"minecraft:furnace":2,"minecraft:stick":36,"born_in_chaos_v1:shattered_skull":6,"minecraft:oak_fence":1,"minecraft:torch":26,"born_in_chaos_v1:pileof_dark_metal":2,"quark:blossom_log":6,"minecraft:porkchop":15,"minecraft:cherry_log":1,"minecraft:pointed_dripstone":2,"minecraft:diorite":5,"born_in_chaos_v1:nightmare_claw":12,"minecraft:cauldron":1,"minecraft:stone_sword":2,"minecraft:honey_bottle":1,"minecraft:rotten_flesh":228,"minecraft:tropical_fish":2,"minecraft:carved_pumpkin":5,"supplementaries:ash":11,"minecraft:obsidian":5,"minecraft:cod":37,"minecraft:cobblestone":399,"minecraft:nautilus_shell":2,"minecraft:birch_log":38,"minecraft:magma_block":1,"minecraft:leather_chestplate":1,"minecraft:feather":19,"minecraft:cooked_beef":12,"born_in_chaos_v1:spiritual_dust":16,"minecraft:andesite":20,"minecraft:jungle_log":41,"minecraft:golden_leggings":3,"minecraft:potato":23,"map_atlases:atlas":2,"minecraft:flint":1,"supplementaries:flax_seeds":8,"minecraft:horn_coral":2,"minecraft:lapis_lazuli":26,"minecraft:dirt":85,"born_in_chaos_v1:nightmare_stalker_skull":1,"minecraft:name_tag":5,"born_in_chaos_v1:monster_skin":61,"minecraft:leather_boots":1,"minecraft:bone":209,"minecraft:acacia_planks":1,"minecraft:bow":7,"minecraft:wheat_seeds":194,"minecraft:raw_gold":1,"minecraft:mossy_stone_bricks":5,"minecraft:glowstone_dust":4,"minecraft:bamboo":42,"minecraft:oak_planks":57,"minecraft:poisonous_potato":1,"minecraft:jungle_planks":4,"minecraft:sand":6,"minecraft:grass_block":3,"alexsmobs:animal_dictionary":1,"minecraft:dark_oak_log":3,"minecraft:barrel":1,"minecraft:mossy_cobblestone":4,"minecraft:spruce_fence_gate":1,"minecraft:diamond":15,"minecraft:bone_meal":4,"minecraft:oak_sapling":9,"born_in_chaos_v1:rotten_fish":42,"minecraft:crimson_roots":1,"minecraft:diamond_pickaxe":1,"born_in_chaos_v1:diamond_termite_shard":9,"minecraft:coarse_dirt":1,"minecraft:crafting_table":7,"born_in_chaos_v1:river_mint":13,"minecraft:clay_ball":10,"born_in_chaos_v1:seedof_chaos":22,"minecraft:brown_mushroom":4,"minecraft:wooden_pickaxe":1,"minecraft:infested_cobblestone":80,"minecraft:gold_block":3,"minecraft:chain":4,"minecraft:shield":7,"minecraft:iron_axe":2,"minecraft:cartography_table":1,"improvableskills:scroll_normal":17,"minecraft:beef":16,"born_in_chaos_v1:gnawed_bones":5,"minecraft:iron_nugget":11,"minecraft:sugar_cane":53,"minecraft:egg":25,"minecraft:raw_iron":201,"minecraft:copper_ingot":1,"born_in_chaos_v1:pieceofdarkmetal":53,"minecraft:carrot":6,"minecraft:redstone":1,"minecraft:dark_oak_planks":7,"minecraft:stone_shovel":1,"minecraft:arrow":121,"minecraft:shears":2,"minecraft:hay_block":3,"born_in_chaos_v1:spiny_shell":12,"minecraft:saddle":1,"minecraft:mutton":1,"minecraft:bone_block":30,"minecraft:skeleton_skull":2,"minecraft:white_wool":16,"born_in_chaos_v1:fused_bone":8,"born_in_chaos_v1:corpse_maggot":87,"born_in_chaos_v1:nightmare_mantleofthe_night_boots":1,"minecraft:jungle_boat":2,"minecraft:golden_carrot":3,"born_in_chaos_v1:monster_flesh":30,"born_in_chaos_v1:pumpkin_staff":1,"minecraft:tripwire_hook":4,"minecraft:salmon":36,"minecraft:leather":11,"minecraft:jungle_fence":1,"minecraft:red_mushroom":6,"minecraft:crimson_fungus":1,"minecraft:oak_log":33,"minecraft:gunpowder":5,"minecraft:paper":4,"quark:forgotten_hat":1,"minecraft:cooked_mutton":28,"born_in_chaos_v1:soul_cutlass":1,"minecraft:apple":19,"minecraft:kelp":3,"minecraft:iron_ingot":39,"born_in_chaos_v1:smoked_flesh":28,"minecraft:stone_pickaxe":3,"minecraft:cooked_chicken":26,"minecraft:glass_bottle":2,"minecraft:iron_sword":4,"minecraft:book":16,"minecraft:pumpkin":2,"minecraft:sweet_berries":54,"born_in_chaos_v1:lifestealer_bone":10,"born_in_chaos_v1:orbofthe_summoner":3,"born_in_chaos_v1:ethereal_spirit":37,"minecraft:dandelion":1,"minecraft:spyglass":1,"minecraft:dripstone_block":12,"minecraft:gravel":3,"born_in_chaos_v1:dark_rod":5,"minecraft:white_bed":2,"minecraft:spruce_log":2,"minecraft:spider_eye":24,"minecraft:leather_helmet":1,"minecraft:pumpkin_seeds":92,"minecraft:stone_axe":8,"minecraft:iron_helmet":4,"minecraft:diamond_axe":1,"minecraft:coal":227,"minecraft:ender_pearl":3},"minecraft:killed_by":{"endofherobrine:cow":1,"minecraft:creeper":1,"born_in_chaos_v1:corpse_fly":2,"born_in_chaos_v1:dire_hound_leader":1,"minecraft:skeleton":1,"born_in_chaos_v1:corpse_fish":1},"minecraft:crafted":{"minecraft:smooth_stone":3,"minecraft:oak_planks":48,"minecraft:cooked_chicken":1,"minecraft:stone":3,"born_in_chaos_v1:dark_metal_ingot":5,"born_in_chaos_v1:nightmare_mantleofthe_night_chestplate":1,"minecraft:glass":10,"improvableskills:skills_book":1,"minecraft:bow":2,"minecraft:iron_boots":2,"born_in_chaos_v1:pileof_dark_metal":3,"minecraft:smoker":1,"minecraft:glass_bottle":3,"born_in_chaos_v1:mint_candy":8,"minecraft:cooked_porkchop":1,"minecraft:map":1,"minecraft:crafting_table":6,"minecraft:wooden_pickaxe":1,"minecraft:iron_helmet":2,"minecraft:hay_block":3,"minecraft:cartography_table":1,"born_in_chaos_v1:staffofthe_summoner":1,"minecraft:diamond_pickaxe":1,"minecraft:book":3,"minecraft:iron_chestplate":3,"minecraft:paper":33,"minecraft:shield":1,"minecraft:stick":52,"minecraft:compass":1,"born_in_chaos_v1:smoked_flesh":39,"minecraft:iron_ingot":41,"minecraft:iron_pickaxe":2,"minecraft:shears":2,"minecraft:fishing_rod":2,"born_in_chaos_v1:nightmare_mantleofthe_night_leggings":1,"quark:jungle_chest":2,"born_in_chaos_v1:nightmare_mantleofthe_night_boots":1,"minecraft:furnace":5,"minecraft:blast_furnace":1,"minecraft:bone_meal":69,"minecraft:flint_and_steel":1,"map_atlases:atlas":1,"born_in_chaos_v1:spiny_shell_armor_helmet":1,"minecraft:diamond":1,"born_in_chaos_v1:bone_handle":3,"minecraft:iron_axe":3,"minecraft:stone_pickaxe":2,"minecraft:dark_oak_planks":16,"minecraft:sugar":8,"minecraft:enchanting_table":1,"born_in_chaos_v1:nightmare_scythe":1,"minecraft:iron_sword":1,"minecraft:cooked_salmon":2,"minecraft:bucket":1,"minecraft:bone":12,"minecraft:stone_axe":6,"born_in_chaos_v1:bone_heart":2,"minecraft:glowstone":1,"minecraft:bread":9,"minecraft:air":0,"minecraft:jungle_planks":20,"minecraft:wooden_axe":2,"minecraft:iron_leggings":1,"minecraft:white_bed":2,"minecraft:torch":60},"minecraft:killed":{"born_in_chaos_v1:zombie_clown":2,"endofherobrine:pig":1,"minecraft:cave_spider":4,"born_in_chaos_v1:mr_pumpkin":10,"minecraft:witch":5,"born_in_chaos_v1:restless_spirit":8,"born_in_chaos_v1:zombie_lumberjack":5,"born_in_chaos_v1:skeleton_demoman":1,"born_in_chaos_v1:sir_the_headless":1,"born_in_chaos_v1:door_knight_not_despawn":1,"minecraft:spider":22,"born_in_chaos_v1:siamese_skeletonsright":2,"born_in_chaos_v1:baby_skeleton_minion":5,"born_in_chaos_v1:scarlet_persecutor":8,"minecraft:skeleton":51,"minecraft:chicken":8,"born_in_chaos_v1:skeleton_thrasher":3,"born_in_chaos_v1:bonescaller":2,"minecraft:pig":7,"minecraft:zombie_villager":2,"born_in_chaos_v1:diamond_termite":10,"minecraft:salmon":28,"minecraft:creeper":8,"minecraft:sheep":1,"minecraft:zombie":75,"born_in_chaos_v1:dread_hound":14,"minecraft:stray":2,"born_in_chaos_v1:corpse_fly":37,"alexsmobs:fly":1,"endofherobrine:cow":3,"born_in_chaos_v1:door_knight":2,"born_in_chaos_v1:siamese_skeletonsleft":2,"minecraft:cow":5,"born_in_chaos_v1:missioner":1,"quark:toretoise":2,"born_in_chaos_v1:skeleton_thrasher_not_despawn":1,"born_in_chaos_v1:thornshell_crab":2,"born_in_chaos_v1:zombie_bruiser":4,"minecraft:phantom":1,"born_in_chaos_v1:maggot":49,"minecraft:horse":1,"minecraft:drowned":8,"born_in_chaos_v1:corpse_fish":25,"born_in_chaos_v1:barrel_zombie":9,"born_in_chaos_v1:spiritof_chaos":2,"born_in_chaos_v1:fallen_chaos_knight":2,"born_in_chaos_v1:spirit_guide":1,"born_in_chaos_v1:bone_imp_minion":40,"born_in_chaos_v1:baby_skeleton":7,"born_in_chaos_v1:swarmer":1,"quark:foxhound":1,"born_in_chaos_v1:spirit_guide_assistant":4,"born_in_chaos_v1:decrepit_skeleton":15,"born_in_chaos_v1:bloody_gadfly":5,"alexsmobs:cockroach":1,"born_in_chaos_v1:bonescaller_not_despawn":1,"born_in_chaos_v1:dark_vortex":2,"born_in_chaos_v1:nightmare_stalker":3,"endofherobrine:sheep":17,"born_in_chaos_v1:controlled_baby_skeleton":4,"minecraft:enderman":1,"born_in_chaos_v1:lifestealer_true_form":3},"minecraft:custom":{"minecraft:animals_bred":2,"minecraft:interact_with_crafting_table":104,"minecraft:open_barrel":25,"minecraft:bell_ring":1,"minecraft:leave_game":9,"minecraft:time_since_death":241105,"minecraft:damage_resisted":762,"minecraft:sprint_one_cm":2132122,"minecraft:damage_blocked_by_shield":3950,"minecraft:drop":127,"minecraft:talked_to_villager":1,"minecraft:play_time":759451,"minecraft:deaths":11,"minecraft:jump":10739,"minecraft:interact_with_brewingstand":2,"minecraft:walk_on_water_one_cm":299902,"minecraft:interact_with_furnace":58,"minecraft:interact_with_cartography_table":3,"minecraft:sleep_in_bed":7,"minecraft:damage_dealt":105031,"minecraft:crouch_one_cm":11061,"minecraft:interact_with_smoker":12,"minecraft:horse_one_cm":118140,"minecraft:interact_with_anvil":10,"minecraft:mob_kills":634,"minecraft:damage_dealt_resisted":8828,"minecraft:climb_one_cm":11175,"minecraft:walk_one_cm":1946460,"minecraft:sneak_time":5073,"minecraft:walk_under_water_one_cm":296161,"minecraft:boat_one_cm":31736,"minecraft:interact_with_blast_furnace":22,"minecraft:total_world_time":759451,"minecraft:pot_flower":1,"minecraft:time_since_rest":128139,"minecraft:damage_taken":15409,"minecraft:swim_one_cm":197442,"minecraft:fly_one_cm":2088528,"minecraft:open_chest":332,"minecraft:fish_caught":45,"minecraft:fall_one_cm":232924}},"DataVersion":3465}