{"stats":{"minecraft:dropped":{"minecraft:stone_sword":1,"minecraft:raw_copper":2,"minecraft:raw_iron":6,"minecraft:cobblestone":17,"minecraft:oak_planks":15,"minecraft:white_bed":1,"minecraft:stick":6,"minecraft:torch":14,"minecraft:melon_slice":14,"born_in_chaos_v1:spiny_shell":4,"minecraft:jungle_log":19,"minecraft:arrow":2,"minecraft:wooden_pickaxe":1,"minecraft:stone_pickaxe":1,"minecraft:white_wool":6,"minecraft:bone":3},"minecraft:custom":{"minecraft:interact_with_furnace":8,"minecraft:mob_kills":36,"minecraft:animals_bred":1,"minecraft:interact_with_crafting_table":15,"minecraft:damage_dealt_resisted":729,"minecraft:leave_game":2,"minecraft:time_since_death":7769,"minecraft:sleep_in_bed":1,"minecraft:climb_one_cm":4579,"minecraft:time_since_rest":8023,"minecraft:sprint_one_cm":319178,"minecraft:damage_taken":2529,"minecraft:walk_one_cm":228000,"minecraft:drop":22,"minecraft:damage_dealt":6564,"minecraft:fly_one_cm":228368,"minecraft:open_chest":5,"minecraft:crouch_one_cm":1899,"minecraft:play_time":103544,"minecraft:deaths":4,"minecraft:sneak_time":506,"minecraft:walk_under_water_one_cm":7491,"minecraft:jump":1609,"minecraft:walk_on_water_one_cm":12300,"minecraft:total_world_time":103544,"minecraft:fall_one_cm":28947},"minecraft:mined":{"minecraft:white_bed":1,"minecraft:crafting_table":5,"minecraft:grass_block":1,"minecraft:melon":12,"minecraft:lapis_ore":4,"minecraft:wall_torch":2,"supplementaries:urn":3,"minecraft:iron_ore":54,"minecraft:andesite":6,"minecraft:grass":77,"minecraft:oak_log":14,"minecraft:coal_ore":124,"minecraft:dirt":9,"minecraft:bamboo":4,"minecraft:stone":52,"minecraft:oak_leaves":5,"minecraft:fern":15},"minecraft:crafted":{"minecraft:oak_planks":36,"minecraft:crafting_table":2,"minecraft:wooden_pickaxe":1,"quark:jungle_chest":2,"minecraft:iron_sword":1,"minecraft:stone_axe":1,"minecraft:jungle_planks":20,"minecraft:stick":32,"minecraft:iron_pickaxe":1,"minecraft:stone_pickaxe":2,"minecraft:wooden_axe":2,"minecraft:white_bed":2,"minecraft:torch":40,"minecraft:shears":1},"minecraft:used":{"minecraft:cooked_mutton":21,"minecraft:stone_pickaxe":157,"quark:jungle_chest":2,"minecraft:wooden_pickaxe":59,"minecraft:iron_sword":10,"minecraft:leather_boots":1,"minecraft:rotten_flesh":5,"minecraft:torch":47,"minecraft:dirt":26,"minecraft:crafting_table":7,"minecraft:jungle_planks":1,"minecraft:white_bed":2,"born_in_chaos_v1:corpse_maggot":3,"minecraft:wooden_axe":89,"minecraft:iron_pickaxe":26,"minecraft:leather_helmet":1,"minecraft:stone_axe":56,"minecraft:chain":1},"minecraft:killed":{"born_in_chaos_v1:spiritof_chaos":1,"born_in_chaos_v1:fallen_chaos_knight":1,"born_in_chaos_v1:restless_spirit":1,"born_in_chaos_v1:zombie_lumberjack":2,"born_in_chaos_v1:baby_skeleton":3,"born_in_chaos_v1:thornshell_crab":1,"born_in_chaos_v1:decrepit_skeleton":4,"born_in_chaos_v1:maggot":3,"minecraft:skeleton":2,"minecraft:zombie":8,"born_in_chaos_v1:dread_hound":1,"born_in_chaos_v1:corpse_fly":4,"minecraft:drowned":1,"born_in_chaos_v1:corpse_fish":1,"born_in_chaos_v1:door_knight":1,"born_in_chaos_v1:barrel_zombie":1},"minecraft:killed_by":{"minecraft:skeleton":1,"born_in_chaos_v1:corpse_fly":2,"born_in_chaos_v1:dire_hound_leader":1},"minecraft:broken":{"minecraft:stone_pickaxe":1,"minecraft:leather_helmet":1,"minecraft:wooden_axe":2,"minecraft:wooden_pickaxe":1},"minecraft:picked_up":{"minecraft:wooden_axe":1,"born_in_chaos_v1:corpse_maggot":8,"minecraft:crafting_table":6,"minecraft:leather_chestplate":1,"minecraft:feather":2,"minecraft:clay_ball":4,"born_in_chaos_v1:seedof_chaos":1,"minecraft:jungle_log":41,"minecraft:wooden_pickaxe":1,"minecraft:oak_log":21,"minecraft:chain":1,"minecraft:lapis_lazuli":26,"minecraft:dirt":26,"minecraft:raw_copper":2,"born_in_chaos_v1:monster_skin":1,"born_in_chaos_v1:dark_upgrade":1,"minecraft:cooked_mutton":28,"minecraft:leather_boots":1,"minecraft:bone":17,"minecraft:wheat_seeds":18,"minecraft:gold_nugget":3,"minecraft:iron_ingot":8,"minecraft:stone_pickaxe":1,"born_in_chaos_v1:gnawed_bones":1,"minecraft:iron_nugget":11,"minecraft:bamboo":42,"minecraft:melon_slice":71,"minecraft:oak_planks":24,"minecraft:egg":4,"minecraft:stick":6,"minecraft:raw_iron":61,"born_in_chaos_v1:shattered_skull":1,"minecraft:torch":21,"born_in_chaos_v1:ethereal_spirit":1,"minecraft:pointed_dripstone":1,"minecraft:cherry_log":1,"minecraft:white_bed":1,"born_in_chaos_v1:pieceofdarkmetal":4,"minecraft:dark_oak_log":2,"minecraft:leather_helmet":1,"minecraft:stone_sword":1,"minecraft:rotten_flesh":21,"minecraft:arrow":4,"born_in_chaos_v1:spiny_shell":8,"supplementaries:ash":1,"born_in_chaos_v1:rotten_fish":3,"minecraft:coal":124,"minecraft:white_wool":14,"minecraft:cobblestone":118}},"DataVersion":3465}