{"stats":{"minecraft:dropped":{"minecraft:cobblestone":17,"minecraft:stick":14,"minecraft:torch":14,"minecraft:melon_slice":14,"minecraft:white_wool":6,"minecraft:bone":3,"minecraft:stone_sword":1,"minecraft:raw_copper":2,"minecraft:raw_iron":6,"minecraft:oak_planks":15,"minecraft:white_bed":1,"minecraft:iron_chestplate":4,"born_in_chaos_v1:spiny_shell":4,"minecraft:jungle_log":19,"minecraft:arrow":2,"minecraft:stone_pickaxe":1,"minecraft:wooden_pickaxe":1},"minecraft:custom":{"minecraft:mob_kills":113,"minecraft:animals_bred":1,"minecraft:interact_with_crafting_table":28,"minecraft:damage_dealt_resisted":1389,"minecraft:leave_game":2,"minecraft:time_since_death":10952,"minecraft:climb_one_cm":4579,"minecraft:sprint_one_cm":428193,"minecraft:walk_one_cm":337683,"minecraft:damage_blocked_by_shield":1105,"minecraft:drop":27,"minecraft:play_time":145544,"minecraft:deaths":6,"minecraft:sneak_time":997,"minecraft:walk_under_water_one_cm":48194,"minecraft:jump":2322,"minecraft:walk_on_water_one_cm":66646,"minecraft:total_world_time":145544,"minecraft:interact_with_furnace":18,"minecraft:sleep_in_bed":3,"minecraft:time_since_rest":11011,"minecraft:damage_taken":3609,"minecraft:damage_dealt":15029,"minecraft:swim_one_cm":39350,"minecraft:fly_one_cm":358530,"minecraft:open_chest":21,"minecraft:crouch_one_cm":2040,"minecraft:fall_one_cm":42095},"minecraft:mined":{"minecraft:white_bed":1,"minecraft:grass_block":2,"minecraft:iron_ore":72,"minecraft:andesite":8,"minecraft:bamboo":4,"minecraft:stone":67,"minecraft:crafting_table":5,"minecraft:melon":12,"supplementaries:wild_flax":4,"minecraft:tall_grass":1,"minecraft:lapis_ore":4,"minecraft:wall_torch":2,"supplementaries:urn":3,"minecraft:seagrass":4,"born_in_chaos_v1:river_mint":7,"minecraft:grass":87,"minecraft:coal_ore":129,"minecraft:oak_log":14,"minecraft:dirt":9,"minecraft:oak_leaves":5,"minecraft:fern":15},"minecraft:crafted":{"minecraft:oak_planks":36,"quark:jungle_chest":2,"minecraft:furnace":1,"minecraft:iron_boots":2,"minecraft:stone_pickaxe":2,"minecraft:dark_oak_planks":8,"minecraft:crafting_table":2,"minecraft:wooden_pickaxe":1,"minecraft:iron_helmet":2,"minecraft:iron_sword":1,"minecraft:stone_axe":1,"minecraft:air":0,"minecraft:jungle_planks":20,"minecraft:iron_chestplate":2,"minecraft:shield":1,"minecraft:stick":40,"minecraft:iron_ingot":10,"minecraft:iron_pickaxe":1,"minecraft:wooden_axe":2,"minecraft:iron_leggings":1,"minecraft:white_bed":2,"minecraft:torch":40,"minecraft:shears":1},"minecraft:used":{"quark:jungle_chest":2,"minecraft:shield":33,"minecraft:iron_sword":201,"minecraft:cooked_chicken":2,"minecraft:rotten_flesh":5,"minecraft:iron_chestplate":5,"minecraft:torch":47,"minecraft:dirt":27,"minecraft:mutton":1,"minecraft:jungle_planks":1,"born_in_chaos_v1:corpse_maggot":4,"minecraft:wooden_axe":89,"minecraft:iron_helmet":2,"minecraft:iron_boots":1,"minecraft:bow":3,"minecraft:beef":6,"minecraft:furnace":1,"minecraft:iron_leggings":1,"minecraft:cooked_mutton":21,"minecraft:stone_pickaxe":157,"minecraft:wooden_pickaxe":59,"minecraft:leather_boots":1,"minecraft:salmon":13,"minecraft:crafting_table":7,"minecraft:white_bed":3,"minecraft:iron_pickaxe":66,"minecraft:leather_helmet":1,"minecraft:gravel":1,"minecraft:stone_axe":56,"born_in_chaos_v1:river_mint":1,"minecraft:porkchop":1,"minecraft:chain":1,"minecraft:andesite":2},"minecraft:killed":{"born_in_chaos_v1:zombie_lumberjack":2,"born_in_chaos_v1:restless_spirit":1,"born_in_chaos_v1:thornshell_crab":1,"born_in_chaos_v1:siamese_skeletonsright":1,"born_in_chaos_v1:maggot":9,"minecraft:skeleton":9,"born_in_chaos_v1:corpse_fish":8,"minecraft:drowned":2,"born_in_chaos_v1:barrel_zombie":1,"born_in_chaos_v1:spiritof_chaos":1,"born_in_chaos_v1:fallen_chaos_knight":1,"minecraft:pig":3,"born_in_chaos_v1:baby_skeleton":3,"born_in_chaos_v1:swarmer":1,"minecraft:salmon":15,"born_in_chaos_v1:decrepit_skeleton":4,"minecraft:zombie":11,"born_in_chaos_v1:dread_hound":1,"born_in_chaos_v1:corpse_fly":13,"born_in_chaos_v1:nightmare_stalker":1,"endofherobrine:sheep":17,"endofherobrine:cow":1,"born_in_chaos_v1:door_knight":1,"born_in_chaos_v1:siamese_skeletonsleft":1,"minecraft:cow":2},"minecraft:killed_by":{"endofherobrine:cow":1,"born_in_chaos_v1:corpse_fly":2,"minecraft:skeleton":1,"born_in_chaos_v1:dire_hound_leader":1},"minecraft:broken":{"minecraft:leather_helmet":1,"minecraft:wooden_pickaxe":1,"minecraft:stone_pickaxe":1,"minecraft:wooden_axe":2},"minecraft:picked_up":{"minecraft:wooden_axe":1,"minecraft:iron_chestplate":5,"minecraft:crafting_table":6,"born_in_chaos_v1:river_mint":7,"minecraft:clay_ball":4,"born_in_chaos_v1:seedof_chaos":1,"minecraft:wooden_pickaxe":1,"minecraft:chain":1,"minecraft:shield":2,"minecraft:raw_copper":2,"minecraft:iron_leggings":1,"born_in_chaos_v1:dark_upgrade":1,"minecraft:gold_nugget":3,"minecraft:beef":9,"born_in_chaos_v1:gnawed_bones":1,"minecraft:iron_nugget":11,"minecraft:iron_pickaxe":1,"minecraft:melon_slice":71,"minecraft:iron_boots":1,"minecraft:egg":4,"minecraft:stick":6,"minecraft:raw_iron":89,"born_in_chaos_v1:shattered_skull":1,"minecraft:copper_ingot":1,"minecraft:torch":21,"minecraft:porkchop":7,"minecraft:cherry_log":1,"minecraft:pointed_dripstone":1,"born_in_chaos_v1:nightmare_claw":1,"born_in_chaos_v1:pieceofdarkmetal":4,"minecraft:stone_sword":1,"minecraft:arrow":15,"minecraft:rotten_flesh":28,"born_in_chaos_v1:spiny_shell":8,"supplementaries:ash":3,"minecraft:mutton":1,"minecraft:white_wool":14,"minecraft:cobblestone":147,"born_in_chaos_v1:fused_bone":2,"born_in_chaos_v1:corpse_maggot":13,"minecraft:leather_chestplate":1,"minecraft:feather":2,"born_in_chaos_v1:monster_flesh":3,"minecraft:jungle_log":41,"minecraft:andesite":6,"minecraft:salmon":13,"minecraft:leather":1,"minecraft:jungle_fence":1,"minecraft:oak_log":21,"supplementaries:flax_seeds":4,"minecraft:lapis_lazuli":26,"minecraft:dirt":59,"minecraft:leather_boots":1,"born_in_chaos_v1:monster_skin":4,"minecraft:cooked_mutton":28,"minecraft:bone":32,"minecraft:bow":1,"minecraft:wheat_seeds":22,"minecraft:iron_ingot":23,"minecraft:stone_pickaxe":1,"minecraft:cooked_chicken":2,"minecraft:bamboo":42,"minecraft:iron_sword":1,"minecraft:oak_planks":24,"born_in_chaos_v1:ethereal_spirit":2,"minecraft:dripstone_block":12,"minecraft:gravel":1,"minecraft:white_bed":2,"minecraft:dark_oak_log":3,"minecraft:leather_helmet":1,"minecraft:iron_helmet":1,"minecraft:bone_meal":1,"born_in_chaos_v1:rotten_fish":13,"minecraft:coal":128}},"DataVersion":3465}