{"stats":{"minecraft:custom":{"minecraft:time_since_rest":8627,"minecraft:sprint_one_cm":42622,"minecraft:damage_taken":1012,"minecraft:walk_one_cm":42799,"minecraft:mob_kills":13,"minecraft:damage_dealt":2260,"minecraft:interact_with_crafting_table":3,"minecraft:fly_one_cm":27418,"minecraft:play_time":17671,"minecraft:deaths":1,"minecraft:sneak_time":49,"minecraft:walk_under_water_one_cm":6084,"minecraft:jump":226,"minecraft:damage_dealt_resisted":729,"minecraft:walk_on_water_one_cm":9853,"minecraft:time_since_death":8602,"minecraft:total_world_time":17671,"minecraft:climb_one_cm":453,"minecraft:fall_one_cm":1672},"minecraft:mined":{"minecraft:crafting_table":2,"minecraft:grass":61,"minecraft:oak_log":14,"minecraft:bamboo":1,"minecraft:oak_leaves":4,"minecraft:fern":13},"minecraft:crafted":{"minecraft:oak_planks":16,"minecraft:crafting_table":1,"minecraft:stick":6,"minecraft:wooden_axe":2},"minecraft:used":{"minecraft:cooked_mutton":9,"minecraft:wooden_axe":69,"minecraft:leather_helmet":1,"minecraft:leather_boots":1,"minecraft:crafting_table":2},"minecraft:killed":{"minecraft:skeleton":1,"born_in_chaos_v1:spiritof_chaos":1,"minecraft:zombie":2,"born_in_chaos_v1:corpse_fly":1,"born_in_chaos_v1:baby_skeleton":2,"minecraft:drowned":1,"born_in_chaos_v1:corpse_fish":1,"born_in_chaos_v1:decrepit_skeleton":1,"born_in_chaos_v1:maggot":2},"minecraft:killed_by":{"born_in_chaos_v1:corpse_fly":1},"minecraft:broken":{"minecraft:wooden_axe":1},"minecraft:picked_up":{"minecraft:wooden_axe":1,"minecraft:crafting_table":3,"born_in_chaos_v1:corpse_maggot":5,"minecraft:leather_chestplate":1,"minecraft:feather":2,"minecraft:jungle_log":2,"born_in_chaos_v1:seedof_chaos":1,"born_in_chaos_v1:ethereal_spirit":1,"minecraft:oak_log":19,"minecraft:dirt":15,"minecraft:leather_helmet":1,"minecraft:cooked_mutton":28,"minecraft:leather_boots":1,"minecraft:bone":6,"minecraft:arrow":2,"minecraft:rotten_flesh":3,"minecraft:wheat_seeds":17,"minecraft:bamboo":12,"born_in_chaos_v1:rotten_fish":1,"minecraft:oak_planks":9}},"DataVersion":3465}