{"stats":{"minecraft:dropped":{"minecraft:iron_ingot":2,"minecraft:iron_sword":1,"minecraft:iron_leggings":1,"minecraft:chain":3,"minecraft:iron_axe":2,"minecraft:stone_axe":2,"minecraft:leather_boots":1,"improvableskills:scroll_normal":1,"minecraft:stone_pickaxe":1,"alexsmobs:banana":2},"minecraft:used":{"minecraft:stone_sword":263,"minecraft:tropical_fish":1,"quark:jungle_chest":1,"minecraft:shield":3,"minecraft:rotten_flesh":4,"minecraft:cooked_salmon":5,"minecraft:stone_hoe":4,"minecraft:iron_chestplate":1,"minecraft:torch":100,"minecraft:dirt":1,"minecraft:spyglass":53,"minecraft:jungle_planks":37,"minecraft:carrot":7,"born_in_chaos_v1:corpse_maggot":11,"minecraft:wooden_axe":110,"minecraft:iron_helmet":1,"minecraft:iron_boots":1,"minecraft:bow":15,"minecraft:furnace":3,"minecraft:cooked_cod":10,"minecraft:egg":1,"minecraft:iron_leggings":1,"minecraft:wheat_seeds":10,"minecraft:stone_pickaxe":155,"minecraft:wooden_pickaxe":59,"minecraft:jungle_boat":1,"minecraft:crafting_table":6,"minecraft:smoker":1,"minecraft:stone_axe":113,"minecraft:fishing_rod":48,"minecraft:cobblestone":24,"born_in_chaos_v1:rotten_fish":5,"minecraft:andesite":3,"alexsmobs:animal_dictionary":2},"minecraft:broken":{"minecraft:stone_sword":2,"minecraft:wooden_pickaxe":1,"minecraft:wooden_axe":2},"minecraft:mined":{"minecraft:jungle_leaves":13,"minecraft:grass_block":1,"minecraft:jungle_planks":1,"born_in_chaos_v1:black_argillite":1,"minecraft:jungle_log":189,"minecraft:furnace":1,"minecraft:iron_ore":63,"minecraft:vine":4,"minecraft:stripped_jungle_log":1,"minecraft:stone":47,"minecraft:crafting_table":6,"minecraft:torch":1,"minecraft:tall_grass":1,"minecraft:copper_ore":4,"minecraft:lapis_ore":7,"minecraft:diorite":2,"minecraft:wall_torch":4,"supplementaries:urn":8,"minecraft:wheat":10,"minecraft:grass":1,"minecraft:oak_log":9,"minecraft:coal_ore":86,"minecraft:sand":12,"minecraft:oak_leaves":5},"minecraft:picked_up":{"minecraft:charcoal":23,"minecraft:crafting_table":6,"minecraft:wheat":9,"minecraft:creeper_head":1,"minecraft:wooden_pickaxe":1,"minecraft:chain":3,"born_in_chaos_v1:black_argillite":1,"minecraft:string":28,"minecraft:raw_copper":16,"minecraft:iron_axe":2,"minecraft:iron_leggings":1,"minecraft:pufferfish":4,"minecraft:gold_nugget":30,"alexsmobs:banana":3,"improvableskills:scroll_normal":6,"minecraft:egg":1,"minecraft:furnace":1,"minecraft:raw_iron":63,"minecraft:stick":7,"born_in_chaos_v1:phantom_powder":2,"minecraft:torch":19,"minecraft:carrot":1,"minecraft:rotten_flesh":9,"minecraft:stone_sword":1,"minecraft:arrow":38,"minecraft:tropical_fish":2,"supplementaries:ash":16,"minecraft:skeleton_skull":1,"minecraft:cod":15,"minecraft:cobblestone":130,"born_in_chaos_v1:corpse_maggot":15,"minecraft:tripwire_hook":1,"minecraft:jungle_log":231,"minecraft:glow_ink_sac":1,"minecraft:salmon":8,"minecraft:andesite":3,"minecraft:oak_log":18,"supplementaries:flax_seeds":1,"minecraft:horn_coral":1,"minecraft:lapis_lazuli":51,"minecraft:dirt":1,"born_in_chaos_v1:monster_skin":1,"minecraft:leather_boots":2,"minecraft:bone":10,"minecraft:bow":2,"minecraft:wheat_seeds":29,"alexsmobs:cockroach_wing_fragment":1,"minecraft:raw_gold":1,"minecraft:stone_pickaxe":1,"minecraft:iron_sword":1,"born_in_chaos_v1:ethereal_spirit":1,"minecraft:sand":12,"minecraft:amethyst_shard":6,"minecraft:jungle_planks":284,"minecraft:ink_sac":2,"alexsmobs:animal_dictionary":1,"minecraft:stripped_jungle_log":1,"minecraft:slime_ball":1,"minecraft:stone_axe":2,"minecraft:bone_meal":5,"born_in_chaos_v1:rotten_fish":14,"minecraft:coal":86},"minecraft:killed":{"born_in_chaos_v1:restless_spirit":1,"minecraft:spider":3,"minecraft:slime":1,"born_in_chaos_v1:maggot":2,"minecraft:skeleton":4,"born_in_chaos_v1:corpse_fish":2,"born_in_chaos_v1:barrel_zombie":1,"born_in_chaos_v1:baby_skeleton":1,"alexsmobs:cockroach":2,"minecraft:zombie":5,"born_in_chaos_v1:dread_hound":1,"born_in_chaos_v1:corpse_fly":7},"minecraft:crafted":{"minecraft:fishing_rod":1,"minecraft:spyglass":4,"quark:jungle_chest":2,"minecraft:furnace":3,"minecraft:iron_boots":1,"minecraft:stone_pickaxe":3,"minecraft:stone_hoe":1,"minecraft:smoker":1,"minecraft:cooked_cod":12,"minecraft:crafting_table":1,"minecraft:jungle_boat":1,"minecraft:wooden_pickaxe":1,"minecraft:iron_helmet":1,"minecraft:iron_sword":1,"minecraft:cooked_salmon":8,"minecraft:copper_ingot":12,"minecraft:stone_axe":2,"minecraft:jungle_planks":344,"minecraft:iron_chestplate":1,"minecraft:charcoal":24,"minecraft:shield":1,"minecraft:stick":60,"minecraft:iron_ingot":53,"minecraft:iron_pickaxe":1,"minecraft:wooden_axe":2,"minecraft:gold_ingot":1,"minecraft:stone_sword":2,"minecraft:iron_leggings":1,"minecraft:torch":156},"minecraft:custom":{"minecraft:mob_kills":30,"minecraft:interact_with_crafting_table":37,"minecraft:damage_dealt_resisted":50,"minecraft:leave_game":2,"minecraft:time_since_death":171406,"minecraft:climb_one_cm":10302,"minecraft:sprint_one_cm":60264,"minecraft:walk_one_cm":542086,"minecraft:damage_blocked_by_shield":250,"minecraft:drop":15,"minecraft:play_time":198415,"minecraft:deaths":2,"minecraft:sneak_time":3037,"minecraft:walk_under_water_one_cm":49096,"minecraft:jump":1298,"minecraft:interact_with_blast_furnace":5,"minecraft:walk_on_water_one_cm":39809,"minecraft:total_world_time":198415,"minecraft:interact_with_furnace":30,"minecraft:time_since_rest":171435,"minecraft:damage_taken":1927,"minecraft:damage_dealt":4655,"minecraft:swim_one_cm":42342,"minecraft:fly_one_cm":32557,"minecraft:open_chest":43,"minecraft:crouch_one_cm":1256,"minecraft:interact_with_smoker":7,"minecraft:fish_caught":27,"minecraft:fall_one_cm":17960}},"DataVersion":3465}