{"stats":{"minecraft:dropped":{"minecraft:iron_ingot":2,"minecraft:iron_sword":1,"minecraft:wheat_seeds":2,"minecraft:diamond_axe":1,"minecraft:diamond":8,"minecraft:glow_berries":1,"born_in_chaos_v1:orbofthe_summoner":1,"minecraft:leather":1,"minecraft:stick":1,"minecraft:dirt":2,"minecraft:iron_leggings":1,"minecraft:chain":5,"minecraft:bone_meal":1,"minecraft:iron_axe":2,"minecraft:white_wool":2,"minecraft:tripwire_hook":2,"minecraft:stone_axe":2,"born_in_chaos_v1:smoked_flesh":2,"born_in_chaos_v1:spiritual_dust":3,"minecraft:carrot":1,"born_in_chaos_v1:seedof_chaos":1,"minecraft:leather_boots":1,"improvableskills:scroll_normal":1,"minecraft:wooden_pickaxe":1,"minecraft:stone_pickaxe":1,"minecraft:beef":1,"alexsmobs:banana":2},"minecraft:used":{"minecraft:stone_sword":393,"minecraft:tropical_fish":1,"minecraft:spruce_slab":1,"quark:jungle_chest":1,"minecraft:shield":132,"minecraft:iron_sword":281,"minecraft:mutton":3,"minecraft:cooked_salmon":8,"minecraft:rotten_flesh":4,"minecraft:stone_hoe":14,"minecraft:iron_chestplate":2,"minecraft:torch":140,"minecraft:dirt":29,"minecraft:spyglass":78,"minecraft:jungle_planks":37,"minecraft:carrot":10,"born_in_chaos_v1:corpse_maggot":25,"minecraft:wooden_axe":169,"born_in_chaos_v1:smoked_flesh":28,"minecraft:iron_helmet":1,"minecraft:iron_boots":1,"minecraft:bow":35,"minecraft:furnace":3,"minecraft:cooked_cod":12,"travelersbackpack:sponge":9,"minecraft:potato":2,"minecraft:egg":2,"minecraft:cooked_beef":7,"minecraft:iron_leggings":3,"minecraft:wheat_seeds":76,"minecraft:cooked_mutton":17,"minecraft:stone_pickaxe":159,"minecraft:wooden_pickaxe":95,"minecraft:white_wool":2,"minecraft:jungle_boat":1,"minecraft:crafting_table":10,"minecraft:cod":6,"minecraft:smoker":1,"minecraft:melon_slice":36,"minecraft:iron_pickaxe":4,"minecraft:bread":4,"minecraft:stone_axe":197,"minecraft:fishing_rod":82,"travelersbackpack:standard":1,"minecraft:cobblestone":27,"born_in_chaos_v1:rotten_fish":5,"minecraft:porkchop":4,"minecraft:andesite":3,"alexsmobs:animal_dictionary":2,"minecraft:bone_meal":7},"minecraft:broken":{"minecraft:stone_sword":3,"minecraft:wooden_pickaxe":1,"minecraft:shield":1,"minecraft:wooden_axe":3},"minecraft:mined":{"minecraft:jungle_leaves":18,"minecraft:potted_crimson_fungus":1,"minecraft:cave_vines_plant":1,"travelersbackpack:sponge":1,"minecraft:grass_block":19,"minecraft:jungle_planks":1,"born_in_chaos_v1:black_argillite":1,"minecraft:jungle_log":206,"minecraft:furnace":2,"minecraft:carrots":6,"minecraft:iron_ore":66,"minecraft:vine":13,"minecraft:stripped_jungle_log":1,"minecraft:stone":80,"minecraft:iron_block":2,"minecraft:white_wool":1,"minecraft:clay":1,"minecraft:crafting_table":11,"minecraft:torch":1,"minecraft:melon":22,"minecraft:copper_ore":4,"minecraft:tall_grass":16,"minecraft:lapis_ore":7,"minecraft:diorite":2,"minecraft:wall_torch":7,"supplementaries:urn":8,"minecraft:chain":1,"minecraft:wheat":59,"minecraft:pumpkin_stem":1,"minecraft:grass":67,"minecraft:coal_ore":86,"minecraft:oak_log":66,"minecraft:gravel":2,"minecraft:sand":12,"minecraft:dirt":10,"minecraft:cobweb":1,"minecraft:oak_leaves":23,"minecraft:fern":8},"minecraft:picked_up":{"minecraft:fishing_rod":2,"minecraft:charcoal":23,"minecraft:iron_chestplate":1,"minecraft:crafting_table":13,"minecraft:wheat":48,"minecraft:chicken":5,"minecraft:creeper_head":1,"minecraft:flower_pot":1,"born_in_chaos_v1:seedof_chaos":2,"born_in_chaos_v1:charmof_resistance":1,"minecraft:wooden_pickaxe":2,"minecraft:gold_block":1,"minecraft:chain":6,"minecraft:shield":3,"born_in_chaos_v1:black_argillite":1,"minecraft:string":61,"minecraft:raw_copper":16,"minecraft:iron_axe":2,"minecraft:cooked_salmon":3,"minecraft:iron_leggings":4,"born_in_chaos_v1:intoxicating_decoction":2,"minecraft:pufferfish":6,"minecraft:gold_nugget":30,"alexsmobs:banana":3,"minecraft:bucket":1,"improvableskills:scroll_normal":9,"minecraft:beef":14,"minecraft:iron_pickaxe":1,"minecraft:spruce_slab":1,"minecraft:melon_slice":186,"minecraft:phantom_membrane":3,"minecraft:furnace":2,"minecraft:iron_boots":1,"minecraft:egg":4,"minecraft:tipped_arrow":1,"minecraft:stick":17,"minecraft:raw_iron":76,"born_in_chaos_v1:phantom_powder":2,"minecraft:torch":151,"quark:jungle_chest":1,"minecraft:porkchop":4,"born_in_chaos_v1:charmof_endurance":3,"minecraft:carrot":15,"travelersbackpack:sponge":2,"minecraft:stone_sword":1,"minecraft:arrow":200,"minecraft:rotten_flesh":55,"minecraft:cooked_cod":2,"minecraft:tropical_fish":2,"minecraft:iron_block":2,"minecraft:gold_ingot":19,"supplementaries:ash":16,"minecraft:glow_berries":1,"minecraft:obsidian":1,"minecraft:mutton":16,"minecraft:cod":21,"minecraft:skeleton_skull":1,"minecraft:white_wool":10,"minecraft:cobblestone":206,"born_in_chaos_v1:corpse_maggot":30,"minecraft:feather":5,"minecraft:andesite":3,"born_in_chaos_v1:monster_flesh":5,"minecraft:glow_ink_sac":1,"born_in_chaos_v1:spiritual_dust":3,"minecraft:tripwire_hook":3,"minecraft:jungle_log":303,"minecraft:salmon":8,"minecraft:leather":12,"minecraft:potato":1,"minecraft:oak_log":77,"minecraft:lily_pad":1,"supplementaries:flax_seeds":1,"minecraft:gunpowder":6,"minecraft:horn_coral":1,"minecraft:lapis_lazuli":51,"minecraft:dirt":80,"minecraft:name_tag":1,"born_in_chaos_v1:monster_skin":1,"minecraft:cooked_mutton":10,"minecraft:leather_boots":3,"minecraft:bone":35,"minecraft:bow":5,"minecraft:wheat_seeds":159,"minecraft:raw_gold":1,"alexsmobs:cockroach_wing_fragment":1,"minecraft:iron_ingot":47,"minecraft:stone_pickaxe":4,"born_in_chaos_v1:chipped_black_argillite_brick":1,"minecraft:oak_planks":5,"minecraft:iron_sword":2,"minecraft:stone_hoe":1,"born_in_chaos_v1:orbofthe_summoner":1,"born_in_chaos_v1:ethereal_spirit":10,"minecraft:spyglass":2,"minecraft:sand":12,"minecraft:jungle_planks":310,"minecraft:amethyst_shard":6,"minecraft:ink_sac":2,"minecraft:spider_eye":1,"alexsmobs:animal_dictionary":2,"minecraft:stripped_jungle_log":1,"minecraft:slime_ball":1,"minecraft:diamond":1,"minecraft:stone_axe":3,"minecraft:iron_helmet":1,"minecraft:diamond_axe":1,"minecraft:bone_meal":7,"minecraft:oak_sapling":13,"born_in_chaos_v1:rotten_fish":19,"minecraft:coal":104},"minecraft:killed_by":{"minecraft:player":1},"minecraft:crafted":{"minecraft:oak_planks":236,"minecraft:fishing_rod":2,"minecraft:spyglass":4,"quark:jungle_chest":3,"minecraft:furnace":3,"minecraft:bone_meal":6,"minecraft:cooked_mutton":7,"minecraft:glass":12,"travelersbackpack:white_sleeping_bag":1,"minecraft:bow":1,"minecraft:iron_boots":1,"minecraft:stone_pickaxe":4,"minecraft:stone_hoe":1,"minecraft:smoker":1,"minecraft:cooked_beef":7,"minecraft:cooked_cod":12,"minecraft:crafting_table":1,"minecraft:jungle_boat":1,"travelersbackpack:backpack_tank":2,"minecraft:iron_helmet":1,"minecraft:wooden_pickaxe":1,"travelersbackpack:standard":1,"minecraft:iron_sword":1,"minecraft:cooked_salmon":8,"minecraft:copper_ingot":12,"minecraft:stone_axe":3,"minecraft:bread":4,"minecraft:jungle_planks":344,"minecraft:iron_chestplate":1,"minecraft:shield":3,"minecraft:charcoal":24,"minecraft:stick":108,"born_in_chaos_v1:smoked_flesh":30,"minecraft:iron_ingot":53,"minecraft:iron_pickaxe":1,"minecraft:wooden_axe":3,"minecraft:stone_sword":3,"minecraft:iron_leggings":1,"minecraft:gold_ingot":1,"minecraft:torch":228},"minecraft:killed":{"born_in_chaos_v1:zombie_clown":1,"minecraft:cave_spider":1,"born_in_chaos_v1:restless_spirit":2,"minecraft:spider":6,"minecraft:slime":1,"born_in_chaos_v1:scarlet_persecutor":1,"born_in_chaos_v1:maggot":12,"minecraft:skeleton":7,"minecraft:horse":3,"minecraft:chicken":5,"minecraft:llama":1,"born_in_chaos_v1:corpse_fish":3,"born_in_chaos_v1:barrel_zombie":1,"born_in_chaos_v1:spiritof_chaos":1,"minecraft:pig":1,"minecraft:zombie_villager":1,"born_in_chaos_v1:baby_skeleton":1,"minecraft:creeper":1,"born_in_chaos_v1:decrepit_skeleton":2,"minecraft:sheep":8,"minecraft:pillager":1,"minecraft:zombie":16,"alexsmobs:cockroach":2,"born_in_chaos_v1:dread_hound":1,"born_in_chaos_v1:corpse_fly":7,"endofherobrine:sheep":1,"endofherobrine:cow":1,"born_in_chaos_v1:door_knight":1,"minecraft:cow":7},"minecraft:custom":{"minecraft:interact_with_anvil":1,"minecraft:mob_kills":104,"minecraft:interact_with_campfire":4,"minecraft:interact_with_crafting_table":48,"minecraft:open_barrel":20,"minecraft:bell_ring":2,"minecraft:damage_dealt_resisted":169,"minecraft:leave_game":4,"minecraft:time_since_death":5589,"minecraft:climb_one_cm":47654,"minecraft:sprint_one_cm":552312,"minecraft:walk_one_cm":1604908,"minecraft:damage_blocked_by_shield":3180,"minecraft:drop":41,"minecraft:talked_to_villager":3,"minecraft:play_time":426025,"minecraft:sneak_time":5415,"minecraft:deaths":5,"minecraft:walk_under_water_one_cm":91828,"minecraft:boat_one_cm":102764,"minecraft:jump":3933,"minecraft:interact_with_brewingstand":2,"minecraft:interact_with_blast_furnace":8,"minecraft:walk_on_water_one_cm":86486,"minecraft:total_world_time":426025,"minecraft:interact_with_furnace":32,"minecraft:sleep_in_bed":2,"minecraft:time_since_rest":5658,"minecraft:damage_taken":7078,"minecraft:damage_dealt":15404,"minecraft:swim_one_cm":115071,"minecraft:fly_one_cm":220632,"minecraft:open_chest":112,"minecraft:crouch_one_cm":7468,"minecraft:fish_caught":35,"minecraft:interact_with_smoker":18,"minecraft:fall_one_cm":77437}},"DataVersion":3465}