{"stats":{"minecraft:used":{"minecraft:stone_sword":53,"minecraft:stone_pickaxe":4,"minecraft:wooden_pickaxe":38,"minecraft:torch":9,"minecraft:dirt":1,"minecraft:crafting_table":4,"born_in_chaos_v1:corpse_maggot":9,"minecraft:wooden_axe":110,"minecraft:stone_axe":107,"born_in_chaos_v1:rotten_fish":5,"minecraft:furnace":2,"alexsmobs:animal_dictionary":1},"minecraft:broken":{"minecraft:wooden_axe":2},"minecraft:mined":{"minecraft:jungle_leaves":13,"minecraft:crafting_table":4,"minecraft:grass_block":1,"minecraft:jungle_log":189,"minecraft:wall_torch":1,"supplementaries:urn":1,"minecraft:furnace":1,"minecraft:iron_ore":2,"minecraft:oak_log":9,"minecraft:vine":4,"minecraft:stripped_jungle_log":1,"minecraft:stone":37,"minecraft:oak_leaves":5},"minecraft:picked_up":{"born_in_chaos_v1:corpse_maggot":14,"minecraft:charcoal":23,"minecraft:crafting_table":4,"minecraft:glow_ink_sac":1,"minecraft:jungle_log":231,"minecraft:wooden_pickaxe":1,"minecraft:oak_log":18,"supplementaries:flax_seeds":1,"minecraft:horn_coral":1,"minecraft:dirt":1,"minecraft:bow":1,"minecraft:wheat_seeds":2,"alexsmobs:banana":2,"minecraft:raw_gold":1,"minecraft:stone_pickaxe":1,"minecraft:furnace":1,"minecraft:stick":7,"minecraft:raw_iron":2,"minecraft:torch":1,"minecraft:jungle_planks":283,"minecraft:ink_sac":2,"minecraft:carrot":1,"alexsmobs:animal_dictionary":1,"minecraft:stripped_jungle_log":1,"minecraft:stone_sword":1,"minecraft:arrow":32,"minecraft:rotten_flesh":5,"minecraft:tropical_fish":2,"minecraft:stone_axe":2,"minecraft:bone_meal":4,"supplementaries:ash":2,"born_in_chaos_v1:rotten_fish":8,"minecraft:cobblestone":55},"minecraft:crafted":{"minecraft:crafting_table":1,"minecraft:wooden_pickaxe":1,"minecraft:furnace":1,"minecraft:stone_axe":2,"minecraft:jungle_planks":316,"minecraft:charcoal":24,"minecraft:shield":1,"minecraft:stick":56,"minecraft:iron_ingot":2,"minecraft:stone_pickaxe":1,"minecraft:wooden_axe":2,"minecraft:stone_sword":1,"minecraft:torch":44},"minecraft:killed":{"born_in_chaos_v1:barrel_zombie":1,"born_in_chaos_v1:maggot":2,"minecraft:zombie":1,"born_in_chaos_v1:corpse_fly":4,"born_in_chaos_v1:corpse_fish":1},"minecraft:custom":{"minecraft:interact_with_furnace":7,"minecraft:mob_kills":9,"minecraft:interact_with_crafting_table":9,"minecraft:damage_dealt_resisted":50,"minecraft:leave_game":1,"minecraft:time_since_death":23376,"minecraft:climb_one_cm":10302,"minecraft:time_since_rest":23405,"minecraft:sprint_one_cm":11828,"minecraft:damage_taken":915,"minecraft:walk_one_cm":129129,"minecraft:damage_dealt":1362,"minecraft:swim_one_cm":19724,"minecraft:fly_one_cm":8702,"minecraft:open_chest":16,"minecraft:crouch_one_cm":410,"minecraft:play_time":50385,"minecraft:deaths":2,"minecraft:sneak_time":1548,"minecraft:walk_under_water_one_cm":17048,"minecraft:jump":359,"minecraft:walk_on_water_one_cm":13100,"minecraft:total_world_time":50385,"minecraft:fall_one_cm":10561}},"DataVersion":3465}