{"stats":{"minecraft:used":{"minecraft:wooden_axe":101,"minecraft:crafting_table":3,"alexsmobs:animal_dictionary":1,"minecraft:wooden_pickaxe":38},"minecraft:broken":{"minecraft:wooden_axe":1},"minecraft:mined":{"minecraft:grass_block":1,"minecraft:jungle_log":108,"minecraft:stripped_jungle_log":1,"minecraft:jungle_leaves":5,"minecraft:stone":37,"minecraft:oak_leaves":2,"minecraft:crafting_table":2},"minecraft:picked_up":{"minecraft:stripped_jungle_log":1,"minecraft:stick":6,"minecraft:crafting_table":2,"minecraft:rotten_flesh":1,"minecraft:jungle_log":104,"alexsmobs:banana":1,"supplementaries:ash":1,"minecraft:dirt":1,"minecraft:cobblestone":36},"minecraft:crafted":{"minecraft:crafting_table":1,"minecraft:stick":4,"minecraft:wooden_pickaxe":1,"minecraft:jungle_planks":312,"minecraft:wooden_axe":2},"minecraft:custom":{"minecraft:time_since_rest":13175,"minecraft:crouch_one_cm":93,"minecraft:play_time":13175,"minecraft:sprint_one_cm":1313,"minecraft:damage_taken":60,"minecraft:walk_one_cm":22216,"minecraft:sneak_time":682,"minecraft:jump":61,"minecraft:time_since_death":13175,"minecraft:total_world_time":13175,"minecraft:climb_one_cm":2158,"minecraft:interact_with_crafting_table":4,"minecraft:fall_one_cm":1066,"minecraft:fly_one_cm":614}},"DataVersion":3465}