{"stats":{"minecraft:dropped":{"minecraft:iron_ingot":2,"minecraft:iron_sword":1,"minecraft:stone_axe":2,"minecraft:iron_leggings":1,"minecraft:iron_axe":2,"improvableskills:scroll_normal":1,"minecraft:stone_pickaxe":1,"alexsmobs:banana":2},"minecraft:used":{"minecraft:wheat_seeds":10,"minecraft:stone_sword":238,"minecraft:tropical_fish":1,"minecraft:stone_pickaxe":98,"quark:jungle_chest":1,"minecraft:wooden_pickaxe":59,"minecraft:shield":2,"minecraft:cooked_salmon":5,"minecraft:stone_hoe":4,"minecraft:rotten_flesh":4,"minecraft:jungle_boat":1,"minecraft:iron_chestplate":1,"minecraft:torch":79,"minecraft:dirt":1,"minecraft:spyglass":52,"minecraft:crafting_table":5,"minecraft:jungle_planks":24,"minecraft:carrot":7,"minecraft:smoker":1,"born_in_chaos_v1:corpse_maggot":11,"minecraft:wooden_axe":110,"minecraft:iron_helmet":1,"minecraft:iron_boots":1,"minecraft:cobblestone":24,"minecraft:fishing_rod":48,"minecraft:stone_axe":113,"minecraft:bow":14,"born_in_chaos_v1:rotten_fish":5,"minecraft:furnace":3,"minecraft:cooked_cod":8,"minecraft:andesite":3,"alexsmobs:animal_dictionary":2,"minecraft:iron_leggings":1},"minecraft:broken":{"minecraft:stone_sword":1,"minecraft:wooden_axe":2,"minecraft:wooden_pickaxe":1},"minecraft:mined":{"minecraft:jungle_leaves":13,"minecraft:crafting_table":5,"minecraft:grass_block":1,"minecraft:jungle_log":189,"minecraft:copper_ore":4,"minecraft:wall_torch":4,"supplementaries:urn":6,"minecraft:furnace":1,"minecraft:iron_ore":41,"minecraft:wheat":10,"minecraft:coal_ore":63,"minecraft:oak_log":9,"minecraft:vine":4,"minecraft:stripped_jungle_log":1,"minecraft:stone":45,"minecraft:oak_leaves":5},"minecraft:picked_up":{"born_in_chaos_v1:corpse_maggot":15,"minecraft:charcoal":23,"minecraft:crafting_table":5,"minecraft:wheat":9,"minecraft:creeper_head":1,"minecraft:andesite":3,"minecraft:glow_ink_sac":1,"minecraft:salmon":8,"minecraft:jungle_log":231,"minecraft:wooden_pickaxe":1,"minecraft:chain":1,"minecraft:oak_log":18,"supplementaries:flax_seeds":1,"minecraft:horn_coral":1,"minecraft:iron_axe":2,"minecraft:string":28,"minecraft:dirt":1,"minecraft:raw_copper":16,"minecraft:iron_leggings":1,"minecraft:leather_boots":1,"minecraft:pufferfish":4,"minecraft:bone":6,"minecraft:bow":2,"minecraft:wheat_seeds":29,"minecraft:raw_gold":1,"minecraft:gold_nugget":30,"alexsmobs:banana":3,"alexsmobs:cockroach_wing_fragment":1,"improvableskills:scroll_normal":6,"minecraft:stone_pickaxe":1,"minecraft:iron_sword":1,"minecraft:furnace":1,"minecraft:egg":1,"minecraft:stick":7,"minecraft:raw_iron":41,"born_in_chaos_v1:phantom_powder":2,"minecraft:torch":12,"born_in_chaos_v1:ethereal_spirit":1,"minecraft:jungle_planks":283,"minecraft:amethyst_shard":6,"minecraft:ink_sac":2,"minecraft:carrot":1,"alexsmobs:animal_dictionary":1,"minecraft:stripped_jungle_log":1,"minecraft:stone_sword":1,"minecraft:arrow":38,"minecraft:rotten_flesh":8,"minecraft:slime_ball":1,"minecraft:tropical_fish":2,"minecraft:stone_axe":2,"minecraft:bone_meal":4,"supplementaries:ash":16,"born_in_chaos_v1:rotten_fish":9,"minecraft:coal":63,"minecraft:cod":15,"minecraft:skeleton_skull":1,"minecraft:cobblestone":128},"minecraft:crafted":{"minecraft:cooked_cod":12,"minecraft:fishing_rod":1,"minecraft:crafting_table":1,"minecraft:spyglass":4,"minecraft:jungle_boat":1,"minecraft:iron_helmet":1,"minecraft:wooden_pickaxe":1,"quark:jungle_chest":1,"minecraft:furnace":3,"minecraft:cooked_salmon":8,"minecraft:copper_ingot":12,"minecraft:stone_axe":2,"minecraft:jungle_planks":316,"minecraft:iron_boots":1,"minecraft:iron_chestplate":1,"minecraft:charcoal":24,"minecraft:shield":1,"minecraft:stick":56,"minecraft:iron_ingot":27,"minecraft:stone_pickaxe":3,"minecraft:wooden_axe":2,"minecraft:stone_sword":2,"minecraft:iron_leggings":1,"minecraft:torch":76,"minecraft:stone_hoe":1,"minecraft:smoker":1},"minecraft:killed":{"born_in_chaos_v1:barrel_zombie":1,"born_in_chaos_v1:restless_spirit":1,"born_in_chaos_v1:baby_skeleton":1,"minecraft:spider":3,"minecraft:slime":1,"born_in_chaos_v1:maggot":2,"minecraft:skeleton":4,"minecraft:zombie":4,"alexsmobs:cockroach":2,"born_in_chaos_v1:corpse_fly":7,"born_in_chaos_v1:corpse_fish":2},"minecraft:custom":{"minecraft:interact_with_furnace":27,"minecraft:mob_kills":28,"minecraft:interact_with_crafting_table":29,"minecraft:damage_dealt_resisted":50,"minecraft:leave_game":2,"minecraft:time_since_death":147406,"minecraft:climb_one_cm":10302,"minecraft:time_since_rest":147435,"minecraft:sprint_one_cm":45618,"minecraft:damage_taken":1820,"minecraft:walk_one_cm":443698,"minecraft:damage_blocked_by_shield":65,"minecraft:drop":11,"minecraft:damage_dealt":4320,"minecraft:swim_one_cm":30067,"minecraft:fly_one_cm":26170,"minecraft:open_chest":35,"minecraft:play_time":174415,"minecraft:crouch_one_cm":1256,"minecraft:sneak_time":3037,"minecraft:deaths":2,"minecraft:walk_under_water_one_cm":43302,"minecraft:jump":1049,"minecraft:walk_on_water_one_cm":32396,"minecraft:total_world_time":174415,"minecraft:interact_with_smoker":6,"minecraft:fish_caught":27,"minecraft:fall_one_cm":16435}},"DataVersion":3465}