{"stats":{"minecraft:dropped":{"minecraft:iron_ingot":2,"minecraft:iron_sword":1,"minecraft:diamond_axe":1,"minecraft:diamond":8,"minecraft:glow_berries":1,"born_in_chaos_v1:orbofthe_summoner":1,"minecraft:leather":1,"minecraft:stick":1,"minecraft:dirt":2,"minecraft:iron_leggings":1,"minecraft:chain":5,"minecraft:bone_meal":1,"minecraft:iron_axe":2,"minecraft:white_wool":2,"minecraft:tripwire_hook":2,"minecraft:stone_axe":2,"born_in_chaos_v1:smoked_flesh":2,"born_in_chaos_v1:spiritual_dust":3,"minecraft:carrot":1,"born_in_chaos_v1:seedof_chaos":1,"minecraft:leather_boots":1,"improvableskills:scroll_normal":1,"minecraft:wooden_pickaxe":1,"minecraft:stone_pickaxe":1,"minecraft:beef":1,"alexsmobs:banana":2},"minecraft:used":{"minecraft:stone_sword":391,"minecraft:tropical_fish":1,"minecraft:spruce_slab":1,"quark:jungle_chest":1,"minecraft:shield":102,"minecraft:iron_sword":281,"minecraft:cooked_salmon":8,"minecraft:rotten_flesh":4,"minecraft:stone_hoe":14,"minecraft:iron_chestplate":2,"minecraft:torch":140,"minecraft:dirt":22,"minecraft:spyglass":76,"minecraft:jungle_planks":37,"minecraft:carrot":8,"born_in_chaos_v1:corpse_maggot":21,"minecraft:wooden_axe":169,"born_in_chaos_v1:smoked_flesh":28,"minecraft:iron_helmet":1,"minecraft:iron_boots":1,"minecraft:bow":32,"minecraft:furnace":3,"minecraft:cooked_cod":12,"travelersbackpack:sponge":7,"minecraft:potato":2,"minecraft:egg":2,"minecraft:cooked_beef":7,"minecraft:iron_leggings":2,"minecraft:wheat_seeds":76,"minecraft:cooked_mutton":17,"minecraft:stone_pickaxe":158,"minecraft:wooden_pickaxe":95,"minecraft:white_wool":2,"minecraft:jungle_boat":1,"minecraft:crafting_table":10,"minecraft:cod":6,"minecraft:smoker":1,"minecraft:melon_slice":8,"minecraft:iron_pickaxe":4,"minecraft:bread":4,"minecraft:stone_axe":141,"minecraft:fishing_rod":82,"travelersbackpack:standard":1,"minecraft:cobblestone":27,"born_in_chaos_v1:rotten_fish":5,"minecraft:porkchop":4,"minecraft:andesite":3,"alexsmobs:animal_dictionary":2,"minecraft:bone_meal":7},"minecraft:broken":{"minecraft:stone_sword":2,"minecraft:wooden_pickaxe":1,"minecraft:shield":1,"minecraft:wooden_axe":3},"minecraft:mined":{"minecraft:jungle_leaves":15,"minecraft:potted_crimson_fungus":1,"minecraft:cave_vines_plant":1,"travelersbackpack:sponge":1,"minecraft:grass_block":12,"minecraft:jungle_planks":1,"born_in_chaos_v1:black_argillite":1,"minecraft:jungle_log":206,"minecraft:furnace":2,"minecraft:carrots":6,"minecraft:iron_ore":66,"minecraft:vine":13,"minecraft:stripped_jungle_log":1,"minecraft:stone":80,"minecraft:iron_block":2,"minecraft:white_wool":1,"minecraft:clay":1,"minecraft:crafting_table":10,"minecraft:torch":1,"minecraft:melon":2,"minecraft:copper_ore":4,"minecraft:tall_grass":16,"minecraft:lapis_ore":7,"minecraft:diorite":2,"minecraft:wall_torch":7,"supplementaries:urn":8,"minecraft:chain":1,"minecraft:wheat":59,"minecraft:pumpkin_stem":1,"minecraft:grass":54,"minecraft:coal_ore":86,"minecraft:oak_log":66,"minecraft:gravel":2,"minecraft:sand":12,"minecraft:dirt":9,"minecraft:cobweb":1,"minecraft:oak_leaves":17,"minecraft:fern":1},"minecraft:picked_up":{"minecraft:fishing_rod":1,"minecraft:charcoal":23,"minecraft:iron_chestplate":1,"minecraft:crafting_table":11,"minecraft:wheat":48,"minecraft:chicken":5,"minecraft:creeper_head":1,"minecraft:flower_pot":1,"born_in_chaos_v1:seedof_chaos":2,"minecraft:wooden_pickaxe":2,"minecraft:gold_block":1,"minecraft:chain":6,"minecraft:shield":2,"born_in_chaos_v1:black_argillite":1,"minecraft:string":32,"minecraft:raw_copper":16,"minecraft:iron_axe":2,"minecraft:cooked_salmon":3,"minecraft:iron_leggings":3,"born_in_chaos_v1:intoxicating_decoction":2,"minecraft:pufferfish":6,"minecraft:gold_nugget":30,"alexsmobs:banana":3,"improvableskills:scroll_normal":9,"minecraft:beef":14,"minecraft:iron_pickaxe":1,"minecraft:spruce_slab":1,"minecraft:melon_slice":8,"minecraft:phantom_membrane":3,"minecraft:furnace":2,"minecraft:iron_boots":1,"minecraft:egg":3,"minecraft:tipped_arrow":1,"minecraft:stick":16,"minecraft:raw_iron":76,"born_in_chaos_v1:phantom_powder":2,"minecraft:torch":97,"quark:jungle_chest":1,"minecraft:porkchop":4,"born_in_chaos_v1:charmof_endurance":2,"minecraft:carrot":14,"travelersbackpack:sponge":1,"minecraft:stone_sword":1,"minecraft:arrow":72,"minecraft:rotten_flesh":43,"minecraft:cooked_cod":2,"minecraft:tropical_fish":2,"minecraft:iron_block":2,"minecraft:gold_ingot":16,"supplementaries:ash":16,"minecraft:glow_berries":1,"minecraft:obsidian":1,"minecraft:mutton":13,"minecraft:cod":21,"minecraft:skeleton_skull":1,"minecraft:white_wool":8,"minecraft:cobblestone":206,"born_in_chaos_v1:corpse_maggot":26,"minecraft:feather":5,"minecraft:andesite":3,"born_in_chaos_v1:monster_flesh":3,"minecraft:glow_ink_sac":1,"born_in_chaos_v1:spiritual_dust":3,"minecraft:tripwire_hook":3,"minecraft:jungle_log":303,"minecraft:salmon":8,"minecraft:leather":12,"minecraft:potato":1,"minecraft:oak_log":77,"minecraft:lily_pad":1,"supplementaries:flax_seeds":1,"minecraft:gunpowder":5,"minecraft:horn_coral":1,"minecraft:lapis_lazuli":51,"minecraft:dirt":69,"minecraft:name_tag":1,"born_in_chaos_v1:monster_skin":1,"minecraft:cooked_mutton":10,"minecraft:leather_boots":3,"minecraft:bone":30,"minecraft:bow":4,"minecraft:wheat_seeds":155,"minecraft:raw_gold":1,"alexsmobs:cockroach_wing_fragment":1,"minecraft:iron_ingot":46,"minecraft:stone_pickaxe":3,"born_in_chaos_v1:chipped_black_argillite_brick":1,"minecraft:iron_sword":2,"minecraft:stone_hoe":1,"born_in_chaos_v1:orbofthe_summoner":1,"born_in_chaos_v1:ethereal_spirit":4,"minecraft:spyglass":1,"minecraft:sand":12,"minecraft:jungle_planks":310,"minecraft:amethyst_shard":6,"minecraft:ink_sac":2,"alexsmobs:animal_dictionary":2,"minecraft:stripped_jungle_log":1,"minecraft:slime_ball":1,"minecraft:diamond":1,"minecraft:stone_axe":2,"minecraft:iron_helmet":1,"minecraft:diamond_axe":1,"minecraft:bone_meal":7,"minecraft:oak_sapling":13,"born_in_chaos_v1:rotten_fish":19,"minecraft:coal":104},"minecraft:crafted":{"minecraft:oak_planks":228,"minecraft:fishing_rod":2,"minecraft:spyglass":4,"quark:jungle_chest":3,"minecraft:furnace":3,"minecraft:bone_meal":6,"minecraft:cooked_mutton":7,"minecraft:glass":12,"travelersbackpack:white_sleeping_bag":1,"minecraft:iron_boots":1,"minecraft:stone_pickaxe":4,"minecraft:stone_hoe":1,"minecraft:smoker":1,"minecraft:cooked_beef":7,"minecraft:cooked_cod":12,"minecraft:crafting_table":1,"minecraft:jungle_boat":1,"travelersbackpack:backpack_tank":2,"minecraft:iron_helmet":1,"minecraft:wooden_pickaxe":1,"travelersbackpack:standard":1,"minecraft:iron_sword":1,"minecraft:cooked_salmon":8,"minecraft:copper_ingot":12,"minecraft:stone_axe":3,"minecraft:bread":4,"minecraft:jungle_planks":344,"minecraft:iron_chestplate":1,"minecraft:shield":2,"minecraft:charcoal":24,"minecraft:stick":104,"born_in_chaos_v1:smoked_flesh":30,"minecraft:iron_ingot":53,"minecraft:iron_pickaxe":1,"minecraft:wooden_axe":3,"minecraft:stone_sword":3,"minecraft:iron_leggings":1,"minecraft:gold_ingot":1,"minecraft:torch":228},"minecraft:killed":{"born_in_chaos_v1:zombie_clown":1,"minecraft:cave_spider":1,"born_in_chaos_v1:restless_spirit":2,"minecraft:spider":5,"minecraft:slime":1,"born_in_chaos_v1:scarlet_persecutor":1,"born_in_chaos_v1:maggot":12,"minecraft:skeleton":7,"minecraft:horse":3,"minecraft:chicken":5,"minecraft:llama":1,"born_in_chaos_v1:corpse_fish":3,"born_in_chaos_v1:barrel_zombie":1,"born_in_chaos_v1:spiritof_chaos":1,"minecraft:pig":1,"minecraft:zombie_villager":1,"born_in_chaos_v1:baby_skeleton":1,"minecraft:creeper":1,"born_in_chaos_v1:decrepit_skeleton":2,"minecraft:sheep":6,"minecraft:pillager":1,"minecraft:zombie":15,"alexsmobs:cockroach":2,"born_in_chaos_v1:dread_hound":1,"born_in_chaos_v1:corpse_fly":7,"endofherobrine:cow":1,"minecraft:cow":7},"minecraft:custom":{"minecraft:interact_with_anvil":1,"minecraft:mob_kills":98,"minecraft:interact_with_campfire":4,"minecraft:interact_with_crafting_table":46,"minecraft:open_barrel":20,"minecraft:bell_ring":2,"minecraft:damage_dealt_resisted":169,"minecraft:leave_game":4,"minecraft:time_since_death":116954,"minecraft:climb_one_cm":39272,"minecraft:sprint_one_cm":478233,"minecraft:walk_one_cm":1520925,"minecraft:damage_blocked_by_shield":2120,"minecraft:drop":39,"minecraft:talked_to_villager":3,"minecraft:play_time":402025,"minecraft:sneak_time":5323,"minecraft:deaths":4,"minecraft:walk_under_water_one_cm":89571,"minecraft:boat_one_cm":102764,"minecraft:jump":3543,"minecraft:interact_with_brewingstand":2,"minecraft:interact_with_blast_furnace":8,"minecraft:walk_on_water_one_cm":82532,"minecraft:total_world_time":402025,"minecraft:interact_with_furnace":32,"minecraft:sleep_in_bed":2,"minecraft:time_since_rest":85669,"minecraft:damage_taken":6178,"minecraft:damage_dealt":14470,"minecraft:swim_one_cm":101163,"minecraft:fly_one_cm":191451,"minecraft:open_chest":110,"minecraft:crouch_one_cm":7468,"minecraft:fish_caught":35,"minecraft:interact_with_smoker":18,"minecraft:fall_one_cm":69790}},"DataVersion":3465}