{"stats":{"minecraft:dropped":{"alexsmobs:banana":2},"minecraft:used":{"minecraft:wheat_seeds":10,"minecraft:stone_sword":126,"minecraft:tropical_fish":1,"minecraft:stone_pickaxe":51,"minecraft:shield":2,"minecraft:wooden_pickaxe":59,"minecraft:stone_hoe":4,"minecraft:rotten_flesh":4,"minecraft:jungle_boat":1,"minecraft:iron_chestplate":1,"minecraft:torch":40,"minecraft:dirt":1,"minecraft:crafting_table":5,"minecraft:carrot":7,"born_in_chaos_v1:corpse_maggot":10,"minecraft:wooden_axe":110,"minecraft:stone_axe":108,"minecraft:bow":1,"born_in_chaos_v1:rotten_fish":5,"minecraft:furnace":2,"alexsmobs:animal_dictionary":1,"minecraft:iron_leggings":1},"minecraft:broken":{"minecraft:wooden_axe":2,"minecraft:wooden_pickaxe":1},"minecraft:mined":{"minecraft:jungle_leaves":13,"minecraft:crafting_table":5,"minecraft:grass_block":1,"minecraft:jungle_log":189,"minecraft:wall_torch":2,"supplementaries:urn":3,"minecraft:furnace":1,"minecraft:iron_ore":27,"minecraft:wheat":10,"minecraft:coal_ore":39,"minecraft:oak_log":9,"minecraft:vine":4,"minecraft:stripped_jungle_log":1,"minecraft:stone":40,"minecraft:oak_leaves":5},"minecraft:picked_up":{"minecraft:charcoal":23,"born_in_chaos_v1:corpse_maggot":15,"minecraft:crafting_table":5,"minecraft:wheat":9,"minecraft:andesite":1,"minecraft:glow_ink_sac":1,"minecraft:jungle_log":231,"minecraft:wooden_pickaxe":1,"minecraft:oak_log":18,"supplementaries:flax_seeds":1,"minecraft:horn_coral":1,"minecraft:string":1,"minecraft:dirt":1,"minecraft:bow":1,"minecraft:wheat_seeds":29,"alexsmobs:cockroach_wing_fragment":1,"alexsmobs:banana":3,"minecraft:raw_gold":1,"minecraft:stone_pickaxe":1,"minecraft:furnace":1,"minecraft:stick":7,"minecraft:raw_iron":27,"minecraft:torch":8,"minecraft:jungle_planks":283,"minecraft:amethyst_shard":6,"minecraft:ink_sac":2,"minecraft:carrot":1,"alexsmobs:animal_dictionary":1,"minecraft:stripped_jungle_log":1,"minecraft:rotten_flesh":6,"minecraft:stone_sword":1,"minecraft:arrow":34,"minecraft:tropical_fish":2,"minecraft:stone_axe":2,"minecraft:bone_meal":4,"supplementaries:ash":2,"born_in_chaos_v1:rotten_fish":9,"minecraft:coal":39,"minecraft:cobblestone":66},"minecraft:crafted":{"minecraft:crafting_table":1,"minecraft:jungle_boat":1,"minecraft:wooden_pickaxe":1,"minecraft:furnace":1,"minecraft:stone_axe":2,"minecraft:jungle_planks":316,"minecraft:iron_chestplate":1,"minecraft:charcoal":24,"minecraft:shield":1,"minecraft:stick":56,"minecraft:iron_ingot":18,"minecraft:stone_pickaxe":1,"minecraft:wooden_axe":2,"minecraft:stone_sword":1,"minecraft:iron_leggings":1,"minecraft:torch":44,"minecraft:stone_hoe":1},"minecraft:killed":{"born_in_chaos_v1:barrel_zombie":1,"minecraft:spider":1,"born_in_chaos_v1:maggot":2,"minecraft:skeleton":1,"alexsmobs:cockroach":1,"minecraft:zombie":3,"born_in_chaos_v1:corpse_fly":7,"born_in_chaos_v1:corpse_fish":2},"minecraft:custom":{"minecraft:interact_with_furnace":13,"minecraft:mob_kills":18,"minecraft:interact_with_crafting_table":14,"minecraft:damage_dealt_resisted":50,"minecraft:leave_game":1,"minecraft:time_since_death":46590,"minecraft:climb_one_cm":10302,"minecraft:time_since_rest":46619,"minecraft:sprint_one_cm":19504,"minecraft:damage_taken":1072,"minecraft:walk_one_cm":221733,"minecraft:damage_blocked_by_shield":65,"minecraft:drop":2,"minecraft:damage_dealt":2498,"minecraft:swim_one_cm":19724,"minecraft:fly_one_cm":12493,"minecraft:open_chest":21,"minecraft:crouch_one_cm":459,"minecraft:play_time":73599,"minecraft:deaths":2,"minecraft:sneak_time":2569,"minecraft:walk_under_water_one_cm":18044,"minecraft:jump":524,"minecraft:walk_on_water_one_cm":16301,"minecraft:total_world_time":73599,"minecraft:fall_one_cm":11850}},"DataVersion":3465}