{"stats":{"minecraft:broken":{"minecraft:stone_sword":2,"minecraft:wooden_pickaxe":1,"minecraft:wooden_axe":3},"minecraft:mined":{"minecraft:jungle_leaves":13,"minecraft:potted_crimson_fungus":1,"minecraft:grass_block":3,"minecraft:jungle_planks":1,"born_in_chaos_v1:black_argillite":1,"minecraft:jungle_log":189,"minecraft:furnace":2,"minecraft:carrots":6,"minecraft:iron_ore":64,"minecraft:vine":4,"minecraft:stripped_jungle_log":1,"minecraft:stone":47,"minecraft:iron_block":2,"minecraft:crafting_table":8,"minecraft:torch":1,"minecraft:tall_grass":15,"minecraft:copper_ore":4,"minecraft:lapis_ore":7,"minecraft:diorite":2,"minecraft:wall_torch":4,"supplementaries:urn":8,"minecraft:chain":1,"minecraft:wheat":59,"minecraft:pumpkin_stem":1,"minecraft:grass":44,"minecraft:oak_log":66,"minecraft:coal_ore":86,"minecraft:sand":12,"minecraft:cobweb":1,"minecraft:oak_leaves":11},"minecraft:used":{"minecraft:stone_sword":263,"minecraft:tropical_fish":1,"quark:jungle_chest":1,"minecraft:shield":4,"minecraft:iron_sword":281,"minecraft:cooked_salmon":8,"minecraft:rotten_flesh":4,"minecraft:stone_hoe":14,"minecraft:iron_chestplate":2,"minecraft:torch":119,"minecraft:dirt":7,"minecraft:spyglass":69,"minecraft:jungle_planks":37,"minecraft:carrot":8,"born_in_chaos_v1:corpse_maggot":18,"minecraft:wooden_axe":169,"minecraft:iron_helmet":1,"minecraft:iron_boots":1,"minecraft:bow":32,"minecraft:furnace":3,"minecraft:cooked_cod":12,"minecraft:egg":2,"minecraft:cooked_beef":7,"minecraft:iron_leggings":1,"minecraft:wheat_seeds":76,"minecraft:cooked_mutton":7,"minecraft:stone_pickaxe":156,"minecraft:wooden_pickaxe":62,"minecraft:jungle_boat":1,"minecraft:crafting_table":7,"minecraft:smoker":1,"minecraft:bread":3,"minecraft:iron_pickaxe":4,"minecraft:stone_axe":113,"minecraft:fishing_rod":48,"minecraft:cobblestone":24,"born_in_chaos_v1:rotten_fish":5,"travelersbackpack:standard":1,"minecraft:andesite":3,"alexsmobs:animal_dictionary":2,"minecraft:bone_meal":7},"minecraft:killed":{"born_in_chaos_v1:zombie_clown":1,"born_in_chaos_v1:restless_spirit":2,"minecraft:spider":4,"minecraft:slime":1,"born_in_chaos_v1:scarlet_persecutor":1,"born_in_chaos_v1:maggot":9,"minecraft:skeleton":6,"minecraft:horse":3,"minecraft:chicken":5,"minecraft:llama":1,"born_in_chaos_v1:corpse_fish":2,"born_in_chaos_v1:barrel_zombie":1,"born_in_chaos_v1:baby_skeleton":1,"born_in_chaos_v1:decrepit_skeleton":1,"minecraft:sheep":5,"minecraft:zombie":11,"alexsmobs:cockroach":2,"born_in_chaos_v1:dread_hound":1,"born_in_chaos_v1:corpse_fly":7,"endofherobrine:cow":1,"minecraft:cow":7},"minecraft:dropped":{"minecraft:iron_ingot":2,"minecraft:iron_sword":1,"minecraft:diamond_axe":1,"minecraft:diamond":8,"born_in_chaos_v1:orbofthe_summoner":1,"minecraft:leather":1,"minecraft:stick":1,"minecraft:iron_leggings":1,"minecraft:chain":5,"minecraft:bone_meal":1,"minecraft:iron_axe":2,"minecraft:tripwire_hook":2,"minecraft:stone_axe":2,"born_in_chaos_v1:spiritual_dust":3,"minecraft:carrot":1,"born_in_chaos_v1:seedof_chaos":1,"minecraft:leather_boots":1,"improvableskills:scroll_normal":1,"minecraft:stone_pickaxe":1,"minecraft:beef":1,"minecraft:wooden_pickaxe":1,"alexsmobs:banana":2},"minecraft:crafted":{"minecraft:oak_planks":8,"minecraft:fishing_rod":1,"minecraft:spyglass":4,"quark:jungle_chest":3,"minecraft:furnace":3,"minecraft:bone_meal":6,"minecraft:cooked_mutton":7,"minecraft:glass":12,"travelersbackpack:white_sleeping_bag":1,"minecraft:iron_boots":1,"minecraft:stone_pickaxe":3,"minecraft:stone_hoe":1,"minecraft:smoker":1,"minecraft:cooked_beef":7,"minecraft:cooked_cod":12,"minecraft:crafting_table":1,"minecraft:jungle_boat":1,"travelersbackpack:backpack_tank":2,"minecraft:iron_helmet":1,"minecraft:wooden_pickaxe":1,"travelersbackpack:standard":1,"minecraft:iron_sword":1,"minecraft:cooked_salmon":8,"minecraft:copper_ingot":12,"minecraft:stone_axe":2,"minecraft:bread":4,"minecraft:jungle_planks":344,"minecraft:iron_chestplate":1,"minecraft:shield":1,"minecraft:charcoal":24,"minecraft:stick":64,"minecraft:iron_ingot":53,"minecraft:iron_pickaxe":1,"minecraft:wooden_axe":3,"minecraft:stone_sword":2,"minecraft:iron_leggings":1,"minecraft:gold_ingot":1,"minecraft:torch":156},"minecraft:custom":{"minecraft:interact_with_anvil":1,"minecraft:mob_kills":80,"minecraft:interact_with_crafting_table":42,"minecraft:open_barrel":15,"minecraft:bell_ring":2,"minecraft:damage_dealt_resisted":150,"minecraft:leave_game":3,"minecraft:time_since_death":18213,"minecraft:climb_one_cm":14124,"minecraft:sprint_one_cm":249923,"minecraft:walk_one_cm":1108736,"minecraft:damage_blocked_by_shield":310,"minecraft:drop":32,"minecraft:play_time":303284,"minecraft:sneak_time":4095,"minecraft:deaths":4,"minecraft:walk_under_water_one_cm":67549,"minecraft:boat_one_cm":65385,"minecraft:jump":2223,"minecraft:interact_with_brewingstand":2,"minecraft:interact_with_blast_furnace":5,"minecraft:walk_on_water_one_cm":68287,"minecraft:total_world_time":303284,"minecraft:interact_with_furnace":32,"minecraft:sleep_in_bed":1,"minecraft:time_since_rest":18521,"minecraft:damage_taken":3951,"minecraft:damage_dealt":10959,"minecraft:swim_one_cm":51114,"minecraft:fly_one_cm":112054,"minecraft:open_chest":72,"minecraft:crouch_one_cm":5352,"minecraft:fish_caught":27,"minecraft:interact_with_smoker":11,"minecraft:fall_one_cm":32899},"minecraft:picked_up":{"minecraft:fishing_rod":1,"minecraft:charcoal":23,"minecraft:crafting_table":9,"minecraft:iron_chestplate":1,"minecraft:wheat":48,"minecraft:chicken":5,"minecraft:creeper_head":1,"minecraft:flower_pot":1,"born_in_chaos_v1:seedof_chaos":1,"minecraft:wooden_pickaxe":2,"minecraft:gold_block":1,"minecraft:chain":6,"minecraft:shield":2,"born_in_chaos_v1:black_argillite":1,"minecraft:string":29,"minecraft:raw_copper":16,"minecraft:iron_axe":2,"minecraft:cooked_salmon":3,"minecraft:iron_leggings":2,"born_in_chaos_v1:intoxicating_decoction":2,"minecraft:pufferfish":4,"minecraft:gold_nugget":30,"alexsmobs:banana":3,"improvableskills:scroll_normal":7,"minecraft:beef":14,"minecraft:iron_pickaxe":1,"minecraft:furnace":2,"minecraft:iron_boots":1,"minecraft:egg":1,"minecraft:tipped_arrow":1,"minecraft:stick":16,"minecraft:raw_iron":74,"born_in_chaos_v1:phantom_powder":2,"minecraft:torch":94,"quark:jungle_chest":1,"minecraft:carrot":14,"minecraft:stone_sword":1,"minecraft:arrow":72,"minecraft:rotten_flesh":25,"minecraft:cooked_cod":2,"minecraft:tropical_fish":2,"minecraft:iron_block":2,"minecraft:gold_ingot":16,"supplementaries:ash":16,"minecraft:obsidian":1,"minecraft:mutton":9,"minecraft:cod":15,"minecraft:skeleton_skull":1,"minecraft:white_wool":4,"minecraft:cobblestone":173,"born_in_chaos_v1:corpse_maggot":22,"minecraft:feather":5,"born_in_chaos_v1:monster_flesh":1,"minecraft:andesite":3,"minecraft:glow_ink_sac":1,"born_in_chaos_v1:spiritual_dust":3,"minecraft:tripwire_hook":3,"minecraft:salmon":8,"minecraft:jungle_log":286,"minecraft:leather":11,"minecraft:oak_log":75,"supplementaries:flax_seeds":1,"minecraft:horn_coral":1,"minecraft:gunpowder":2,"minecraft:lapis_lazuli":51,"minecraft:dirt":50,"minecraft:name_tag":1,"born_in_chaos_v1:monster_skin":1,"minecraft:leather_boots":3,"minecraft:bone":28,"minecraft:bow":4,"minecraft:wheat_seeds":150,"minecraft:raw_gold":1,"alexsmobs:cockroach_wing_fragment":1,"minecraft:iron_ingot":45,"minecraft:stone_pickaxe":3,"minecraft:stone_hoe":1,"minecraft:iron_sword":2,"born_in_chaos_v1:orbofthe_summoner":1,"born_in_chaos_v1:ethereal_spirit":3,"minecraft:spyglass":1,"minecraft:sand":12,"minecraft:jungle_planks":310,"minecraft:amethyst_shard":6,"minecraft:ink_sac":2,"alexsmobs:animal_dictionary":2,"minecraft:stripped_jungle_log":1,"minecraft:slime_ball":1,"minecraft:diamond":1,"minecraft:stone_axe":2,"minecraft:iron_helmet":1,"minecraft:diamond_axe":1,"minecraft:bone_meal":7,"minecraft:oak_sapling":13,"born_in_chaos_v1:rotten_fish":19,"minecraft:coal":104}},"DataVersion":3465}