{"stats":{"minecraft:used":{"minecraft:wooden_axe":110,"minecraft:stone_sword":5,"minecraft:stone_pickaxe":1,"minecraft:wooden_pickaxe":38,"minecraft:torch":2,"minecraft:stone_axe":107,"minecraft:dirt":1,"born_in_chaos_v1:rotten_fish":2,"minecraft:crafting_table":4,"minecraft:furnace":1,"alexsmobs:animal_dictionary":1},"minecraft:mined":{"minecraft:furnace":1,"minecraft:jungle_leaves":13,"minecraft:crafting_table":4,"minecraft:grass_block":1,"minecraft:oak_log":9,"minecraft:vine":4,"minecraft:jungle_log":189,"minecraft:stripped_jungle_log":1,"minecraft:stone":37,"minecraft:oak_leaves":5},"minecraft:broken":{"minecraft:wooden_axe":2},"minecraft:picked_up":{"minecraft:charcoal":23,"born_in_chaos_v1:corpse_maggot":8,"minecraft:stick":7,"minecraft:crafting_table":4,"minecraft:glow_ink_sac":1,"minecraft:jungle_log":231,"minecraft:wooden_pickaxe":1,"minecraft:jungle_planks":283,"minecraft:oak_log":18,"alexsmobs:animal_dictionary":1,"minecraft:dirt":1,"minecraft:stone_sword":1,"minecraft:stone_axe":2,"minecraft:stripped_jungle_log":1,"minecraft:arrow":32,"minecraft:rotten_flesh":2,"minecraft:tropical_fish":2,"minecraft:bow":1,"minecraft:wheat_seeds":2,"alexsmobs:banana":2,"minecraft:stone_pickaxe":1,"minecraft:bone_meal":4,"supplementaries:ash":2,"born_in_chaos_v1:rotten_fish":8,"minecraft:cobblestone":55,"minecraft:furnace":1},"minecraft:killed":{"born_in_chaos_v1:corpse_fly":2,"born_in_chaos_v1:corpse_fish":1},"minecraft:crafted":{"minecraft:charcoal":24,"minecraft:crafting_table":1,"minecraft:stick":8,"minecraft:wooden_pickaxe":1,"minecraft:stone_pickaxe":1,"minecraft:wooden_axe":2,"minecraft:stone_sword":1,"minecraft:furnace":1,"minecraft:torch":4,"minecraft:stone_axe":2,"minecraft:jungle_planks":316},"minecraft:custom":{"minecraft:time_since_rest":10195,"minecraft:interact_with_furnace":6,"minecraft:sprint_one_cm":8281,"minecraft:damage_taken":720,"minecraft:walk_one_cm":68965,"minecraft:mob_kills":3,"minecraft:damage_dealt":420,"minecraft:interact_with_crafting_table":8,"minecraft:swim_one_cm":19724,"minecraft:fly_one_cm":5090,"minecraft:crouch_one_cm":407,"minecraft:play_time":37175,"minecraft:deaths":2,"minecraft:sneak_time":1427,"minecraft:walk_under_water_one_cm":16843,"minecraft:jump":200,"minecraft:time_since_death":10166,"minecraft:walk_on_water_one_cm":10169,"minecraft:climb_one_cm":10302,"minecraft:total_world_time":37175,"minecraft:fall_one_cm":8287}},"DataVersion":3465}