{"stats":{"minecraft:dropped":{"minecraft:iron_ingot":2,"improvableskills:scroll_normal":1,"minecraft:stone_pickaxe":1,"alexsmobs:banana":2},"minecraft:used":{"minecraft:wheat_seeds":10,"minecraft:stone_sword":132,"minecraft:tropical_fish":1,"minecraft:stone_pickaxe":58,"quark:jungle_chest":1,"minecraft:shield":2,"minecraft:wooden_pickaxe":59,"minecraft:stone_hoe":4,"minecraft:rotten_flesh":4,"minecraft:jungle_boat":1,"minecraft:iron_chestplate":1,"minecraft:torch":47,"minecraft:dirt":1,"minecraft:spyglass":42,"minecraft:crafting_table":5,"minecraft:carrot":7,"born_in_chaos_v1:corpse_maggot":11,"minecraft:wooden_axe":110,"minecraft:iron_helmet":1,"minecraft:iron_boots":1,"minecraft:fishing_rod":7,"minecraft:stone_axe":113,"minecraft:bow":5,"born_in_chaos_v1:rotten_fish":5,"minecraft:furnace":3,"minecraft:andesite":1,"alexsmobs:animal_dictionary":2,"minecraft:iron_leggings":1},"minecraft:broken":{"minecraft:stone_sword":1,"minecraft:wooden_axe":2,"minecraft:wooden_pickaxe":1},"minecraft:mined":{"minecraft:jungle_leaves":13,"minecraft:crafting_table":5,"minecraft:grass_block":1,"minecraft:jungle_log":189,"minecraft:copper_ore":4,"minecraft:wall_torch":3,"supplementaries:urn":3,"minecraft:furnace":1,"minecraft:iron_ore":27,"minecraft:wheat":10,"minecraft:coal_ore":40,"minecraft:oak_log":9,"minecraft:vine":4,"minecraft:stripped_jungle_log":1,"minecraft:stone":42,"minecraft:oak_leaves":5},"minecraft:picked_up":{"minecraft:charcoal":23,"born_in_chaos_v1:corpse_maggot":15,"minecraft:crafting_table":5,"minecraft:wheat":9,"minecraft:creeper_head":1,"minecraft:andesite":1,"minecraft:glow_ink_sac":1,"minecraft:jungle_log":231,"minecraft:wooden_pickaxe":1,"minecraft:oak_log":18,"supplementaries:flax_seeds":1,"minecraft:horn_coral":1,"minecraft:string":3,"minecraft:dirt":1,"minecraft:raw_copper":16,"minecraft:leather_boots":1,"minecraft:bone":2,"minecraft:bow":1,"minecraft:wheat_seeds":29,"alexsmobs:cockroach_wing_fragment":1,"alexsmobs:banana":3,"minecraft:raw_gold":1,"improvableskills:scroll_normal":2,"minecraft:stone_pickaxe":1,"minecraft:furnace":1,"minecraft:stick":7,"minecraft:raw_iron":27,"minecraft:torch":9,"minecraft:jungle_planks":283,"minecraft:amethyst_shard":6,"minecraft:ink_sac":2,"minecraft:carrot":1,"alexsmobs:animal_dictionary":1,"minecraft:stripped_jungle_log":1,"minecraft:rotten_flesh":6,"minecraft:stone_sword":1,"minecraft:arrow":35,"minecraft:slime_ball":1,"minecraft:tropical_fish":2,"minecraft:stone_axe":2,"minecraft:bone_meal":4,"supplementaries:ash":2,"born_in_chaos_v1:rotten_fish":9,"minecraft:cod":2,"minecraft:skeleton_skull":1,"minecraft:coal":40,"minecraft:cobblestone":66},"minecraft:crafted":{"minecraft:fishing_rod":1,"minecraft:spyglass":4,"minecraft:crafting_table":1,"minecraft:jungle_boat":1,"minecraft:iron_helmet":1,"minecraft:wooden_pickaxe":1,"quark:jungle_chest":1,"minecraft:furnace":2,"minecraft:copper_ingot":12,"minecraft:stone_axe":2,"minecraft:jungle_planks":316,"minecraft:iron_boots":1,"minecraft:iron_chestplate":1,"minecraft:charcoal":24,"minecraft:shield":1,"minecraft:stick":56,"minecraft:iron_ingot":27,"minecraft:stone_pickaxe":3,"minecraft:wooden_axe":2,"minecraft:stone_sword":2,"minecraft:iron_leggings":1,"minecraft:torch":44,"minecraft:stone_hoe":1},"minecraft:killed":{"born_in_chaos_v1:barrel_zombie":1,"minecraft:spider":2,"minecraft:slime":1,"born_in_chaos_v1:maggot":2,"minecraft:skeleton":2,"alexsmobs:cockroach":1,"minecraft:zombie":3,"born_in_chaos_v1:corpse_fly":7,"born_in_chaos_v1:corpse_fish":2},"minecraft:custom":{"minecraft:interact_with_furnace":27,"minecraft:mob_kills":21,"minecraft:interact_with_crafting_table":27,"minecraft:damage_dealt_resisted":50,"minecraft:leave_game":1,"minecraft:time_since_death":100590,"minecraft:climb_one_cm":10302,"minecraft:time_since_rest":100619,"minecraft:sprint_one_cm":20879,"minecraft:damage_taken":1135,"minecraft:walk_one_cm":338877,"minecraft:damage_blocked_by_shield":65,"minecraft:drop":5,"minecraft:damage_dealt":2647,"minecraft:swim_one_cm":22010,"minecraft:fly_one_cm":14778,"minecraft:open_chest":33,"minecraft:crouch_one_cm":459,"minecraft:play_time":127599,"minecraft:deaths":2,"minecraft:sneak_time":2569,"minecraft:walk_under_water_one_cm":22492,"minecraft:jump":693,"minecraft:walk_on_water_one_cm":19740,"minecraft:total_world_time":127599,"minecraft:fish_caught":2,"minecraft:fall_one_cm":12326}},"DataVersion":3465}