{"stats":{"minecraft:used":{"minecraft:wooden_axe":110,"minecraft:stone_sword":5,"minecraft:wooden_pickaxe":38,"minecraft:stone_axe":78,"minecraft:dirt":1,"born_in_chaos_v1:rotten_fish":2,"minecraft:crafting_table":4,"minecraft:furnace":1,"alexsmobs:animal_dictionary":1},"minecraft:mined":{"minecraft:jungle_leaves":13,"minecraft:crafting_table":3,"minecraft:grass_block":1,"minecraft:oak_log":9,"minecraft:vine":3,"minecraft:jungle_log":163,"minecraft:stripped_jungle_log":1,"minecraft:stone":37,"minecraft:oak_leaves":5},"minecraft:broken":{"minecraft:wooden_axe":2},"minecraft:picked_up":{"born_in_chaos_v1:corpse_maggot":4,"minecraft:stick":6,"minecraft:crafting_table":3,"minecraft:jungle_log":156,"minecraft:oak_log":9,"minecraft:dirt":1,"minecraft:stripped_jungle_log":1,"minecraft:rotten_flesh":1,"minecraft:tropical_fish":1,"alexsmobs:banana":1,"minecraft:bone_meal":1,"supplementaries:ash":1,"born_in_chaos_v1:rotten_fish":3,"minecraft:cobblestone":37},"minecraft:killed":{"born_in_chaos_v1:corpse_fly":2,"born_in_chaos_v1:corpse_fish":1},"minecraft:crafted":{"minecraft:charcoal":24,"minecraft:crafting_table":1,"minecraft:stick":8,"minecraft:wooden_pickaxe":1,"minecraft:stone_pickaxe":1,"minecraft:wooden_axe":2,"minecraft:stone_sword":1,"minecraft:furnace":1,"minecraft:stone_axe":2,"minecraft:jungle_planks":316},"minecraft:custom":{"minecraft:time_since_rest":25175,"minecraft:interact_with_furnace":5,"minecraft:sprint_one_cm":2019,"minecraft:damage_taken":300,"minecraft:walk_one_cm":48413,"minecraft:mob_kills":3,"minecraft:damage_dealt":321,"minecraft:interact_with_crafting_table":8,"minecraft:swim_one_cm":6148,"minecraft:fly_one_cm":1650,"minecraft:crouch_one_cm":407,"minecraft:play_time":25175,"minecraft:sneak_time":1388,"minecraft:walk_under_water_one_cm":15579,"minecraft:jump":127,"minecraft:time_since_death":25175,"minecraft:walk_on_water_one_cm":5532,"minecraft:climb_one_cm":4923,"minecraft:total_world_time":25175,"minecraft:fall_one_cm":2188}},"DataVersion":3465}