{"stats":{"minecraft:used":{"minecraft:wooden_axe":40,"minecraft:crafting_table":1,"alexsmobs:animal_dictionary":1,"minecraft:diamond_axe":65},"minecraft:mined":{"minecraft:grass":1,"minecraft:vine":2,"minecraft:jungle_log":87,"minecraft:bamboo":2,"minecraft:jungle_leaves":18,"minecraft:crafting_table":1},"minecraft:killed":{"born_in_chaos_v1:scarlet_persecutor":2},"minecraft:crafted":{"minecraft:crafting_table":1,"minecraft:stick":4,"minecraft:jungle_planks":12,"minecraft:wooden_axe":1},"minecraft:custom":{"minecraft:time_since_rest":17625,"minecraft:crouch_one_cm":3515,"minecraft:sprint_one_cm":8603,"minecraft:play_time":17625,"minecraft:damage_taken":106,"minecraft:walk_one_cm":24519,"minecraft:sneak_time":2200,"minecraft:mob_kills":2,"minecraft:damage_dealt_resisted":32,"minecraft:jump":88,"minecraft:damage_dealt":354,"minecraft:time_since_death":17625,"minecraft:leave_game":1,"minecraft:climb_one_cm":5087,"minecraft:total_world_time":17625,"minecraft:interact_with_crafting_table":1,"minecraft:fall_one_cm":1785,"minecraft:fly_one_cm":9865},"minecraft:picked_up":{"minecraft:stick":4,"minecraft:crafting_table":1,"minecraft:rotten_flesh":1,"minecraft:jungle_log":80,"minecraft:wheat_seeds":1,"minecraft:diamond_axe":1,"minecraft:jungle_sapling":4,"minecraft:gunpowder":2,"minecraft:bamboo":11,"minecraft:dark_oak_log":2}},"DataVersion":3465}