{"stats":{"minecraft:dropped":{"minecraft:gunpowder":2,"minecraft:brown_wool":1,"minecraft:chain":1,"minecraft:black_wool":1},"minecraft:used":{"minecraft:stone_pickaxe":22,"quark:jungle_chest":1,"quark:hollow_birch_log":1,"quark:forgotten_hat":1,"minecraft:diamond_axe":133,"minecraft:rotten_flesh":3,"minecraft:spyglass":30,"minecraft:crafting_table":2,"minecraft:jungle_planks":6,"minecraft:carrot":1,"born_in_chaos_v1:holiday_candy":14,"born_in_chaos_v1:corpse_maggot":3,"minecraft:wooden_axe":42,"minecraft:bread":3,"minecraft:melon_slice":11,"minecraft:cobblestone":5,"alexsmobs:animal_dictionary":1,"minecraft:oak_boat":1},"minecraft:mined":{"minecraft:jungle_leaves":18,"minecraft:crafting_table":2,"minecraft:melon":2,"minecraft:jungle_planks":6,"minecraft:jungle_log":87,"minecraft:cobblestone":5,"minecraft:sugar_cane":4,"quark:hollow_birch_log":5,"minecraft:grass":8,"minecraft:oak_log":11,"minecraft:coal_ore":9,"minecraft:vine":3,"minecraft:bamboo":3,"minecraft:stone":8,"minecraft:oak_leaves":6},"minecraft:picked_up":{"born_in_chaos_v1:corpse_maggot":3,"minecraft:iron_chestplate":1,"minecraft:crafting_table":2,"minecraft:wheat":10,"minecraft:feather":2,"minecraft:chicken":1,"minecraft:jungle_log":80,"minecraft:brown_wool":1,"minecraft:leather":2,"minecraft:oak_log":11,"minecraft:chain":1,"minecraft:gunpowder":2,"born_in_chaos_v1:holiday_candy":14,"minecraft:bone":5,"minecraft:bow":1,"minecraft:wheat_seeds":17,"minecraft:oak_boat":1,"minecraft:jungle_sapling":4,"minecraft:bamboo":15,"minecraft:melon_slice":11,"minecraft:sugar_cane":3,"minecraft:egg":1,"minecraft:stick":4,"minecraft:spyglass":1,"minecraft:jungle_planks":6,"minecraft:dark_oak_log":2,"minecraft:arrow":53,"minecraft:rotten_flesh":3,"improvableskills:skills_book":1,"minecraft:diamond_axe":1,"quark:hollow_birch_log":5,"supplementaries:ash":1,"minecraft:mutton":5,"minecraft:black_wool":1,"minecraft:coal":9,"minecraft:white_wool":1,"minecraft:cobblestone":13,"minecraft:ender_pearl":1},"minecraft:killed":{"born_in_chaos_v1:restless_spirit":1,"born_in_chaos_v1:pumpkin_spirit":1,"born_in_chaos_v1:decrepit_skeleton":2,"born_in_chaos_v1:scarlet_persecutor":2,"minecraft:sheep":3,"minecraft:skeleton":1,"minecraft:chicken":1,"born_in_chaos_v1:corpse_fly":8,"minecraft:llama":2,"minecraft:enderman":1},"minecraft:crafted":{"minecraft:golden_carrot":2,"minecraft:oak_planks":8,"minecraft:crafting_table":1,"minecraft:cooked_chicken":1,"quark:jungle_chest":1,"minecraft:golden_pickaxe":1,"minecraft:cooked_salmon":2,"minecraft:air":0,"minecraft:cooked_mutton":5,"minecraft:bread":4,"minecraft:jungle_planks":24,"minecraft:oak_boat":1,"minecraft:stick":4,"minecraft:wooden_axe":1},"minecraft:custom":{"minecraft:interact_with_furnace":5,"minecraft:mob_kills":23,"minecraft:interact_with_anvil":2,"minecraft:interact_with_crafting_table":9,"minecraft:interact_with_cartography_table":1,"minecraft:open_barrel":4,"minecraft:damage_dealt_resisted":32,"minecraft:leave_game":2,"minecraft:time_since_death":61023,"minecraft:sleep_in_bed":2,"minecraft:climb_one_cm":6605,"minecraft:time_since_rest":11913,"minecraft:sprint_one_cm":104196,"minecraft:damage_taken":891,"minecraft:walk_one_cm":107811,"minecraft:drop":4,"minecraft:damage_dealt":3725,"minecraft:swim_one_cm":10284,"minecraft:fly_one_cm":177181,"minecraft:open_chest":51,"minecraft:crouch_one_cm":6772,"minecraft:play_time":61023,"minecraft:sneak_time":3135,"minecraft:walk_under_water_one_cm":1265,"minecraft:boat_one_cm":29519,"minecraft:jump":1108,"minecraft:interact_with_blast_furnace":2,"minecraft:walk_on_water_one_cm":3079,"minecraft:total_world_time":61023,"minecraft:fall_one_cm":37520}},"DataVersion":3465}