{"stats":{"minecraft:dropped":{"minecraft:diamond_axe":1,"minecraft:oak_log":1,"minecraft:feather":5,"minecraft:stick":4,"born_in_chaos_v1:phantom_powder":2,"minecraft:melon_slice":11,"minecraft:brown_wool":1,"minecraft:cooked_salmon":1,"minecraft:chain":1,"minecraft:pumpkin":2,"minecraft:string":4,"minecraft:raw_copper":2,"minecraft:wheat":1,"born_in_chaos_v1:ethereal_spirit":1,"minecraft:chicken":1,"minecraft:rotten_flesh":9,"improvableskills:skills_book":1,"minecraft:poppy":2,"supplementaries:flax_seeds":3,"minecraft:gunpowder":2,"minecraft:iron_chestplate":1,"minecraft:beetroot_seeds":1,"born_in_chaos_v1:corpse_maggot":1,"minecraft:spider_eye":2,"minecraft:black_wool":1,"minecraft:egg":1},"minecraft:used":{"minecraft:cherry_sapling":1,"quark:jungle_chest":1,"minecraft:creeper_head":2,"minecraft:cooked_salmon":1,"minecraft:cooked_chicken":5,"minecraft:rotten_flesh":3,"minecraft:torch":2,"minecraft:dirt":11,"minecraft:spyglass":30,"minecraft:jungle_planks":13,"minecraft:carrot":1,"minecraft:jungle_sapling":4,"born_in_chaos_v1:corpse_maggot":3,"minecraft:wooden_axe":42,"minecraft:jungle_log":2,"minecraft:golden_carrot":2,"minecraft:magma_block":1,"minecraft:oak_sapling":1,"minecraft:furnace":2,"minecraft:dark_oak_sapling":5,"minecraft:wheat_seeds":1,"minecraft:cooked_mutton":10,"minecraft:water_bucket":4,"minecraft:stone_pickaxe":70,"minecraft:oak_planks":16,"quark:forgotten_hat":1,"quark:hollow_birch_log":1,"minecraft:diamond_axe":402,"born_in_chaos_v1:stimulating_decoction":1,"minecraft:oak_slab":8,"minecraft:crafting_table":5,"minecraft:mushroom_stew":1,"born_in_chaos_v1:holiday_candy":14,"minecraft:melon_slice":22,"minecraft:bread":11,"minecraft:cobblestone":17,"minecraft:cooked_porkchop":2,"minecraft:bucket":5,"quark:oak_chest":5,"minecraft:oak_boat":5,"alexsmobs:animal_dictionary":1,"minecraft:bone_meal":89,"minecraft:golden_pickaxe":32},"minecraft:broken":{"minecraft:golden_pickaxe":1},"minecraft:mined":{"minecraft:dark_oak_leaves":9,"minecraft:candle":6,"minecraft:cherry_log":20,"minecraft:jungle_leaves":18,"minecraft:dark_oak_log":44,"minecraft:jungle_planks":10,"minecraft:jungle_log":87,"minecraft:spawner":5,"minecraft:hay_block":48,"quark:hollow_birch_log":5,"minecraft:magma_block":1,"minecraft:iron_ore":10,"minecraft:pumpkin":9,"minecraft:vine":3,"minecraft:lantern":1,"minecraft:bamboo":3,"minecraft:stone":39,"minecraft:oak_slab":2,"quark:oak_chest":1,"minecraft:crafting_table":4,"minecraft:melon":2,"minecraft:tall_grass":2,"minecraft:copper_ore":1,"minecraft:cobblestone":5,"minecraft:sugar_cane":4,"minecraft:pink_petals":49,"supplementaries:urn":2,"minecraft:creeper_head":1,"minecraft:birch_leaves":1,"minecraft:grass":43,"minecraft:oak_log":21,"minecraft:coal_ore":9,"minecraft:dark_oak_sapling":3,"minecraft:cherry_leaves":8,"quark:hollow_oak_log":4,"minecraft:oak_leaves":13},"minecraft:picked_up":{"minecraft:crafting_table":4,"minecraft:iron_chestplate":2,"minecraft:wheat":10,"minecraft:chicken":6,"minecraft:creeper_head":2,"quark:hollow_oak_log":4,"minecraft:chain":1,"born_in_chaos_v1:holiday_candy":14,"minecraft:string":13,"minecraft:raw_copper":2,"born_in_chaos_v1:intoxicating_decoction":2,"minecraft:beetroot":1,"minecraft:candle":13,"minecraft:bucket":1,"minecraft:beef":5,"minecraft:oak_boat":7,"minecraft:jungle_sapling":8,"minecraft:poppy":2,"born_in_chaos_v1:stimulating_decoction":2,"minecraft:melon_slice":33,"minecraft:sugar_cane":3,"minecraft:egg":2,"minecraft:dark_oak_sapling":5,"minecraft:stick":5,"minecraft:raw_iron":22,"born_in_chaos_v1:shattered_skull":4,"born_in_chaos_v1:phantom_powder":2,"minecraft:torch":28,"minecraft:porkchop":4,"minecraft:cherry_log":20,"minecraft:carrot":10,"minecraft:arrow":68,"minecraft:rotten_flesh":13,"minecraft:beetroot_seeds":1,"minecraft:hay_block":48,"supplementaries:ash":4,"minecraft:mutton":17,"minecraft:white_wool":8,"minecraft:cobblestone":53,"minecraft:pink_petals":72,"born_in_chaos_v1:corpse_maggot":6,"minecraft:magma_block":1,"minecraft:feather":7,"born_in_chaos_v1:monster_flesh":1,"minecraft:water_bucket":3,"minecraft:jungle_log":80,"minecraft:brown_wool":1,"minecraft:leather":7,"map_atlases:atlas":1,"minecraft:oak_log":22,"supplementaries:flax_seeds":3,"minecraft:gunpowder":2,"minecraft:dirt":11,"minecraft:lantern":1,"born_in_chaos_v1:monster_skin":1,"minecraft:bone":76,"minecraft:bow":1,"minecraft:wheat_seeds":22,"minecraft:stone_pickaxe":3,"minecraft:bamboo":15,"minecraft:oak_planks":16,"minecraft:oak_slab":2,"minecraft:pumpkin":2,"minecraft:sweet_berries":2,"born_in_chaos_v1:ethereal_spirit":2,"minecraft:spyglass":2,"born_in_chaos_v1:dark_rod":2,"minecraft:jungle_planks":10,"quark:oak_chest":1,"minecraft:dark_oak_log":45,"minecraft:spider_eye":5,"improvableskills:skills_book":2,"minecraft:diamond_axe":4,"minecraft:cherry_sapling":4,"quark:hollow_birch_log":5,"minecraft:oak_sapling":2,"minecraft:coal":9,"minecraft:black_wool":1,"minecraft:ender_pearl":1},"minecraft:killed":{"born_in_chaos_v1:zombie_clown":2,"minecraft:cave_spider":2,"born_in_chaos_v1:zombie_lumberjack":1,"born_in_chaos_v1:restless_spirit":2,"born_in_chaos_v1:door_knight_not_despawn":1,"born_in_chaos_v1:pumpkin_spirit":1,"minecraft:spider":3,"born_in_chaos_v1:skeleton_thrasher_not_despawn":1,"born_in_chaos_v1:siamese_skeletonsright":1,"born_in_chaos_v1:scarlet_persecutor":2,"born_in_chaos_v1:maggot":8,"minecraft:skeleton":8,"minecraft:chicken":5,"minecraft:llama":2,"born_in_chaos_v1:skeleton_thrasher":1,"alexsmobs:bison":1,"born_in_chaos_v1:corpse_fish":1,"born_in_chaos_v1:firelight_not_despawn":1,"minecraft:pig":2,"born_in_chaos_v1:baby_skeleton":2,"born_in_chaos_v1:decrepit_skeleton":9,"minecraft:sheep":9,"born_in_chaos_v1:bloody_gadfly":1,"minecraft:zombie":8,"born_in_chaos_v1:dread_hound":1,"born_in_chaos_v1:corpse_fly":8,"born_in_chaos_v1:dark_vortex":1,"alexsmobs:crow":1,"endofherobrine:cow":1,"born_in_chaos_v1:door_knight":1,"minecraft:enderman":1,"minecraft:cow":3},"minecraft:crafted":{"minecraft:golden_carrot":2,"minecraft:oak_planks":48,"minecraft:cooked_chicken":5,"quark:jungle_chest":1,"minecraft:furnace":2,"minecraft:bone_meal":105,"minecraft:cooked_mutton":10,"minecraft:wheat":216,"minecraft:oak_slab":6,"minecraft:cooked_porkchop":2,"minecraft:crafting_table":2,"minecraft:golden_pickaxe":1,"minecraft:cooked_salmon":2,"minecraft:bread":74,"minecraft:air":0,"minecraft:jungle_planks":24,"minecraft:oak_boat":1,"minecraft:stick":4,"quark:oak_chest":4,"minecraft:iron_ingot":6,"minecraft:wooden_axe":1},"minecraft:custom":{"minecraft:mob_kills":92,"minecraft:interact_with_anvil":4,"minecraft:animals_bred":5,"minecraft:interact_with_crafting_table":22,"minecraft:open_barrel":16,"minecraft:damage_dealt_resisted":32,"minecraft:leave_game":3,"minecraft:time_since_death":15362,"minecraft:climb_one_cm":7054,"minecraft:sprint_one_cm":348025,"minecraft:walk_one_cm":558117,"minecraft:drop":31,"minecraft:deaths":3,"minecraft:play_time":198692,"minecraft:sneak_time":6429,"minecraft:walk_under_water_one_cm":19087,"minecraft:boat_one_cm":311833,"minecraft:jump":4002,"minecraft:interact_with_blast_furnace":7,"minecraft:walk_on_water_one_cm":26077,"minecraft:total_world_time":198692,"minecraft:interact_with_furnace":9,"minecraft:interact_with_cartography_table":1,"minecraft:sleep_in_bed":5,"minecraft:time_since_rest":15403,"minecraft:damage_taken":2936,"minecraft:damage_dealt":16247,"minecraft:swim_one_cm":42308,"minecraft:fly_one_cm":645820,"minecraft:player_kills":1,"minecraft:open_chest":160,"minecraft:crouch_one_cm":18868,"minecraft:interact_with_smoker":12,"minecraft:fall_one_cm":129939}},"DataVersion":3465}