{"stats":{"minecraft:used":{"alexsmobs:animal_dictionary":1},"minecraft:mined":{"minecraft:grass":1,"minecraft:jungle_log":2},"minecraft:custom":{"minecraft:jump":9,"minecraft:time_since_rest":8868,"minecraft:crouch_one_cm":59,"minecraft:leave_game":1,"minecraft:sprint_one_cm":13,"minecraft:play_time":8868,"minecraft:time_since_death":8868,"minecraft:walk_one_cm":5337,"minecraft:sneak_time":76,"minecraft:climb_one_cm":2872,"minecraft:total_world_time":8868,"minecraft:fall_one_cm":411},"minecraft:picked_up":{"minecraft:jungle_log":2}},"DataVersion":3465}