{"stats":{"minecraft:mined":{"minecraft:jungle_leaves":18,"minecraft:crafting_table":2,"minecraft:grass":4,"minecraft:oak_log":5,"minecraft:melon":2,"minecraft:vine":2,"minecraft:jungle_log":87,"minecraft:bamboo":3},"minecraft:used":{"minecraft:wooden_axe":40,"minecraft:melon_slice":9,"quark:forgotten_hat":1,"minecraft:diamond_axe":86,"minecraft:rotten_flesh":1,"minecraft:spyglass":30,"minecraft:crafting_table":2,"minecraft:oak_boat":1,"alexsmobs:animal_dictionary":1},"minecraft:killed":{"minecraft:sheep":3,"born_in_chaos_v1:restless_spirit":1,"minecraft:chicken":1,"born_in_chaos_v1:decrepit_skeleton":1,"born_in_chaos_v1:scarlet_persecutor":2},"minecraft:crafted":{"minecraft:oak_boat":1,"minecraft:oak_planks":8,"minecraft:crafting_table":1,"minecraft:stick":4,"minecraft:wooden_axe":1,"minecraft:jungle_planks":12},"minecraft:custom":{"minecraft:time_since_rest":29625,"minecraft:sprint_one_cm":40424,"minecraft:damage_taken":226,"minecraft:walk_one_cm":45692,"minecraft:interact_with_anvil":1,"minecraft:mob_kills":8,"minecraft:damage_dealt":1298,"minecraft:interact_with_crafting_table":3,"minecraft:fly_one_cm":52847,"minecraft:open_chest":21,"minecraft:crouch_one_cm":4489,"minecraft:play_time":29625,"minecraft:sneak_time":2413,"minecraft:walk_under_water_one_cm":265,"minecraft:boat_one_cm":29519,"minecraft:jump":365,"minecraft:damage_dealt_resisted":32,"minecraft:walk_on_water_one_cm":1052,"minecraft:leave_game":1,"minecraft:time_since_death":29625,"minecraft:total_world_time":29625,"minecraft:climb_one_cm":5603,"minecraft:fall_one_cm":12261},"minecraft:picked_up":{"minecraft:iron_chestplate":1,"minecraft:stick":4,"minecraft:crafting_table":2,"minecraft:feather":2,"minecraft:chicken":1,"minecraft:jungle_log":80,"minecraft:brown_wool":1,"minecraft:spyglass":1,"minecraft:oak_log":5,"minecraft:chain":1,"minecraft:gunpowder":2,"minecraft:dark_oak_log":2,"minecraft:arrow":52,"minecraft:rotten_flesh":3,"minecraft:bow":1,"minecraft:wheat_seeds":1,"minecraft:diamond_axe":1,"minecraft:jungle_sapling":4,"minecraft:bamboo":15,"minecraft:melon_slice":11,"minecraft:black_wool":1,"minecraft:mutton":5,"minecraft:white_wool":1,"minecraft:egg":1}},"DataVersion":3465}