{"stats":{"minecraft:dropped":{"minecraft:gunpowder":2,"minecraft:brown_wool":1,"minecraft:chain":1,"minecraft:black_wool":1},"minecraft:used":{"minecraft:stone_pickaxe":30,"quark:jungle_chest":1,"quark:hollow_birch_log":1,"quark:forgotten_hat":1,"minecraft:diamond_axe":141,"minecraft:cooked_salmon":1,"minecraft:rotten_flesh":3,"minecraft:spyglass":30,"minecraft:oak_slab":3,"minecraft:crafting_table":2,"minecraft:jungle_planks":6,"minecraft:carrot":1,"born_in_chaos_v1:holiday_candy":14,"born_in_chaos_v1:corpse_maggot":3,"minecraft:wooden_axe":42,"minecraft:bread":4,"minecraft:melon_slice":11,"minecraft:magma_block":1,"minecraft:cobblestone":5,"alexsmobs:animal_dictionary":1,"minecraft:oak_boat":1},"minecraft:mined":{"minecraft:oak_slab":2,"minecraft:jungle_leaves":18,"minecraft:crafting_table":2,"minecraft:melon":2,"minecraft:jungle_planks":6,"minecraft:jungle_log":87,"minecraft:copper_ore":1,"minecraft:cobblestone":5,"minecraft:sugar_cane":4,"supplementaries:urn":2,"quark:hollow_birch_log":5,"minecraft:magma_block":1,"minecraft:grass":10,"minecraft:oak_log":11,"minecraft:coal_ore":9,"minecraft:vine":3,"minecraft:bamboo":3,"minecraft:stone":11,"minecraft:oak_leaves":6},"minecraft:picked_up":{"minecraft:magma_block":1,"born_in_chaos_v1:corpse_maggot":3,"minecraft:iron_chestplate":1,"minecraft:crafting_table":2,"minecraft:wheat":10,"minecraft:feather":5,"minecraft:chicken":3,"minecraft:jungle_log":80,"minecraft:brown_wool":1,"minecraft:leather":2,"supplementaries:flax_seeds":3,"minecraft:oak_log":11,"minecraft:chain":1,"minecraft:gunpowder":2,"born_in_chaos_v1:holiday_candy":14,"minecraft:raw_copper":2,"minecraft:bone":5,"minecraft:bow":1,"minecraft:wheat_seeds":17,"minecraft:oak_boat":1,"minecraft:jungle_sapling":4,"minecraft:bamboo":15,"minecraft:melon_slice":11,"minecraft:sugar_cane":3,"minecraft:egg":2,"minecraft:oak_slab":2,"minecraft:stick":4,"minecraft:spyglass":1,"minecraft:porkchop":2,"minecraft:jungle_planks":6,"minecraft:dark_oak_log":2,"minecraft:arrow":53,"minecraft:rotten_flesh":3,"improvableskills:skills_book":1,"minecraft:diamond_axe":1,"quark:hollow_birch_log":5,"supplementaries:ash":4,"minecraft:mutton":5,"minecraft:black_wool":1,"minecraft:coal":9,"minecraft:white_wool":1,"minecraft:cobblestone":16,"minecraft:ender_pearl":1},"minecraft:killed":{"minecraft:pig":1,"born_in_chaos_v1:restless_spirit":1,"born_in_chaos_v1:pumpkin_spirit":1,"born_in_chaos_v1:decrepit_skeleton":2,"born_in_chaos_v1:scarlet_persecutor":2,"minecraft:sheep":3,"minecraft:skeleton":2,"minecraft:chicken":3,"born_in_chaos_v1:corpse_fly":8,"minecraft:llama":2,"minecraft:enderman":1},"minecraft:crafted":{"minecraft:golden_carrot":2,"minecraft:oak_slab":6,"minecraft:oak_planks":8,"minecraft:crafting_table":1,"minecraft:cooked_chicken":1,"quark:jungle_chest":1,"minecraft:golden_pickaxe":1,"minecraft:cooked_salmon":2,"minecraft:air":0,"minecraft:cooked_mutton":5,"minecraft:bread":4,"minecraft:jungle_planks":24,"minecraft:oak_boat":1,"minecraft:stick":4,"minecraft:wooden_axe":1},"minecraft:custom":{"minecraft:interact_with_furnace":6,"minecraft:mob_kills":27,"minecraft:interact_with_anvil":3,"minecraft:interact_with_crafting_table":11,"minecraft:interact_with_cartography_table":1,"minecraft:open_barrel":8,"minecraft:damage_dealt_resisted":32,"minecraft:leave_game":2,"minecraft:time_since_death":73023,"minecraft:sleep_in_bed":3,"minecraft:climb_one_cm":6605,"minecraft:time_since_rest":6720,"minecraft:sprint_one_cm":139143,"minecraft:damage_taken":961,"minecraft:walk_one_cm":132738,"minecraft:drop":4,"minecraft:damage_dealt":4105,"minecraft:swim_one_cm":21272,"minecraft:fly_one_cm":240127,"minecraft:open_chest":73,"minecraft:crouch_one_cm":6947,"minecraft:play_time":73023,"minecraft:sneak_time":3217,"minecraft:walk_under_water_one_cm":4103,"minecraft:boat_one_cm":29519,"minecraft:jump":1399,"minecraft:interact_with_blast_furnace":3,"minecraft:walk_on_water_one_cm":13784,"minecraft:interact_with_smoker":1,"minecraft:total_world_time":73023,"minecraft:fall_one_cm":48458}},"DataVersion":3465}