{"stats":{"minecraft:dropped":{"minecraft:diamond_axe":1,"minecraft:oak_log":1,"minecraft:feather":5,"minecraft:stick":4,"minecraft:melon_slice":11,"minecraft:brown_wool":1,"minecraft:cooked_salmon":1,"minecraft:chain":1,"minecraft:pumpkin":2,"minecraft:string":1,"minecraft:raw_copper":2,"born_in_chaos_v1:ethereal_spirit":1,"minecraft:chicken":1,"minecraft:rotten_flesh":3,"improvableskills:skills_book":1,"minecraft:poppy":2,"minecraft:gunpowder":2,"minecraft:iron_chestplate":1,"born_in_chaos_v1:corpse_maggot":1,"minecraft:black_wool":1,"minecraft:egg":1},"minecraft:used":{"quark:jungle_chest":1,"minecraft:creeper_head":2,"minecraft:cooked_salmon":1,"minecraft:cooked_chicken":4,"minecraft:rotten_flesh":3,"minecraft:spyglass":30,"minecraft:jungle_planks":13,"minecraft:carrot":1,"born_in_chaos_v1:corpse_maggot":3,"minecraft:wooden_axe":42,"minecraft:magma_block":1,"minecraft:cooked_mutton":10,"minecraft:water_bucket":4,"minecraft:stone_pickaxe":41,"minecraft:oak_planks":16,"quark:forgotten_hat":1,"quark:hollow_birch_log":1,"minecraft:diamond_axe":309,"born_in_chaos_v1:stimulating_decoction":1,"minecraft:oak_slab":8,"minecraft:crafting_table":2,"born_in_chaos_v1:holiday_candy":14,"minecraft:melon_slice":11,"minecraft:bread":4,"minecraft:cobblestone":17,"minecraft:cooked_porkchop":2,"minecraft:bucket":5,"minecraft:oak_boat":3,"alexsmobs:animal_dictionary":1,"minecraft:golden_pickaxe":1},"minecraft:mined":{"minecraft:dark_oak_leaves":9,"minecraft:candle":6,"minecraft:jungle_leaves":18,"minecraft:dark_oak_log":44,"minecraft:jungle_planks":10,"minecraft:jungle_log":87,"minecraft:spawner":3,"quark:hollow_birch_log":5,"minecraft:magma_block":1,"minecraft:iron_ore":6,"minecraft:pumpkin":9,"minecraft:vine":3,"minecraft:lantern":1,"minecraft:bamboo":3,"minecraft:stone":12,"minecraft:oak_slab":2,"minecraft:crafting_table":3,"minecraft:melon":2,"minecraft:copper_ore":1,"minecraft:cobblestone":5,"minecraft:sugar_cane":4,"supplementaries:urn":2,"minecraft:creeper_head":1,"minecraft:birch_leaves":1,"minecraft:grass":15,"minecraft:oak_log":11,"minecraft:coal_ore":9,"quark:hollow_oak_log":4,"minecraft:oak_leaves":6},"minecraft:picked_up":{"minecraft:crafting_table":3,"minecraft:iron_chestplate":2,"minecraft:wheat":10,"minecraft:chicken":6,"minecraft:creeper_head":2,"quark:hollow_oak_log":4,"minecraft:chain":1,"born_in_chaos_v1:holiday_candy":14,"minecraft:string":4,"minecraft:raw_copper":2,"born_in_chaos_v1:intoxicating_decoction":2,"minecraft:candle":13,"minecraft:bucket":1,"minecraft:beef":3,"minecraft:oak_boat":4,"minecraft:jungle_sapling":4,"minecraft:poppy":2,"born_in_chaos_v1:stimulating_decoction":2,"minecraft:melon_slice":33,"minecraft:sugar_cane":3,"minecraft:egg":2,"minecraft:dark_oak_sapling":2,"minecraft:stick":4,"minecraft:raw_iron":6,"born_in_chaos_v1:phantom_powder":2,"minecraft:porkchop":4,"minecraft:arrow":55,"minecraft:rotten_flesh":7,"supplementaries:ash":4,"minecraft:mutton":10,"minecraft:white_wool":4,"minecraft:cobblestone":17,"born_in_chaos_v1:corpse_maggot":4,"minecraft:magma_block":1,"minecraft:feather":7,"minecraft:jungle_log":80,"minecraft:brown_wool":1,"minecraft:leather":3,"map_atlases:atlas":1,"minecraft:oak_log":12,"supplementaries:flax_seeds":3,"minecraft:gunpowder":2,"minecraft:lantern":1,"minecraft:bone":5,"minecraft:bow":1,"minecraft:wheat_seeds":17,"minecraft:bamboo":15,"minecraft:oak_planks":16,"minecraft:oak_slab":2,"minecraft:pumpkin":2,"minecraft:sweet_berries":2,"born_in_chaos_v1:ethereal_spirit":1,"minecraft:spyglass":2,"minecraft:jungle_planks":10,"minecraft:dark_oak_log":45,"improvableskills:skills_book":2,"minecraft:diamond_axe":2,"quark:hollow_birch_log":5,"minecraft:oak_sapling":1,"minecraft:coal":9,"minecraft:black_wool":1,"minecraft:ender_pearl":1},"minecraft:killed":{"born_in_chaos_v1:zombie_clown":1,"born_in_chaos_v1:zombie_lumberjack":1,"born_in_chaos_v1:restless_spirit":2,"born_in_chaos_v1:door_knight_not_despawn":1,"born_in_chaos_v1:pumpkin_spirit":1,"minecraft:spider":3,"born_in_chaos_v1:siamese_skeletonsright":1,"born_in_chaos_v1:scarlet_persecutor":2,"born_in_chaos_v1:maggot":7,"minecraft:skeleton":7,"minecraft:chicken":5,"minecraft:llama":2,"born_in_chaos_v1:skeleton_thrasher":1,"born_in_chaos_v1:corpse_fish":1,"minecraft:pig":2,"born_in_chaos_v1:decrepit_skeleton":5,"minecraft:sheep":5,"minecraft:zombie":7,"born_in_chaos_v1:corpse_fly":8,"born_in_chaos_v1:door_knight":1,"minecraft:enderman":1,"minecraft:cow":1},"minecraft:crafted":{"minecraft:golden_carrot":2,"minecraft:oak_planks":8,"minecraft:cooked_chicken":5,"quark:jungle_chest":1,"minecraft:cooked_mutton":10,"minecraft:oak_slab":6,"minecraft:cooked_porkchop":2,"minecraft:crafting_table":1,"minecraft:golden_pickaxe":1,"minecraft:cooked_salmon":2,"minecraft:bread":4,"minecraft:air":0,"minecraft:jungle_planks":24,"minecraft:oak_boat":1,"minecraft:stick":4,"minecraft:iron_ingot":6,"minecraft:wooden_axe":1},"minecraft:custom":{"minecraft:mob_kills":66,"minecraft:interact_with_anvil":4,"minecraft:interact_with_crafting_table":13,"minecraft:open_barrel":16,"minecraft:damage_dealt_resisted":32,"minecraft:leave_game":3,"minecraft:time_since_death":150692,"minecraft:climb_one_cm":7042,"minecraft:sprint_one_cm":251337,"minecraft:walk_one_cm":323062,"minecraft:drop":23,"minecraft:play_time":150692,"minecraft:sneak_time":5850,"minecraft:walk_under_water_one_cm":16228,"minecraft:boat_one_cm":216298,"minecraft:jump":2752,"minecraft:interact_with_blast_furnace":7,"minecraft:walk_on_water_one_cm":22133,"minecraft:total_world_time":150692,"minecraft:interact_with_furnace":7,"minecraft:interact_with_cartography_table":1,"minecraft:sleep_in_bed":4,"minecraft:time_since_rest":69667,"minecraft:damage_taken":1722,"minecraft:damage_dealt":11853,"minecraft:swim_one_cm":38583,"minecraft:fly_one_cm":437838,"minecraft:player_kills":1,"minecraft:open_chest":123,"minecraft:crouch_one_cm":16792,"minecraft:interact_with_smoker":12,"minecraft:fall_one_cm":85543}},"DataVersion":3465}