{"stats":{"minecraft:mined":{"minecraft:jungle_leaves":18,"minecraft:crafting_table":2,"minecraft:melon":2,"minecraft:jungle_planks":6,"minecraft:jungle_log":87,"minecraft:cobblestone":5,"minecraft:sugar_cane":4,"quark:hollow_birch_log":5,"minecraft:grass":8,"minecraft:coal_ore":9,"minecraft:oak_log":11,"minecraft:vine":3,"minecraft:bamboo":3,"minecraft:stone":8,"minecraft:oak_leaves":6},"minecraft:used":{"minecraft:stone_pickaxe":22,"quark:hollow_birch_log":1,"quark:forgotten_hat":1,"minecraft:diamond_axe":133,"minecraft:rotten_flesh":3,"minecraft:spyglass":30,"minecraft:crafting_table":2,"minecraft:jungle_planks":6,"born_in_chaos_v1:holiday_candy":14,"born_in_chaos_v1:corpse_maggot":3,"minecraft:wooden_axe":40,"minecraft:melon_slice":11,"minecraft:bread":3,"minecraft:cobblestone":5,"alexsmobs:animal_dictionary":1,"minecraft:oak_boat":1},"minecraft:dropped":{"minecraft:gunpowder":2,"minecraft:brown_wool":1,"minecraft:chain":1,"minecraft:black_wool":1},"minecraft:killed":{"born_in_chaos_v1:restless_spirit":1,"born_in_chaos_v1:pumpkin_spirit":1,"born_in_chaos_v1:scarlet_persecutor":2,"born_in_chaos_v1:decrepit_skeleton":1,"minecraft:sheep":3,"minecraft:skeleton":1,"minecraft:chicken":1,"born_in_chaos_v1:corpse_fly":8,"minecraft:llama":2,"minecraft:enderman":1},"minecraft:crafted":{"minecraft:oak_planks":8,"minecraft:crafting_table":1,"minecraft:golden_pickaxe":1,"minecraft:bread":3,"minecraft:jungle_planks":12,"minecraft:oak_boat":1,"minecraft:stick":4,"minecraft:wooden_axe":1},"minecraft:custom":{"minecraft:mob_kills":22,"minecraft:interact_with_anvil":1,"minecraft:interact_with_crafting_table":6,"minecraft:interact_with_cartography_table":1,"minecraft:open_barrel":4,"minecraft:damage_dealt_resisted":32,"minecraft:leave_game":2,"minecraft:time_since_death":55867,"minecraft:sleep_in_bed":2,"minecraft:climb_one_cm":6605,"minecraft:time_since_rest":6757,"minecraft:sprint_one_cm":103210,"minecraft:damage_taken":891,"minecraft:walk_one_cm":95668,"minecraft:drop":4,"minecraft:damage_dealt":3605,"minecraft:swim_one_cm":10284,"minecraft:fly_one_cm":177154,"minecraft:open_chest":33,"minecraft:crouch_one_cm":6772,"minecraft:play_time":55867,"minecraft:sneak_time":3132,"minecraft:walk_under_water_one_cm":1265,"minecraft:boat_one_cm":29519,"minecraft:jump":1098,"minecraft:walk_on_water_one_cm":3079,"minecraft:total_world_time":55867,"minecraft:fall_one_cm":37520},"minecraft:picked_up":{"born_in_chaos_v1:corpse_maggot":3,"minecraft:crafting_table":2,"minecraft:iron_chestplate":1,"minecraft:wheat":10,"minecraft:feather":2,"minecraft:chicken":1,"minecraft:jungle_log":80,"minecraft:leather":2,"minecraft:brown_wool":1,"minecraft:oak_log":11,"minecraft:chain":1,"minecraft:gunpowder":2,"born_in_chaos_v1:holiday_candy":14,"minecraft:bone":3,"minecraft:bow":1,"minecraft:wheat_seeds":17,"minecraft:oak_boat":1,"minecraft:jungle_sapling":4,"minecraft:bamboo":15,"minecraft:melon_slice":11,"minecraft:sugar_cane":3,"minecraft:egg":1,"minecraft:stick":4,"minecraft:spyglass":1,"minecraft:jungle_planks":6,"minecraft:dark_oak_log":2,"minecraft:arrow":53,"minecraft:rotten_flesh":3,"improvableskills:skills_book":1,"minecraft:diamond_axe":1,"quark:hollow_birch_log":5,"minecraft:black_wool":1,"minecraft:mutton":5,"minecraft:coal":9,"minecraft:white_wool":1,"minecraft:cobblestone":13,"minecraft:ender_pearl":1}},"DataVersion":3465}