{"stats":{"minecraft:dropped":{"minecraft:creeper_head":1,"born_in_chaos_v1:shattered_skull":1,"minecraft:bowl":1,"quark:hollow_jungle_log":1,"minecraft:rotten_flesh":6,"map_atlases:atlas":1,"minecraft:skeleton_skull":1,"minecraft:oak_boat":1,"minecraft:string":1,"minecraft:bucket":1},"minecraft:used":{"minecraft:moss_carpet":1,"minecraft:shield":13,"minecraft:cooked_salmon":1,"minecraft:spyglass":35,"minecraft:crafting_table":2,"minecraft:mushroom_stew":1,"minecraft:jungle_planks":9,"minecraft:carrot":7,"minecraft:white_bed":1,"born_in_chaos_v1:corpse_maggot":2,"minecraft:apple":4,"minecraft:melon_slice":25,"minecraft:bread":2,"alexsmobs:animal_dictionary":2,"minecraft:oak_boat":1,"minecraft:egg":1,"minecraft:potato":8},"minecraft:mined":{"minecraft:white_bed":1,"minecraft:jungle_leaves":6,"minecraft:crafting_table":1,"minecraft:grass_block":7,"minecraft:poppy":1,"minecraft:melon":9,"minecraft:jungle_log":4,"minecraft:tall_grass":1,"quark:hollow_jungle_log":1,"minecraft:moss_carpet":1,"minecraft:grass":31,"minecraft:oak_log":7,"minecraft:vine":1,"minecraft:dirt":1,"minecraft:bamboo":1,"minecraft:oak_leaves":4,"minecraft:fern":6},"minecraft:picked_up":{"born_in_chaos_v1:fused_bone":4,"born_in_chaos_v1:corpse_maggot":2,"minecraft:iron_chestplate":1,"minecraft:crafting_table":1,"minecraft:wheat":2,"minecraft:feather":1,"minecraft:chicken":1,"minecraft:jungle_log":4,"minecraft:oak_log":7,"minecraft:dirt":8,"minecraft:string":2,"minecraft:moss_carpet":1,"minecraft:cooked_salmon":1,"minecraft:bone":14,"minecraft:wheat_seeds":8,"minecraft:bucket":1,"minecraft:iron_ingot":1,"minecraft:oak_boat":4,"minecraft:poppy":1,"minecraft:bamboo":1,"minecraft:melon_slice":55,"minecraft:egg":1,"born_in_chaos_v1:shattered_skull":2,"quark:hollow_jungle_log":1,"minecraft:pumpkin":7,"born_in_chaos_v1:pileof_dark_metal":1,"minecraft:white_bed":1,"minecraft:dark_oak_log":3,"minecraft:arrow":2,"minecraft:rotten_flesh":16,"improvableskills:skills_book":1,"minecraft:oak_sapling":1,"minecraft:mutton":2,"minecraft:skeleton_skull":1,"minecraft:white_wool":1},"minecraft:killed":{"born_in_chaos_v1:baby_skeleton":1,"minecraft:spider":1,"born_in_chaos_v1:siamese_skeletonsright":1,"born_in_chaos_v1:maggot":1,"minecraft:sheep":1,"minecraft:chicken":1,"born_in_chaos_v1:siamese_skeletonsleft":1},"minecraft:killed_by":{"minecraft:player":1},"minecraft:crafted":{"minecraft:oak_planks":28,"minecraft:crafting_table":1,"minecraft:bread":2,"minecraft:jungle_planks":56,"minecraft:oak_boat":1,"minecraft:white_bed":1},"minecraft:custom":{"minecraft:mob_kills":14,"minecraft:interact_with_crafting_table":4,"minecraft:open_barrel":16,"minecraft:damage_dealt_resisted":36,"minecraft:time_since_death":39286,"minecraft:sleep_in_bed":2,"minecraft:climb_one_cm":3236,"minecraft:time_since_rest":5053,"minecraft:sprint_one_cm":219775,"minecraft:walk_one_cm":106055,"minecraft:damage_taken":1603,"minecraft:damage_blocked_by_shield":260,"minecraft:drop":15,"minecraft:damage_dealt":645,"minecraft:swim_one_cm":7784,"minecraft:fly_one_cm":156075,"minecraft:open_chest":43,"minecraft:crouch_one_cm":220,"minecraft:play_time":58500,"minecraft:deaths":2,"minecraft:sneak_time":222,"minecraft:walk_under_water_one_cm":3934,"minecraft:boat_one_cm":139451,"minecraft:jump":1132,"minecraft:walk_on_water_one_cm":6065,"minecraft:total_world_time":58500,"minecraft:interact_with_smoker":3,"minecraft:fall_one_cm":32690}},"DataVersion":3465}