{"stats":{"minecraft:dropped":{"minecraft:water_bucket":2,"minecraft:iron_ingot":9,"born_in_chaos_v1:shattered_skull":3,"minecraft:diamond_axe":2,"minecraft:cobblestone":10,"minecraft:feather":2,"minecraft:jungle_planks":26,"map_atlases:atlas":1,"born_in_chaos_v1:pileof_dark_metal":1,"born_in_chaos_v1:pieceofdarkmetal":4,"minecraft:cobweb":1,"minecraft:torch":40,"minecraft:jungle_sapling":4,"minecraft:string":7,"minecraft:pink_petals":16,"minecraft:bucket":1,"minecraft:dandelion":1,"minecraft:bone":42,"minecraft:creeper_head":1,"minecraft:sugar_cane":6,"minecraft:bowl":2,"minecraft:raw_iron":16,"quark:hollow_jungle_log":1,"minecraft:rotten_flesh":6,"minecraft:oak_planks":3,"minecraft:skeleton_skull":1,"minecraft:jungle_log":1,"minecraft:oak_boat":2,"minecraft:oak_sapling":1,"minecraft:golden_sword":1,"minecraft:spider_eye":3,"minecraft:arrow":11,"minecraft:stone_pickaxe":2},"minecraft:used":{"minecraft:moss_carpet":1,"born_in_chaos_v1:intoxicating_decoction":1,"quark:jungle_chest":2,"minecraft:shield":13,"minecraft:cooked_salmon":1,"minecraft:torch":3,"minecraft:spyglass":41,"minecraft:mutton":6,"minecraft:jungle_planks":17,"minecraft:carrot":9,"born_in_chaos_v1:corpse_maggot":2,"minecraft:jungle_log":1,"minecraft:golden_sword":30,"minecraft:beef":12,"minecraft:egg":1,"minecraft:potato":9,"minecraft:stone_pickaxe":2,"minecraft:diamond_axe":43,"minecraft:crafting_table":4,"minecraft:mushroom_stew":1,"minecraft:white_bed":3,"minecraft:apple":4,"minecraft:dark_oak_log":5,"minecraft:bread":6,"minecraft:melon_slice":33,"minecraft:oak_boat":1,"alexsmobs:animal_dictionary":2},"minecraft:mined":{"minecraft:white_bed":2,"minecraft:jungle_leaves":6,"minecraft:dark_oak_log":3,"minecraft:grass_block":9,"minecraft:jungle_planks":2,"minecraft:jungle_log":6,"quark:jungle_chest":1,"minecraft:spawner":1,"minecraft:moss_carpet":1,"minecraft:vine":1,"minecraft:bamboo":1,"minecraft:dandelion":1,"minecraft:crafting_table":2,"minecraft:poppy":1,"minecraft:melon":9,"minecraft:tall_grass":7,"minecraft:pink_petals":4,"quark:hollow_jungle_log":1,"minecraft:grass":61,"minecraft:oak_log":7,"minecraft:dirt":2,"minecraft:oak_leaves":4,"minecraft:fern":6},"minecraft:picked_up":{"minecraft:crafting_table":3,"minecraft:iron_chestplate":4,"minecraft:wheat":2,"minecraft:chicken":1,"born_in_chaos_v1:seedof_chaos":1,"minecraft:golden_sword":2,"minecraft:moss_carpet":1,"minecraft:string":27,"minecraft:cooked_salmon":1,"minecraft:flint_and_steel":2,"minecraft:iron_leggings":1,"born_in_chaos_v1:intoxicating_decoction":2,"minecraft:bucket":1,"minecraft:beef":17,"minecraft:oak_boat":9,"minecraft:poppy":1,"born_in_chaos_v1:stimulating_decoction":2,"minecraft:melon_slice":55,"minecraft:sugar_cane":9,"minecraft:egg":1,"minecraft:tipped_arrow":1,"minecraft:raw_iron":16,"born_in_chaos_v1:shattered_skull":5,"quark:hollow_jungle_log":1,"minecraft:torch":55,"minecraft:bowl":1,"quark:jungle_chest":1,"born_in_chaos_v1:pileof_dark_metal":2,"minecraft:cherry_log":40,"born_in_chaos_v1:pieceofdarkmetal":4,"minecraft:arrow":34,"minecraft:rotten_flesh":27,"minecraft:gold_ingot":7,"supplementaries:ash":2,"minecraft:mutton":16,"minecraft:skeleton_skull":1,"minecraft:white_wool":9,"minecraft:cobblestone":11,"born_in_chaos_v1:fused_bone":12,"born_in_chaos_v1:corpse_maggot":2,"minecraft:pink_petals":44,"minecraft:feather":3,"minecraft:water_bucket":3,"minecraft:jungle_log":6,"minecraft:leather":18,"minecraft:oak_log":7,"supplementaries:flax_seeds":3,"minecraft:gunpowder":36,"minecraft:dirt":41,"minecraft:bone":95,"minecraft:bow":2,"minecraft:wheat_seeds":39,"minecraft:iron_ingot":28,"minecraft:stone_pickaxe":3,"minecraft:bamboo":1,"minecraft:oak_planks":4,"minecraft:pumpkin":21,"born_in_chaos_v1:ethereal_spirit":1,"minecraft:dandelion":1,"minecraft:spyglass":2,"minecraft:jungle_planks":90,"minecraft:white_bed":2,"minecraft:dark_oak_log":6,"minecraft:spider_eye":9,"improvableskills:skills_book":1,"minecraft:diamond_axe":3,"minecraft:cherry_sapling":3,"quark:hollow_birch_log":8,"minecraft:bread":4,"minecraft:oak_sapling":1,"minecraft:coal":14},"minecraft:killed_by":{"minecraft:player":1},"minecraft:killed":{"minecraft:cave_spider":6,"minecraft:spider":1,"born_in_chaos_v1:siamese_skeletonsright":1,"born_in_chaos_v1:maggot":1,"minecraft:chicken":1,"born_in_chaos_v1:firelight_not_despawn":1,"born_in_chaos_v1:spiritof_chaos":1,"born_in_chaos_v1:baby_skeleton":1,"born_in_chaos_v1:decrepit_skeleton":3,"minecraft:sheep":1,"minecraft:zombie":5,"minecraft:stray":1,"born_in_chaos_v1:siamese_skeletonsleft":1},"minecraft:crafted":{"minecraft:oak_planks":28,"quark:jungle_chest":1,"minecraft:crafting_table":2,"born_in_chaos_v1:bone_heart":1,"minecraft:bread":6,"minecraft:jungle_planks":56,"minecraft:oak_boat":1,"minecraft:iron_chestplate":1,"minecraft:stick":4,"minecraft:white_bed":1,"minecraft:torch":16},"minecraft:custom":{"minecraft:mob_kills":40,"minecraft:interact_with_crafting_table":11,"minecraft:open_barrel":32,"minecraft:bell_ring":13,"minecraft:damage_dealt_resisted":360,"minecraft:time_since_death":2458,"minecraft:climb_one_cm":3236,"minecraft:damage_resisted":20,"minecraft:sprint_one_cm":332654,"minecraft:walk_one_cm":196945,"minecraft:damage_blocked_by_shield":260,"minecraft:drop":56,"minecraft:talked_to_villager":3,"minecraft:play_time":94500,"minecraft:deaths":7,"minecraft:sneak_time":231,"minecraft:walk_under_water_one_cm":3934,"minecraft:boat_one_cm":139451,"minecraft:jump":1873,"minecraft:total_world_time":94500,"minecraft:walk_on_water_one_cm":6065,"minecraft:interact_with_furnace":4,"minecraft:interact_with_loom":1,"minecraft:sleep_in_bed":3,"minecraft:time_since_rest":2480,"minecraft:damage_taken":4322,"minecraft:damage_dealt":3870,"minecraft:fly_one_cm":314187,"minecraft:swim_one_cm":7784,"minecraft:open_chest":74,"minecraft:crouch_one_cm":220,"minecraft:interact_with_smoker":3,"minecraft:fall_one_cm":69712}},"DataVersion":3465}