{"stats":{"minecraft:dropped":{"quark:hollow_jungle_log":1},"minecraft:used":{"minecraft:melon_slice":3,"minecraft:jungle_planks":5,"alexsmobs:animal_dictionary":2},"minecraft:mined":{"quark:hollow_jungle_log":1,"minecraft:jungle_leaves":6,"minecraft:grass":14,"minecraft:oak_log":4,"minecraft:poppy":1,"minecraft:melon":5,"minecraft:vine":1,"minecraft:jungle_log":4,"minecraft:bamboo":1,"minecraft:oak_leaves":1,"minecraft:fern":5},"minecraft:picked_up":{"minecraft:feather":1,"minecraft:chicken":1,"quark:hollow_jungle_log":1,"minecraft:jungle_log":4,"minecraft:oak_log":4,"minecraft:poppy":1,"minecraft:bamboo":1,"minecraft:oak_sapling":1,"minecraft:melon_slice":25,"minecraft:mutton":2,"minecraft:white_wool":1},"minecraft:crafted":{"minecraft:oak_planks":16,"minecraft:jungle_planks":16},"minecraft:killed":{"minecraft:sheep":1,"minecraft:chicken":1},"minecraft:custom":{"minecraft:time_since_rest":4125,"minecraft:sprint_one_cm":38122,"minecraft:damage_taken":280,"minecraft:walk_one_cm":21628,"minecraft:mob_kills":2,"minecraft:drop":1,"minecraft:damage_dealt":197,"minecraft:fly_one_cm":32698,"minecraft:crouch_one_cm":134,"minecraft:play_time":16500,"minecraft:deaths":1,"minecraft:sneak_time":44,"minecraft:boat_one_cm":13151,"minecraft:jump":234,"minecraft:walk_on_water_one_cm":321,"minecraft:time_since_death":4102,"minecraft:climb_one_cm":2551,"minecraft:total_world_time":16500,"minecraft:fall_one_cm":4868}},"DataVersion":3465}