{"stats":{"minecraft:dropped":{"minecraft:creeper_head":1,"minecraft:skeleton_skull":1,"quark:hollow_jungle_log":1,"map_atlases:atlas":1},"minecraft:used":{"minecraft:bread":1,"minecraft:melon_slice":8,"minecraft:spyglass":18,"minecraft:crafting_table":1,"minecraft:jungle_planks":5,"minecraft:oak_boat":1,"alexsmobs:animal_dictionary":2,"minecraft:egg":1},"minecraft:mined":{"quark:hollow_jungle_log":1,"minecraft:jungle_leaves":6,"minecraft:crafting_table":1,"minecraft:grass":14,"minecraft:oak_log":7,"minecraft:poppy":1,"minecraft:melon":9,"minecraft:vine":1,"minecraft:jungle_log":4,"minecraft:bamboo":1,"minecraft:oak_leaves":1,"minecraft:fern":6},"minecraft:picked_up":{"minecraft:crafting_table":1,"minecraft:iron_chestplate":1,"minecraft:wheat":2,"minecraft:feather":1,"minecraft:chicken":1,"quark:hollow_jungle_log":1,"minecraft:jungle_log":4,"minecraft:oak_log":7,"improvableskills:skills_book":1,"minecraft:wheat_seeds":4,"minecraft:oak_boat":2,"minecraft:poppy":1,"minecraft:bamboo":1,"minecraft:oak_sapling":1,"minecraft:melon_slice":44,"minecraft:skeleton_skull":1,"minecraft:mutton":2,"minecraft:white_wool":1,"minecraft:egg":1},"minecraft:killed_by":{"minecraft:player":1},"minecraft:crafted":{"minecraft:oak_boat":1,"minecraft:oak_planks":28,"minecraft:crafting_table":1,"minecraft:bread":2,"minecraft:jungle_planks":16},"minecraft:killed":{"minecraft:sheep":1,"minecraft:chicken":1},"minecraft:custom":{"minecraft:time_since_rest":9310,"minecraft:sprint_one_cm":74656,"minecraft:damage_taken":958,"minecraft:walk_one_cm":43587,"minecraft:mob_kills":2,"minecraft:drop":4,"minecraft:damage_dealt":197,"minecraft:swim_one_cm":1357,"minecraft:interact_with_crafting_table":3,"minecraft:fly_one_cm":55191,"minecraft:open_chest":28,"minecraft:crouch_one_cm":145,"minecraft:play_time":28500,"minecraft:deaths":2,"minecraft:sneak_time":177,"minecraft:walk_under_water_one_cm":2207,"minecraft:boat_one_cm":63561,"minecraft:jump":437,"minecraft:walk_on_water_one_cm":2761,"minecraft:time_since_death":9286,"minecraft:interact_with_smoker":3,"minecraft:climb_one_cm":3015,"minecraft:total_world_time":28500,"minecraft:fall_one_cm":9921}},"DataVersion":3465}