{"stats":{"minecraft:dropped":{"minecraft:iron_ingot":9,"minecraft:creeper_head":1,"minecraft:sugar_cane":6,"born_in_chaos_v1:shattered_skull":1,"minecraft:bowl":2,"quark:hollow_jungle_log":1,"minecraft:feather":2,"minecraft:rotten_flesh":6,"minecraft:oak_planks":3,"minecraft:jungle_planks":26,"born_in_chaos_v1:pieceofdarkmetal":4,"born_in_chaos_v1:pileof_dark_metal":1,"map_atlases:atlas":1,"minecraft:skeleton_skull":1,"minecraft:oak_boat":2,"minecraft:oak_sapling":1,"minecraft:golden_sword":1,"minecraft:jungle_sapling":4,"minecraft:spider_eye":2,"minecraft:pink_petals":16,"minecraft:string":4,"minecraft:bucket":1},"minecraft:used":{"minecraft:moss_carpet":1,"minecraft:stone_pickaxe":1,"quark:jungle_chest":2,"minecraft:shield":13,"minecraft:diamond_axe":33,"minecraft:cooked_salmon":1,"minecraft:torch":2,"minecraft:mutton":6,"minecraft:spyglass":41,"minecraft:crafting_table":4,"minecraft:mushroom_stew":1,"minecraft:jungle_planks":17,"minecraft:carrot":8,"minecraft:white_bed":3,"born_in_chaos_v1:corpse_maggot":2,"minecraft:apple":4,"minecraft:dark_oak_log":5,"minecraft:melon_slice":33,"minecraft:bread":4,"minecraft:golden_sword":30,"minecraft:beef":12,"alexsmobs:animal_dictionary":2,"minecraft:oak_boat":1,"minecraft:egg":1,"minecraft:potato":9},"minecraft:mined":{"minecraft:white_bed":2,"minecraft:dark_oak_log":2,"minecraft:jungle_leaves":6,"minecraft:crafting_table":2,"minecraft:grass_block":9,"minecraft:poppy":1,"minecraft:melon":9,"minecraft:jungle_planks":2,"minecraft:jungle_log":6,"quark:jungle_chest":1,"minecraft:tall_grass":7,"minecraft:spawner":1,"minecraft:pink_petals":4,"quark:hollow_jungle_log":1,"minecraft:moss_carpet":1,"minecraft:grass":61,"minecraft:oak_log":7,"minecraft:vine":1,"minecraft:dirt":2,"minecraft:bamboo":1,"minecraft:oak_leaves":4,"minecraft:fern":6},"minecraft:picked_up":{"born_in_chaos_v1:fused_bone":12,"minecraft:pink_petals":44,"born_in_chaos_v1:corpse_maggot":2,"minecraft:iron_chestplate":4,"minecraft:crafting_table":3,"born_in_chaos_v1:seedof_chaos":1,"minecraft:wheat":2,"minecraft:feather":3,"minecraft:chicken":1,"minecraft:water_bucket":2,"minecraft:jungle_log":5,"minecraft:leather":18,"minecraft:oak_log":7,"supplementaries:flax_seeds":3,"minecraft:golden_sword":2,"minecraft:gunpowder":36,"minecraft:dirt":41,"minecraft:string":16,"minecraft:moss_carpet":1,"minecraft:cooked_salmon":1,"minecraft:flint_and_steel":2,"minecraft:iron_leggings":1,"minecraft:bone":74,"minecraft:bow":2,"minecraft:wheat_seeds":39,"minecraft:stone_pickaxe":2,"minecraft:beef":17,"minecraft:bucket":1,"minecraft:iron_ingot":28,"minecraft:oak_boat":8,"minecraft:poppy":1,"minecraft:bamboo":1,"born_in_chaos_v1:stimulating_decoction":2,"minecraft:melon_slice":55,"minecraft:sugar_cane":9,"minecraft:oak_planks":4,"minecraft:egg":1,"minecraft:tipped_arrow":1,"born_in_chaos_v1:shattered_skull":4,"quark:hollow_jungle_log":1,"minecraft:pumpkin":21,"born_in_chaos_v1:ethereal_spirit":1,"minecraft:torch":28,"minecraft:bowl":1,"minecraft:spyglass":2,"quark:jungle_chest":1,"born_in_chaos_v1:pileof_dark_metal":2,"minecraft:jungle_planks":90,"minecraft:cherry_log":40,"born_in_chaos_v1:pieceofdarkmetal":4,"minecraft:white_bed":2,"minecraft:dark_oak_log":5,"minecraft:spider_eye":5,"minecraft:arrow":23,"minecraft:rotten_flesh":27,"improvableskills:skills_book":1,"minecraft:diamond_axe":2,"supplementaries:ash":2,"quark:hollow_birch_log":8,"minecraft:bread":4,"minecraft:gold_ingot":7,"minecraft:cherry_sapling":3,"minecraft:oak_sapling":1,"minecraft:mutton":16,"minecraft:coal":14,"minecraft:skeleton_skull":1,"minecraft:white_wool":9,"minecraft:cobblestone":1},"minecraft:killed_by":{"minecraft:player":1},"minecraft:crafted":{"minecraft:oak_planks":28,"minecraft:crafting_table":2,"quark:jungle_chest":1,"born_in_chaos_v1:bone_heart":1,"minecraft:bread":6,"minecraft:jungle_planks":56,"minecraft:oak_boat":1,"minecraft:iron_chestplate":1,"minecraft:stick":4,"minecraft:white_bed":1,"minecraft:torch":16},"minecraft:killed":{"born_in_chaos_v1:spiritof_chaos":1,"minecraft:cave_spider":4,"born_in_chaos_v1:baby_skeleton":1,"minecraft:spider":1,"born_in_chaos_v1:siamese_skeletonsright":1,"born_in_chaos_v1:decrepit_skeleton":3,"born_in_chaos_v1:maggot":1,"minecraft:sheep":1,"minecraft:zombie":5,"minecraft:chicken":1,"minecraft:stray":1,"born_in_chaos_v1:firelight_not_despawn":1,"born_in_chaos_v1:siamese_skeletonsleft":1},"minecraft:custom":{"minecraft:mob_kills":33,"minecraft:interact_with_crafting_table":7,"minecraft:open_barrel":23,"minecraft:damage_dealt_resisted":360,"minecraft:time_since_death":9704,"minecraft:sleep_in_bed":3,"minecraft:damage_resisted":20,"minecraft:climb_one_cm":3236,"minecraft:time_since_rest":9731,"minecraft:sprint_one_cm":299184,"minecraft:walk_one_cm":165502,"minecraft:damage_taken":2822,"minecraft:damage_blocked_by_shield":260,"minecraft:drop":34,"minecraft:damage_dealt":3170,"minecraft:swim_one_cm":7784,"minecraft:fly_one_cm":270551,"minecraft:open_chest":53,"minecraft:crouch_one_cm":220,"minecraft:play_time":82500,"minecraft:deaths":4,"minecraft:sneak_time":223,"minecraft:walk_under_water_one_cm":3934,"minecraft:boat_one_cm":139451,"minecraft:jump":1691,"minecraft:walk_on_water_one_cm":6065,"minecraft:total_world_time":82500,"minecraft:interact_with_smoker":3,"minecraft:fall_one_cm":54075}},"DataVersion":3465}