{"stats":{"minecraft:dropped":{"minecraft:creeper_head":1,"born_in_chaos_v1:shattered_skull":1,"minecraft:skeleton_skull":1,"quark:hollow_jungle_log":1,"map_atlases:atlas":1},"minecraft:used":{"minecraft:bread":2,"minecraft:melon_slice":21,"minecraft:shield":13,"minecraft:spyglass":35,"minecraft:crafting_table":1,"minecraft:jungle_planks":5,"minecraft:oak_boat":1,"alexsmobs:animal_dictionary":2,"minecraft:egg":1},"minecraft:mined":{"quark:hollow_jungle_log":1,"minecraft:jungle_leaves":6,"minecraft:crafting_table":1,"minecraft:grass":29,"minecraft:oak_log":7,"minecraft:poppy":1,"minecraft:melon":9,"minecraft:vine":1,"minecraft:jungle_log":4,"minecraft:tall_grass":1,"minecraft:bamboo":1,"minecraft:oak_leaves":2,"minecraft:fern":6},"minecraft:picked_up":{"born_in_chaos_v1:fused_bone":2,"born_in_chaos_v1:shattered_skull":2,"minecraft:crafting_table":1,"minecraft:iron_chestplate":1,"minecraft:wheat":2,"minecraft:feather":1,"minecraft:chicken":1,"quark:hollow_jungle_log":1,"minecraft:pumpkin":7,"minecraft:jungle_log":4,"born_in_chaos_v1:pileof_dark_metal":1,"minecraft:oak_log":7,"minecraft:string":1,"minecraft:arrow":2,"minecraft:bone":10,"minecraft:rotten_flesh":5,"improvableskills:skills_book":1,"minecraft:wheat_seeds":8,"minecraft:iron_ingot":1,"minecraft:oak_boat":2,"minecraft:poppy":1,"minecraft:bamboo":1,"minecraft:oak_sapling":1,"minecraft:melon_slice":44,"minecraft:skeleton_skull":1,"minecraft:mutton":2,"minecraft:white_wool":1,"minecraft:egg":1},"minecraft:killed_by":{"minecraft:player":1},"minecraft:crafted":{"minecraft:oak_boat":1,"minecraft:oak_planks":28,"minecraft:crafting_table":1,"minecraft:bread":2,"minecraft:jungle_planks":16},"minecraft:killed":{"minecraft:sheep":1,"minecraft:chicken":1,"born_in_chaos_v1:baby_skeleton":1,"minecraft:spider":1,"born_in_chaos_v1:siamese_skeletonsleft":1,"born_in_chaos_v1:maggot":1},"minecraft:custom":{"minecraft:damage_blocked_by_shield":260,"minecraft:time_since_rest":21310,"minecraft:sprint_one_cm":134588,"minecraft:damage_taken":1136,"minecraft:walk_one_cm":68990,"minecraft:mob_kills":6,"minecraft:drop":5,"minecraft:damage_dealt":448,"minecraft:swim_one_cm":2813,"minecraft:interact_with_crafting_table":3,"minecraft:fly_one_cm":99242,"minecraft:open_barrel":3,"minecraft:open_chest":35,"minecraft:crouch_one_cm":145,"minecraft:play_time":40500,"minecraft:deaths":2,"minecraft:sneak_time":178,"minecraft:walk_under_water_one_cm":3048,"minecraft:boat_one_cm":130356,"minecraft:damage_dealt_resisted":12,"minecraft:jump":703,"minecraft:walk_on_water_one_cm":5064,"minecraft:time_since_death":21286,"minecraft:interact_with_smoker":3,"minecraft:climb_one_cm":3236,"minecraft:total_world_time":40500,"minecraft:fall_one_cm":16536}},"DataVersion":3465}