{
  "born_in_chaos_v1:bornin_chaos": {
    "criteria": {
      "bornin_chaos_0": "2024-07-02 01:17:33 +0000"
    },
    "done": true
  },
  "travelersbackpack:standard_from_custom": {
    "criteria": {
      "has_the_recipe": "2024-07-02 01:17:33 +0000"
    },
    "done": true
  },
  "minecraft:adventure/adventuring_time": {
    "criteria": {
      "minecraft:bamboo_jungle": "2024-07-02 01:17:34 +0000",
      "minecraft:savanna_plateau": "2024-07-02 02:33:52 +0000",
      "minecraft:sparse_jungle": "2024-07-02 01:36:03 +0000",
      "minecraft:river": "2024-07-02 03:03:25 +0000",
      "minecraft:dripstone_caves": "2024-07-02 02:31:04 +0000",
      "minecraft:forest": "2024-07-02 02:13:30 +0000",
      "minecraft:jungle": "2024-07-02 01:31:38 +0000",
      "minecraft:savanna": "2024-07-02 02:26:28 +0000",
      "minecraft:plains": "2024-07-02 02:27:46 +0000"
    },
    "done": false
  },
  "endofherobrine:story/root": {
    "criteria": {
      "requirement": "2024-07-02 01:18:21 +0000"
    },
    "done": true
  },
  "minecraft:husbandry/tame_an_animal": {
    "criteria": {
      "tamed_animal": "2024-07-02 01:18:38 +0000"
    },
    "done": true
  },
  "minecraft:story/root": {
    "criteria": {
      "crafting_table": "2024-07-02 01:20:04 +0000"
    },
    "done": true
  },
  "minecraft:adventure/root": {
    "criteria": {
      "killed_something": "2024-07-02 01:23:03 +0000"
    },
    "done": true
  },
  "minecraft:husbandry/balanced_diet": {
    "criteria": {
      "cooked_porkchop": "2024-07-02 03:41:21 +0000",
      "cooked_mutton": "2024-07-02 01:23:36 +0000",
      "sweet_berries": "2024-07-02 16:04:55 +0000",
      "cooked_beef": "2024-07-02 17:22:09 +0000",
      "beef": "2024-07-02 03:23:19 +0000",
      "porkchop": "2024-07-02 03:26:27 +0000",
      "tropical_fish": "2024-07-02 03:40:59 +0000",
      "apple": "2024-07-02 04:05:52 +0000",
      "potato": "2024-07-02 15:59:00 +0000",
      "mutton": "2024-07-02 03:26:08 +0000",
      "bread": "2024-07-02 16:49:19 +0000",
      "rotten_flesh": "2024-07-02 02:45:11 +0000",
      "salmon": "2024-07-02 03:03:50 +0000",
      "golden_carrot": "2024-07-02 17:42:20 +0000",
      "cooked_chicken": "2024-07-02 02:56:47 +0000",
      "cooked_salmon": "2024-07-02 16:56:54 +0000"
    },
    "done": false
  },
  "minecraft:husbandry/root": {
    "criteria": {
      "consumed_item": "2024-07-02 01:23:36 +0000"
    },
    "done": true
  },
  "minecraft:adventure/kill_all_mobs": {
    "criteria": {
      "minecraft:skeleton": "2024-07-02 01:24:21 +0000",
      "minecraft:spider": "2024-07-02 03:44:51 +0000",
      "minecraft:zombie": "2024-07-02 01:25:56 +0000",
      "minecraft:drowned": "2024-07-02 01:28:48 +0000"
    },
    "done": false
  },
  "minecraft:adventure/kill_a_mob": {
    "criteria": {
      "minecraft:skeleton": "2024-07-02 01:24:21 +0000"
    },
    "done": true
  },
  "born_in_chaos_v1:exorcism": {
    "criteria": {
      "exorcism_0": "2024-07-02 01:25:21 +0000"
    },
    "done": true
  },
  "born_in_chaos_v1:pieceof_chaos": {
    "criteria": {
      "pieceof_chaos_0": "2024-07-02 01:27:47 +0000"
    },
    "done": true
  },
  "minecraft:story/mine_stone": {
    "criteria": {
      "get_stone": "2024-07-02 01:37:23 +0000"
    },
    "done": true
  },
  "minecraft:story/upgrade_tools": {
    "criteria": {
      "stone_pickaxe": "2024-07-02 01:41:36 +0000"
    },
    "done": true
  },
  "minecraft:story/smelt_iron": {
    "criteria": {
      "iron": "2024-07-02 01:51:16 +0000"
    },
    "done": true
  },
  "born_in_chaos_v1:dark_metallurgy": {
    "criteria": {
      "dark_metallurgy_0": "2024-07-02 02:09:37 +0000"
    },
    "done": true
  },
  "quark:crawl_in_hollow_log": {
    "criteria": {
      "crawl_in_hollow_log": "2024-07-02 02:10:27 +0000"
    },
    "done": true
  },
  "minecraft:adventure/sleep_in_bed": {
    "criteria": {
      "slept_in_bed": "2024-07-02 02:19:46 +0000"
    },
    "done": true
  },
  "minecraft:husbandry/bred_all_animals": {
    "criteria": {
      "minecraft:chicken": "2024-07-02 17:12:21 +0000",
      "minecraft:panda": "2024-07-02 02:21:03 +0000"
    },
    "done": false
  },
  "minecraft:husbandry/breed_an_animal": {
    "criteria": {
      "bred": "2024-07-02 02:21:03 +0000"
    },
    "done": true
  },
  "minecraft:story/iron_tools": {
    "criteria": {
      "iron_pickaxe": "2024-07-02 02:48:57 +0000"
    },
    "done": true
  },
  "minecraft:story/obtain_armor": {
    "criteria": {
      "iron_chestplate": "2024-07-02 02:58:01 +0000"
    },
    "done": true
  },
  "minecraft:story/deflect_arrow": {
    "criteria": {
      "deflected_projectile": "2024-07-02 02:58:51 +0000"
    },
    "done": true
  },
  "minecraft:adventure/shoot_arrow": {
    "criteria": {
      "shot_arrow": "2024-07-02 03:20:08 +0000"
    },
    "done": true
  },
  "endofherobrine:story/exorcist": {
    "criteria": {
      "endofherobrine:pig": "2024-07-02 03:57:07 +0000",
      "endofherobrine:sheep": "2024-07-02 03:21:21 +0000",
      "endofherobrine:cow": "2024-07-02 03:20:15 +0000"
    },
    "done": false
  },
  "born_in_chaos_v1:fighting_nightmares": {
    "criteria": {
      "fighting_nightmares_0": "2024-07-02 03:24:31 +0000"
    },
    "done": true
  },
  "born_in_chaos_v1:bypassingthe_expiration_date": {
    "criteria": {
      "bypassingthe_expiration_date_0": "2024-07-02 03:53:18 +0000"
    },
    "done": true
  },
  "minecraft:husbandry/plant_seed": {
    "criteria": {
      "pumpkin_stem": "2024-07-02 03:54:07 +0000"
    },
    "done": true
  },
  "minecraft:story/form_obsidian": {
    "criteria": {
      "obsidian": "2024-07-02 17:07:06 +0000"
    },
    "done": true
  },
  "born_in_chaos_v1:scarecrow": {
    "criteria": {
      "scarecrow_0": "2024-07-02 17:38:11 +0000"
    },
    "done": true
  },
  "minecraft:story/mine_diamond": {
    "criteria": {
      "diamond": "2024-07-02 18:58:09 +0000"
    },
    "done": true
  },
  "DataVersion": 3465
}