{
  "born_in_chaos_v1:bornin_chaos": {
    "criteria": {
      "bornin_chaos_0": "2024-07-02 01:17:33 +0000"
    },
    "done": true
  },
  "travelersbackpack:standard_from_custom": {
    "criteria": {
      "has_the_recipe": "2024-07-02 01:17:33 +0000"
    },
    "done": true
  },
  "minecraft:adventure/adventuring_time": {
    "criteria": {
      "quark:glimmering_weald": "2024-07-04 02:11:48 +0000",
      "minecraft:bamboo_jungle": "2024-07-02 01:17:34 +0000",
      "minecraft:savanna_plateau": "2024-07-02 02:33:52 +0000",
      "minecraft:sparse_jungle": "2024-07-02 01:36:03 +0000",
      "minecraft:river": "2024-07-02 03:03:25 +0000",
      "minecraft:dripstone_caves": "2024-07-02 02:31:04 +0000",
      "minecraft:grove": "2024-07-04 05:10:15 +0000",
      "minecraft:forest": "2024-07-02 02:13:30 +0000",
      "minecraft:lush_caves": "2024-07-04 02:36:42 +0000",
      "minecraft:jungle": "2024-07-02 01:31:38 +0000",
      "minecraft:deep_dark": "2024-07-04 02:37:25 +0000",
      "minecraft:savanna": "2024-07-02 02:26:28 +0000",
      "minecraft:plains": "2024-07-02 02:27:46 +0000"
    },
    "done": false
  },
  "endofherobrine:story/root": {
    "criteria": {
      "requirement": "2024-07-02 01:18:21 +0000"
    },
    "done": true
  },
  "minecraft:husbandry/tame_an_animal": {
    "criteria": {
      "tamed_animal": "2024-07-02 01:18:38 +0000"
    },
    "done": true
  },
  "minecraft:story/root": {
    "criteria": {
      "crafting_table": "2024-07-02 01:20:04 +0000"
    },
    "done": true
  },
  "minecraft:adventure/root": {
    "criteria": {
      "killed_something": "2024-07-02 01:23:03 +0000"
    },
    "done": true
  },
  "minecraft:husbandry/balanced_diet": {
    "criteria": {
      "cooked_porkchop": "2024-07-02 03:41:21 +0000",
      "cooked_mutton": "2024-07-02 01:23:36 +0000",
      "sweet_berries": "2024-07-02 16:04:55 +0000",
      "cooked_beef": "2024-07-02 17:22:09 +0000",
      "beef": "2024-07-02 03:23:19 +0000",
      "porkchop": "2024-07-02 03:26:27 +0000",
      "tropical_fish": "2024-07-02 03:40:59 +0000",
      "apple": "2024-07-02 04:05:52 +0000",
      "potato": "2024-07-02 15:59:00 +0000",
      "mutton": "2024-07-02 03:26:08 +0000",
      "bread": "2024-07-02 16:49:19 +0000",
      "rotten_flesh": "2024-07-02 02:45:11 +0000",
      "salmon": "2024-07-02 03:03:50 +0000",
      "melon_slice": "2024-07-02 22:26:44 +0000",
      "golden_carrot": "2024-07-02 17:42:20 +0000",
      "cooked_chicken": "2024-07-02 02:56:47 +0000",
      "cod": "2024-07-02 21:06:29 +0000",
      "cooked_salmon": "2024-07-02 16:56:54 +0000",
      "carrot": "2024-07-02 22:54:51 +0000"
    },
    "done": false
  },
  "minecraft:husbandry/root": {
    "criteria": {
      "consumed_item": "2024-07-02 01:23:36 +0000"
    },
    "done": true
  },
  "minecraft:adventure/kill_all_mobs": {
    "criteria": {
      "minecraft:skeleton": "2024-07-02 01:24:21 +0000",
      "minecraft:spider": "2024-07-02 03:44:51 +0000",
      "minecraft:creeper": "2024-07-02 19:05:37 +0000",
      "quark:forgotten": "2024-07-02 23:18:04 +0000",
      "minecraft:phantom": "2024-07-02 21:01:43 +0000",
      "minecraft:witch": "2024-07-02 19:07:07 +0000",
      "minecraft:cave_spider": "2024-07-02 20:39:11 +0000",
      "minecraft:enderman": "2024-07-02 21:16:39 +0000",
      "minecraft:stray": "2024-07-02 22:32:59 +0000",
      "minecraft:silverfish": "2024-07-03 03:13:15 +0000",
      "minecraft:zombie": "2024-07-02 01:25:56 +0000",
      "quark:foxhound": "2024-07-02 23:39:49 +0000",
      "minecraft:drowned": "2024-07-02 01:28:48 +0000",
      "minecraft:zombie_villager": "2024-07-02 23:28:10 +0000"
    },
    "done": false
  },
  "minecraft:adventure/kill_a_mob": {
    "criteria": {
      "minecraft:skeleton": "2024-07-02 01:24:21 +0000"
    },
    "done": true
  },
  "born_in_chaos_v1:exorcism": {
    "criteria": {
      "exorcism_0": "2024-07-02 01:25:21 +0000"
    },
    "done": true
  },
  "born_in_chaos_v1:pieceof_chaos": {
    "criteria": {
      "pieceof_chaos_0": "2024-07-02 01:27:47 +0000"
    },
    "done": true
  },
  "minecraft:story/mine_stone": {
    "criteria": {
      "get_stone": "2024-07-02 01:37:23 +0000"
    },
    "done": true
  },
  "minecraft:story/upgrade_tools": {
    "criteria": {
      "stone_pickaxe": "2024-07-02 01:41:36 +0000"
    },
    "done": true
  },
  "minecraft:story/smelt_iron": {
    "criteria": {
      "iron": "2024-07-02 01:51:16 +0000"
    },
    "done": true
  },
  "born_in_chaos_v1:dark_metallurgy": {
    "criteria": {
      "dark_metallurgy_0": "2024-07-02 02:09:37 +0000"
    },
    "done": true
  },
  "quark:crawl_in_hollow_log": {
    "criteria": {
      "crawl_in_hollow_log": "2024-07-02 02:10:27 +0000"
    },
    "done": true
  },
  "minecraft:adventure/sleep_in_bed": {
    "criteria": {
      "slept_in_bed": "2024-07-02 02:19:46 +0000"
    },
    "done": true
  },
  "minecraft:husbandry/bred_all_animals": {
    "criteria": {
      "minecraft:chicken": "2024-07-02 17:12:21 +0000",
      "minecraft:panda": "2024-07-02 02:21:03 +0000"
    },
    "done": false
  },
  "minecraft:husbandry/breed_an_animal": {
    "criteria": {
      "bred": "2024-07-02 02:21:03 +0000"
    },
    "done": true
  },
  "minecraft:story/iron_tools": {
    "criteria": {
      "iron_pickaxe": "2024-07-02 02:48:57 +0000"
    },
    "done": true
  },
  "minecraft:story/obtain_armor": {
    "criteria": {
      "iron_chestplate": "2024-07-02 02:58:01 +0000"
    },
    "done": true
  },
  "minecraft:story/deflect_arrow": {
    "criteria": {
      "deflected_projectile": "2024-07-02 02:58:51 +0000"
    },
    "done": true
  },
  "minecraft:adventure/shoot_arrow": {
    "criteria": {
      "shot_arrow": "2024-07-02 03:20:08 +0000"
    },
    "done": true
  },
  "endofherobrine:story/exorcist": {
    "criteria": {
      "endofherobrine:chicken": "2024-07-04 03:11:07 +0000",
      "endofherobrine:silverfish": "2024-07-04 03:03:31 +0000",
      "endofherobrine:pig": "2024-07-02 03:57:07 +0000",
      "endofherobrine:sheep": "2024-07-02 03:21:21 +0000",
      "endofherobrine:cow": "2024-07-02 03:20:15 +0000"
    },
    "done": false
  },
  "born_in_chaos_v1:fighting_nightmares": {
    "criteria": {
      "fighting_nightmares_0": "2024-07-02 03:24:31 +0000"
    },
    "done": true
  },
  "born_in_chaos_v1:bypassingthe_expiration_date": {
    "criteria": {
      "bypassingthe_expiration_date_0": "2024-07-02 03:53:18 +0000"
    },
    "done": true
  },
  "minecraft:husbandry/plant_seed": {
    "criteria": {
      "pumpkin_stem": "2024-07-02 03:54:07 +0000"
    },
    "done": true
  },
  "minecraft:story/form_obsidian": {
    "criteria": {
      "obsidian": "2024-07-02 17:07:06 +0000"
    },
    "done": true
  },
  "born_in_chaos_v1:scarecrow": {
    "criteria": {
      "scarecrow_0": "2024-07-02 17:38:11 +0000"
    },
    "done": true
  },
  "minecraft:story/mine_diamond": {
    "criteria": {
      "diamond": "2024-07-02 18:58:09 +0000"
    },
    "done": true
  },
  "born_in_chaos_v1:deceived_hopes": {
    "criteria": {
      "deceived_hopes_0": "2024-07-02 19:00:48 +0000"
    },
    "done": true
  },
  "born_in_chaos_v1:the_wind_darkening": {
    "criteria": {
      "the_wind_darkening_0": "2024-07-02 19:17:08 +0000"
    },
    "done": true
  },
  "born_in_chaos_v1:dark_forging": {
    "criteria": {
      "dark_forging_0": "2024-07-02 19:35:05 +0000"
    },
    "done": true
  },
  "born_in_chaos_v1:double_trouble": {
    "criteria": {
      "double_trouble_0": "2024-07-02 19:37:55 +0000"
    },
    "done": true
  },
  "born_in_chaos_v1:junior_summoner": {
    "criteria": {
      "junior_summoner_0": "2024-07-02 19:51:27 +0000"
    },
    "done": true
  },
  "alexsmobs:alexsmobs/banana": {
    "criteria": {
      "banana": "2024-07-02 19:55:57 +0000"
    },
    "done": true
  },
  "minecraft:husbandry/fishy_business": {
    "criteria": {
      "salmon": "2024-07-02 20:51:11 +0000"
    },
    "done": true
  },
  "born_in_chaos_v1:food_fight": {
    "criteria": {
      "food_fight_0": "2024-07-02 21:01:32 +0000"
    },
    "done": true
  },
  "born_in_chaos_v1:horror_underthe_mantle": {
    "criteria": {
      "horror_underthe_mantle_0": "2024-07-02 21:22:56 +0000"
    },
    "done": true
  },
  "born_in_chaos_v1:unitywith_darknessachievement": {
    "criteria": {
      "unitywith_darknessachievement_0": "2024-07-02 21:26:16 +0000"
    },
    "done": true
  },
  "born_in_chaos_v1:guidetothenextworld": {
    "criteria": {
      "guidetothenextworld_0": "2024-07-02 22:15:11 +0000"
    },
    "done": true
  },
  "born_in_chaos_v1:compact_necromancy": {
    "criteria": {
      "compact_necromancy_0": "2024-07-02 22:17:01 +0000"
    },
    "done": true
  },
  "supplementaries:adventure/way_sign": {
    "criteria": {
      "bastion": "2024-07-02 22:25:49 +0000"
    },
    "done": true
  },
  "born_in_chaos_v1:dark_blacksmith": {
    "criteria": {
      "dark_blacksmith_0": "2024-07-02 23:05:29 +0000"
    },
    "done": true
  },
  "born_in_chaos_v1:squireofthe_dark_lord": {
    "criteria": {
      "squireofthe_dark_lord_6": "2024-07-03 00:36:50 +0000",
      "squireofthe_dark_lord_0": "2024-07-02 23:05:30 +0000"
    },
    "done": false
  },
  "quark:get_forgotten_hat": {
    "criteria": {
      "get_forgotten_hat": "2024-07-02 23:18:21 +0000"
    },
    "done": true
  },
  "born_in_chaos_v1:dark_creator": {
    "criteria": {
      "dark_creator_0": "2024-07-02 23:29:24 +0000"
    },
    "done": true
  },
  "born_in_chaos_v1:charm_collector": {
    "criteria": {
      "charm_collector_0": "2024-07-02 23:29:24 +0000",
      "charm_collector_2": "2024-07-02 23:29:24 +0000"
    },
    "done": false
  },
  "minecraft:nether/root": {
    "criteria": {
      "entered_nether": "2024-07-02 23:38:25 +0000"
    },
    "done": true
  },
  "minecraft:story/enter_the_nether": {
    "criteria": {
      "entered_nether": "2024-07-02 23:38:25 +0000"
    },
    "done": true
  },
  "minecraft:nether/explore_nether": {
    "criteria": {
      "minecraft:crimson_forest": "2024-07-02 23:38:26 +0000",
      "minecraft:nether_wastes": "2024-07-02 23:38:28 +0000",
      "minecraft:warped_forest": "2024-07-02 23:38:39 +0000"
    },
    "done": false
  },
  "born_in_chaos_v1:lifeturnedouttobeacomedy": {
    "criteria": {
      "lifeturnedouttobeacomedy_0": "2024-07-02 23:48:10 +0000"
    },
    "done": true
  },
  "born_in_chaos_v1:good_demoman": {
    "criteria": {
      "good_demoman_0": "2024-07-03 00:11:53 +0000"
    },
    "done": true
  },
  "alexsmobs:alexsmobs/root": {
    "criteria": {
      "useitem": "2024-07-03 00:14:29 +0000"
    },
    "done": true
  },
  "minecraft:adventure/avoid_vibration": {
    "criteria": {
      "avoid_vibration": "2024-07-04 05:05:41 +0000"
    },
    "done": true
  },
  "DataVersion": 3465
}