{
  "travelersbackpack:standard_from_custom": {
    "criteria": {
      "has_the_recipe": "2024-07-02 18:57:14 +0000"
    },
    "done": true
  },
  "born_in_chaos_v1:bornin_chaos": {
    "criteria": {
      "bornin_chaos_0": "2024-07-02 18:57:15 +0000"
    },
    "done": true
  },
  "minecraft:adventure/adventuring_time": {
    "criteria": {
      "minecraft:bamboo_jungle": "2024-07-02 18:57:15 +0000",
      "minecraft:savanna_plateau": "2024-07-02 21:53:19 +0000",
      "minecraft:sparse_jungle": "2024-07-04 16:42:27 +0000",
      "minecraft:river": "2024-07-02 19:08:45 +0000",
      "minecraft:dripstone_caves": "2024-07-02 19:54:32 +0000",
      "minecraft:forest": "2024-07-02 21:14:12 +0000",
      "minecraft:lush_caves": "2024-07-02 19:09:05 +0000",
      "minecraft:jungle": "2024-07-02 19:09:57 +0000",
      "minecraft:old_growth_birch_forest": "2024-07-04 16:48:06 +0000",
      "minecraft:savanna": "2024-07-02 19:27:01 +0000",
      "minecraft:plains": "2024-07-02 19:27:33 +0000"
    },
    "done": false
  },
  "minecraft:husbandry/root": {
    "criteria": {
      "consumed_item": "2024-07-02 18:58:14 +0000"
    },
    "done": true
  },
  "alexsmobs:alexsmobs/root": {
    "criteria": {
      "useitem": "2024-07-02 18:58:14 +0000"
    },
    "done": true
  },
  "endofherobrine:story/root": {
    "criteria": {
      "requirement": "2024-07-02 18:59:23 +0000"
    },
    "done": true
  },
  "minecraft:story/root": {
    "criteria": {
      "crafting_table": "2024-07-02 19:00:51 +0000"
    },
    "done": true
  },
  "alexsmobs:alexsmobs/banana": {
    "criteria": {
      "banana": "2024-07-02 19:05:29 +0000"
    },
    "done": true
  },
  "minecraft:story/mine_stone": {
    "criteria": {
      "get_stone": "2024-07-02 19:07:09 +0000"
    },
    "done": true
  },
  "minecraft:adventure/root": {
    "criteria": {
      "killed_something": "2024-07-02 19:09:41 +0000"
    },
    "done": true
  },
  "minecraft:story/upgrade_tools": {
    "criteria": {
      "stone_pickaxe": "2024-07-02 19:12:14 +0000"
    },
    "done": true
  },
  "minecraft:adventure/kill_all_mobs": {
    "criteria": {
      "minecraft:pillager": "2024-07-04 04:20:12 +0000",
      "minecraft:skeleton": "2024-07-02 19:49:52 +0000",
      "minecraft:spider": "2024-07-02 20:06:06 +0000",
      "minecraft:creeper": "2024-07-04 04:22:13 +0000",
      "minecraft:slime": "2024-07-02 20:24:25 +0000",
      "minecraft:cave_spider": "2024-07-04 04:26:07 +0000",
      "minecraft:stray": "2024-07-02 22:42:53 +0000",
      "minecraft:zombie": "2024-07-02 19:35:00 +0000",
      "minecraft:zombie_villager": "2024-07-04 04:28:46 +0000"
    },
    "done": false
  },
  "minecraft:adventure/kill_a_mob": {
    "criteria": {
      "minecraft:zombie": "2024-07-02 19:35:00 +0000"
    },
    "done": true
  },
  "minecraft:story/smelt_iron": {
    "criteria": {
      "iron": "2024-07-02 19:36:52 +0000"
    },
    "done": true
  },
  "minecraft:story/deflect_arrow": {
    "criteria": {
      "deflected_projectile": "2024-07-02 19:49:47 +0000"
    },
    "done": true
  },
  "minecraft:husbandry/balanced_diet": {
    "criteria": {
      "cooked_mutton": "2024-07-02 22:48:34 +0000",
      "cooked_beef": "2024-07-02 22:19:36 +0000",
      "porkchop": "2024-07-04 16:53:28 +0000",
      "tropical_fish": "2024-07-02 19:51:15 +0000",
      "potato": "2024-07-04 16:55:35 +0000",
      "cooked_cod": "2024-07-02 21:14:03 +0000",
      "mutton": "2024-07-04 17:03:05 +0000",
      "bread": "2024-07-04 03:48:02 +0000",
      "rotten_flesh": "2024-07-02 20:01:49 +0000",
      "melon_slice": "2024-07-04 16:52:07 +0000",
      "cod": "2024-07-04 16:39:45 +0000",
      "cooked_salmon": "2024-07-02 20:58:13 +0000",
      "carrot": "2024-07-02 19:51:21 +0000"
    },
    "done": false
  },
  "minecraft:husbandry/plant_seed": {
    "criteria": {
      "wheat": "2024-07-02 19:57:14 +0000"
    },
    "done": true
  },
  "minecraft:story/obtain_armor": {
    "criteria": {
      "iron_leggings": "2024-07-02 19:57:42 +0000"
    },
    "done": true
  },
  "minecraft:adventure/shoot_arrow": {
    "criteria": {
      "shot_arrow": "2024-07-02 20:09:01 +0000"
    },
    "done": true
  },
  "minecraft:husbandry/fishy_business": {
    "criteria": {
      "cod": "2024-07-02 20:51:14 +0000"
    },
    "done": true
  },
  "born_in_chaos_v1:double_trouble": {
    "criteria": {
      "double_trouble_0": "2024-07-02 21:25:40 +0000"
    },
    "done": true
  },
  "minecraft:story/iron_tools": {
    "criteria": {
      "iron_pickaxe": "2024-07-02 21:52:39 +0000"
    },
    "done": true
  },
  "born_in_chaos_v1:lifeturnedouttobeacomedy": {
    "criteria": {
      "lifeturnedouttobeacomedy_0": "2024-07-02 21:57:15 +0000"
    },
    "done": true
  },
  "minecraft:adventure/sleep_in_bed": {
    "criteria": {
      "slept_in_bed": "2024-07-02 22:15:03 +0000"
    },
    "done": true
  },
  "minecraft:story/form_obsidian": {
    "criteria": {
      "obsidian": "2024-07-02 22:35:28 +0000"
    },
    "done": true
  },
  "minecraft:story/mine_diamond": {
    "criteria": {
      "diamond": "2024-07-02 22:35:38 +0000"
    },
    "done": true
  },
  "born_in_chaos_v1:pieceof_chaos": {
    "criteria": {
      "pieceof_chaos_0": "2024-07-02 22:37:02 +0000"
    },
    "done": true
  },
  "endofherobrine:story/exorcist": {
    "criteria": {
      "endofherobrine:sheep": "2024-07-04 17:17:26 +0000",
      "endofherobrine:cow": "2024-07-04 03:40:27 +0000"
    },
    "done": false
  },
  "born_in_chaos_v1:bypassingthe_expiration_date": {
    "criteria": {
      "bypassingthe_expiration_date_0": "2024-07-04 04:15:19 +0000"
    },
    "done": true
  },
  "born_in_chaos_v1:charm_collector": {
    "criteria": {
      "charm_collector_1": "2024-07-04 17:17:02 +0000",
      "charm_collector_3": "2024-07-04 16:59:29 +0000"
    },
    "done": false
  },
  "minecraft:adventure/trade": {
    "criteria": {
      "traded": "2024-07-04 18:08:11 +0000"
    },
    "done": true
  },
  "minecraft:husbandry/tame_an_animal": {
    "criteria": {
      "tamed_animal": "2024-07-04 17:11:34 +0000"
    },
    "done": true
  },
  "quark:crawl_in_hollow_log": {
    "criteria": {
      "crawl_in_hollow_log": "2024-07-04 16:31:33 +0000"
    },
    "done": true
  },
  "DataVersion": 3465
}