{
  "minecraft:husbandry/balanced_diet": {
    "criteria": {
      "melon_slice": "2024-07-03 19:02:57 +0000"
    },
    "done": false
  },
  "endofherobrine:story/root": {
    "criteria": {
      "requirement": "2024-07-03 18:55:46 +0000"
    },
    "done": true
  },
  "minecraft:husbandry/root": {
    "criteria": {
      "consumed_item": "2024-07-03 18:59:07 +0000"
    },
    "done": true
  },
  "minecraft:adventure/root": {
    "criteria": {
      "killed_something": "2024-07-03 19:03:06 +0000"
    },
    "done": true
  },
  "born_in_chaos_v1:bornin_chaos": {
    "criteria": {
      "bornin_chaos_0": "2024-07-03 18:50:27 +0000"
    },
    "done": true
  },
  "alexsmobs:alexsmobs/root": {
    "criteria": {
      "useitem": "2024-07-03 18:59:07 +0000"
    },
    "done": true
  },
  "travelersbackpack:standard_from_custom": {
    "criteria": {
      "has_the_recipe": "2024-07-03 18:50:27 +0000"
    },
    "done": true
  },
  "minecraft:adventure/adventuring_time": {
    "criteria": {
      "minecraft:bamboo_jungle": "2024-07-03 18:50:28 +0000",
      "minecraft:sparse_jungle": "2024-07-03 19:02:26 +0000",
      "minecraft:river": "2024-07-03 19:03:52 +0000",
      "minecraft:forest": "2024-07-03 19:03:24 +0000",
      "minecraft:jungle": "2024-07-03 19:02:02 +0000"
    },
    "done": false
  },
  "DataVersion": 3465
}