{
  "minecraft:husbandry/balanced_diet": {
    "criteria": {
      "apple": "2024-07-03 19:27:30 +0000",
      "potato": "2024-07-03 19:38:07 +0000",
      "bread": "2024-07-03 19:11:06 +0000",
      "melon_slice": "2024-07-03 19:02:57 +0000",
      "mushroom_stew": "2024-07-03 19:29:25 +0000",
      "cooked_salmon": "2024-07-03 19:36:06 +0000",
      "carrot": "2024-07-03 19:30:35 +0000"
    },
    "done": false
  },
  "endofherobrine:story/root": {
    "criteria": {
      "requirement": "2024-07-03 18:55:46 +0000"
    },
    "done": true
  },
  "minecraft:story/obtain_armor": {
    "criteria": {
      "iron_chestplate": "2024-07-03 19:05:17 +0000"
    },
    "done": true
  },
  "minecraft:adventure/sleep_in_bed": {
    "criteria": {
      "slept_in_bed": "2024-07-03 19:34:22 +0000"
    },
    "done": true
  },
  "minecraft:husbandry/root": {
    "criteria": {
      "consumed_item": "2024-07-03 18:59:07 +0000"
    },
    "done": true
  },
  "minecraft:adventure/root": {
    "criteria": {
      "killed_something": "2024-07-03 19:03:06 +0000"
    },
    "done": true
  },
  "born_in_chaos_v1:bornin_chaos": {
    "criteria": {
      "bornin_chaos_0": "2024-07-03 18:50:27 +0000"
    },
    "done": true
  },
  "minecraft:adventure/kill_all_mobs": {
    "criteria": {
      "minecraft:spider": "2024-07-03 19:14:51 +0000",
      "minecraft:zombie": "2024-07-03 19:33:02 +0000"
    },
    "done": false
  },
  "alexsmobs:alexsmobs/root": {
    "criteria": {
      "useitem": "2024-07-03 18:59:07 +0000"
    },
    "done": true
  },
  "travelersbackpack:standard_from_custom": {
    "criteria": {
      "has_the_recipe": "2024-07-03 18:50:27 +0000"
    },
    "done": true
  },
  "minecraft:husbandry/tame_an_animal": {
    "criteria": {
      "tamed_animal": "2024-07-03 19:25:11 +0000"
    },
    "done": true
  },
  "minecraft:story/root": {
    "criteria": {
      "crafting_table": "2024-07-03 19:08:38 +0000"
    },
    "done": true
  },
  "minecraft:adventure/kill_a_mob": {
    "criteria": {
      "minecraft:spider": "2024-07-03 19:14:51 +0000"
    },
    "done": true
  },
  "minecraft:adventure/adventuring_time": {
    "criteria": {
      "minecraft:birch_forest": "2024-07-03 19:29:33 +0000",
      "minecraft:bamboo_jungle": "2024-07-03 18:50:28 +0000",
      "minecraft:savanna_plateau": "2024-07-03 19:17:53 +0000",
      "minecraft:dark_forest": "2024-07-03 19:30:07 +0000",
      "minecraft:sparse_jungle": "2024-07-03 19:02:26 +0000",
      "minecraft:river": "2024-07-03 19:03:52 +0000",
      "minecraft:forest": "2024-07-03 19:03:24 +0000",
      "minecraft:jungle": "2024-07-03 19:02:02 +0000",
      "minecraft:old_growth_birch_forest": "2024-07-03 19:29:10 +0000",
      "minecraft:meadow": "2024-07-03 19:31:56 +0000",
      "minecraft:savanna": "2024-07-03 19:04:21 +0000",
      "minecraft:plains": "2024-07-03 19:04:16 +0000"
    },
    "done": false
  },
  "minecraft:story/smelt_iron": {
    "criteria": {
      "iron": "2024-07-03 19:14:45 +0000"
    },
    "done": true
  },
  "DataVersion": 3465
}